Date,Open,High,Low,Close,Adj Close,Volume,reward
2013/11/28,51.25,51.25,51.25,51.25,51.25,41000.0,0.3333333333333333
2013/12/2,55.1,55.1,55.1,55.1,55.1,16530.0,0.16666666666666666
2013/12/5,50.2,50.2,50.2,50.2,50.2,5020.0,0.6666666666666666
2013/12/6,50.0,50.0,50.0,50.0,50.0,5000.0,0.8333333333333334
2013/12/11,50.5,50.5,50.5,50.5,50.5,5050.0,0.6666666666666666
2013/12/17,51.0,51.0,51.0,51.0,51.0,5100.0,0.3333333333333333
2013/12/19,55.0,55.0,55.0,55.0,55.0,5500.0,0.16666666666666666
2013/12/24,50.0,50.0,50.0,50.0,50.0,50000.0,0.8333333333333334
2014/1/7,50.0,50.0,50.0,50.0,50.0,25000.0,0.9166666666666666
2014/1/8,50.75,50.75,50.75,50.75,50.75,20300.0,0.5
2014/1/9,50.65,50.65,50.65,50.65,50.65,10130.0,0.5
2014/1/10,50.8,50.8,50.8,50.8,50.8,5080.0,0.3333333333333333
2014/1/13,50.0,50.0,50.0,50.0,50.0,25000.0,0.9166666666666666
2014/1/14,53.0,53.0,53.0,53.0,53.0,10600.0,0.16666666666666666
2014/1/16,50.1,50.1,50.1,50.1,50.1,10020.0,0.6666666666666666
2014/1/17,50.1,50.1,50.1,50.1,50.1,10020.0,0.75
2014/1/20,50.1,50.1,50.1,50.1,50.1,10020.0,0.8333333333333334
2014/1/21,50.0,50.0,50.0,50.0,50.0,10000.0,1.0
2014/1/22,50.2,50.2,50.2,50.2,50.2,5020.0,1.0
2014/1/28,50.5,50.5,50.5,50.5,50.5,5050.0,1.0
2014/1/29,51.0,51.0,51.0,51.0,51.0,5100.0,0.6666666666666666
2014/1/30,50.8,50.8,50.8,50.8,50.8,5080.0,1.0
2014/2/11,51.0,51.0,51.0,51.0,51.0,15300.0,0.9166666666666666
2014/2/12,51.0,51.0,51.0,51.0,51.0,20400.0,1.0
2014/2/13,51.8,51.8,51.8,51.8,51.8,25900.0,0.3333333333333333
2014/2/14,51.1,51.1,51.1,51.1,51.1,25550.0,1.0
2014/2/18,51.4,51.4,51.4,51.4,51.4,35990.0,1.0
2014/2/19,51.7,51.7,51.7,51.7,51.7,18095.0,1.0
2014/2/20,51.75,51.75,51.75,51.75,51.75,33640.0,1.0
2014/2/21,51.81,51.81,51.81,51.81,51.81,44035.0,0.8333333333333334
2014/2/24,52.14,52.14,52.14,52.14,52.14,26070.0,0.6666666666666666
2014/2/25,52.04,52.04,52.04,52.04,52.04,52040.0,0.8333333333333334
2014/2/26,52.41,52.41,52.41,52.41,52.41,52410.0,0.8333333333333334
2014/2/27,51.78,51.78,51.78,51.78,51.78,67320.0,1.0
2014/2/28,52.82,52.82,52.82,52.82,52.82,63380.0,0.6666666666666666
2014/3/3,52.56,52.56,52.56,52.56,52.56,60440.0,1.0
2014/3/4,52.63,52.63,52.63,52.63,52.63,73680.0,1.0
2014/3/5,53.07,53.07,53.07,53.07,53.07,122050.0,1.0
2014/3/6,55.2,55.2,55.2,55.2,55.2,38640.0,0.5
2014/3/7,55.18,55.18,55.18,55.18,55.18,49660.0,0.5
2014/3/10,54.16,54.16,54.16,54.16,54.16,92080.0,0.8333333333333334
2014/3/11,54.56,54.56,54.56,54.56,54.56,120040.0,0.8333333333333334
2014/3/12,55.96,55.96,55.96,55.96,55.96,50360.0,0.6666666666666666
2014/3/13,55.76,55.76,55.76,55.76,55.76,61340.0,0.8333333333333334
2014/3/14,54.0,54.0,54.0,54.0,54.0,27000.0,1.0
2014/3/17,56.17,56.17,56.17,56.17,56.17,56170.0,0.8333333333333334
2014/3/18,56.48,56.48,56.48,56.48,56.48,56480.0,0.5
2014/3/19,56.31,56.31,56.31,56.31,56.31,50680.0,0.8333333333333334
2014/3/20,56.39,56.39,56.39,56.39,56.39,67670.0,0.8333333333333334
2014/3/21,54.97,54.97,54.97,54.97,54.97,60470.0,0.8333333333333334
2014/3/25,56.95,56.95,56.95,56.95,56.95,34170.0,0.3333333333333333
2014/3/26,56.51,56.51,56.51,56.51,56.51,56510.0,0.6666666666666666
2014/3/27,56.85,56.85,56.85,56.85,56.85,45480.0,0.6666666666666666
2014/3/28,56.86,56.86,56.86,56.86,56.86,56860.0,0.6666666666666666
2014/4/1,52.38,52.38,52.38,52.38,52.38,62850.0,1.0
2014/4/2,57.0,57.0,57.0,57.0,57.0,39900.0,0.5833333333333334
2014/4/3,53.39,53.39,53.39,53.39,53.39,74750.0,0.8333333333333334
2014/4/4,57.18,57.18,57.18,57.18,57.18,57180.0,0.5
2014/4/8,57.02,57.02,57.02,57.02,57.02,51320.0,0.5
2014/4/9,53.15,53.15,53.15,53.15,53.15,63780.0,1.0
2014/4/10,57.0,57.0,57.0,57.0,57.0,62700.0,0.5833333333333334
2014/4/11,57.26,57.26,57.26,57.26,57.26,51530.0,0.3333333333333333
2014/4/14,57.29,57.29,57.29,57.29,57.29,57290.0,0.16666666666666666
2014/4/15,57.0,57.0,57.0,57.0,57.0,5700.0,0.16666666666666666
2014/4/16,53.51,53.51,53.51,53.51,53.51,48160.0,0.5
2014/4/17,55.38,55.38,55.38,55.38,55.38,44300.0,0.16666666666666666
2014/4/18,52.0,52.0,52.0,52.0,52.0,208000.0,1.0
2014/4/21,53.0,53.0,53.0,53.0,53.0,21200.0,0.9166666666666666
2014/4/22,54.0,54.0,54.0,54.0,54.0,32400.0,0.25
2014/4/23,53.5,53.5,53.5,53.5,53.5,32100.0,0.5
2014/4/24,54.0,54.0,54.0,54.0,54.0,32400.0,0.16666666666666666
2014/4/25,53.64,53.64,53.64,53.64,53.64,59000.0,0.16666666666666666
2014/4/28,53.0,53.0,53.0,53.0,53.0,37100.0,0.6666666666666666
2014/4/29,53.48,53.48,53.48,53.48,53.48,117650.0,0.16666666666666666
2014/4/30,53.15,53.15,53.15,53.15,53.15,63780.0,0.5
2014/5/5,53.32,53.32,53.32,53.32,53.32,90640.0,0.3333333333333333
2014/5/6,52.83,52.83,52.83,52.83,52.83,64450.0,0.8333333333333334
2014/5/7,52.56,52.56,52.56,52.56,52.56,226000.0,1.0
2014/5/8,53.03,53.03,53.03,53.03,53.03,127280.0,0.8333333333333334
2014/5/9,53.17,53.17,53.17,53.17,53.17,95700.0,0.6666666666666666
2014/5/12,53.5,53.5,53.5,53.5,53.5,128400.0,0.3333333333333333
2014/5/13,53.5,53.5,53.5,53.5,53.5,48150.0,0.25
2014/5/14,52.6,52.6,52.6,52.6,52.6,47340.0,1.0
2014/5/15,53.5,53.5,53.5,53.5,53.5,101650.0,0.25
2014/5/16,52.79,52.79,52.79,52.79,52.79,73900.0,1.0
2014/5/19,53.34,53.34,53.34,53.34,53.34,231773.0,0.8333333333333334
2014/5/20,53.36,53.36,53.36,53.36,53.36,30308.0,0.5833333333333334
2014/5/21,53.36,53.36,53.36,53.36,53.36,122730.0,0.5
2014/5/22,53.5,53.5,53.5,53.5,53.5,53500.0,0.25
2014/5/23,53.5,53.5,53.5,53.5,53.5,251430.0,0.16666666666666666
2014/5/26,52.99,52.99,52.99,52.99,52.99,1662980.0,0.8333333333333334
2014/5/27,52.0,52.0,52.0,52.0,52.0,104000.0,1.0
2014/5/28,53.26,53.26,53.26,53.26,53.26,500948.0,0.6666666666666666
2014/5/29,53.1,53.1,53.1,53.1,53.1,170250.0,0.8333333333333334
2014/5/30,53.0,53.0,53.0,53.0,53.0,166844.0,1.0
2014/6/3,53.47,53.47,53.47,53.47,53.47,147210.0,0.5
2014/6/4,53.8,53.8,53.8,53.8,53.8,10760.0,0.16666666666666666
2014/6/5,53.3,53.3,53.3,53.3,53.3,87950.0,1.0
2014/6/6,53.32,53.32,53.32,53.32,53.32,865302.0,1.0
2014/6/9,53.45,53.45,53.45,53.45,53.45,1954950.0,0.6666666666666666
2014/6/10,53.7,53.7,53.7,53.7,53.7,21480.0,0.16666666666666666
2014/6/11,53.47,53.47,53.47,53.47,53.47,1120250.0,0.5
2014/6/12,53.5,53.5,53.5,53.5,53.5,1347370.0,0.3333333333333333
2014/6/13,53.33,53.33,53.33,53.33,53.33,1741660.0,1.0
2014/6/16,53.36,53.36,53.36,53.36,53.36,1022130.0,0.9166666666666666
2014/6/17,53.36,53.36,53.36,53.36,53.36,439612.0,1.0
2014/6/18,53.82,53.82,53.82,53.82,53.82,1667380.0,0.3333333333333333
2014/6/19,53.46,53.46,53.46,53.46,53.46,1141230.0,0.8333333333333334
2014/6/20,53.4,53.4,53.4,53.4,53.4,7476.0,1.0
2014/6/23,53.52,53.52,53.52,53.52,53.52,1098730.0,1.0
2014/6/24,53.54,53.54,53.54,53.54,53.54,1657290.0,1.0
2014/6/25,54.72,54.72,54.72,54.72,54.72,2486770.0,1.0
2014/6/26,56.87,56.87,56.87,56.87,56.87,5754370.0,1.0
2014/6/27,66.48,66.48,66.48,66.48,66.48,1237640.0,0.6666666666666666
2014/6/30,62.45,62.45,62.45,62.45,62.45,313558.0,1.0
2014/7/1,66.15,66.15,66.15,66.15,66.15,2486410.0,1.0
2014/7/2,67.12,67.12,67.12,67.12,67.12,1876440.0,0.8333333333333334
2014/7/3,66.77,66.77,66.77,66.77,66.77,4417460.0,1.0
2014/7/4,68.18,68.18,68.18,68.18,68.18,1408290.0,1.0
2014/7/7,68.23,68.23,68.23,68.23,68.23,803651.0,1.0
2014/7/8,68.99,68.99,68.99,68.99,68.99,3089700.0,1.0
2014/7/9,69.45,69.45,69.45,69.45,69.45,1825610.0,1.0
2014/7/10,74.07,74.07,74.07,74.07,74.07,3763960.0,0.6666666666666666
2014/7/11,74.04,74.04,74.04,74.04,74.04,3756600.0,0.6666666666666666
2014/7/14,76.71,76.71,76.71,76.71,76.71,611042.0,0.3333333333333333
2014/7/15,76.11,76.11,76.11,76.11,76.11,426970.0,0.3333333333333333
2014/7/16,77.0,77.0,77.0,77.0,77.0,35805.0,0.16666666666666666
2014/7/21,73.0,73.0,73.0,73.0,73.0,21900.0,0.3333333333333333
2014/7/22,72.5,72.5,72.5,72.5,72.5,14500.0,0.3333333333333333
2014/7/23,72.0,72.0,72.0,72.0,72.0,144000.0,0.3333333333333333
2014/7/25,74.9,74.9,74.9,74.9,74.9,599200.0,0.16666666666666666
2014/7/29,60.0,60.0,60.0,60.0,60.0,90000.0,0.16666666666666666
2014/7/30,58.0,58.0,58.0,58.0,58.0,116000.0,0.4166666666666667
2014/8/6,58.1,58.1,58.1,58.1,58.1,23240.0,0.16666666666666666
2014/8/8,58.0,58.0,58.0,58.0,58.0,34800.0,0.16666666666666666
2014/8/11,57.0,57.0,57.0,57.0,57.0,17100.0,0.25
2014/8/13,57.0,57.0,57.0,57.0,57.0,11400.0,0.16666666666666666
2014/8/19,55.0,55.0,55.0,55.0,55.0,214665.0,0.16666666666666666
2014/8/21,48.0,48.0,48.0,48.0,48.0,336000.0,1.0
2014/8/26,54.6,54.6,54.6,54.6,54.6,92820.0,0.16666666666666666
2014/8/29,53.0,53.0,53.0,53.0,53.0,26500.0,0.8333333333333334
2014/9/2,53.5,53.5,53.5,53.5,53.5,24075.0,0.4166666666666667
2014/9/5,53.0,53.0,53.0,53.0,53.0,53000.0,0.75
2014/9/9,53.0,53.0,53.0,53.0,53.0,31800.0,0.6666666666666666
2014/9/11,53.5,53.5,53.5,53.5,53.5,21400.0,0.3333333333333333
2014/9/12,53.6,53.6,53.6,53.6,53.6,32160.0,0.16666666666666666
2014/9/15,50.0,50.0,50.0,50.0,50.0,5000.0,1.0
2014/9/16,53.4,53.4,53.4,53.4,53.4,32040.0,0.16666666666666666
2014/9/18,51.0,51.0,51.0,51.0,51.0,510000.0,0.6666666666666666
2014/9/24,52.0,52.0,52.0,52.0,52.0,10400.0,0.4166666666666667
2014/9/26,51.0,51.0,51.0,51.0,51.0,510000.0,0.75
2014/9/30,51.0,51.0,51.0,51.0,51.0,186150.0,0.8333333333333334
2014/10/9,52.5,52.5,52.5,52.5,52.5,26250.0,0.3333333333333333
2014/10/14,44.5,44.5,44.5,44.5,44.5,77324.6,1.0
2014/10/15,52.0,52.0,52.0,52.0,52.0,52000.0,0.9166666666666666
2014/10/17,52.1,52.1,52.1,52.1,52.1,78150.0,0.6666666666666666
2014/10/22,52.5,52.5,52.5,52.5,52.5,31500.0,0.25
2014/10/23,52.5,52.5,52.5,52.5,52.5,2625.0,0.16666666666666666
2014/10/24,52.0,52.0,52.0,52.0,52.0,26000.0,0.5
2014/10/28,52.12,52.12,52.12,52.12,52.12,67760.0,0.3333333333333333
2014/10/29,50.0,50.0,50.0,50.0,50.0,450000.0,1.0
2014/10/30,51.0,51.0,51.0,51.0,51.0,51000.0,0.9166666666666666
2014/11/3,51.0,51.0,51.0,51.0,51.0,35700.0,1.0
2014/11/17,52.05,52.05,52.05,52.05,52.05,197800.0,0.6666666666666666
2014/11/18,53.0,53.0,53.0,53.0,53.0,53000.0,0.16666666666666666
2014/11/20,52.0,52.0,52.0,52.0,52.0,192400.0,0.9166666666666666
2014/11/21,52.3,52.3,52.3,52.3,52.3,26150.0,0.8333333333333334
2014/11/25,52.0,52.0,52.0,52.0,52.0,52000.0,1.0
2014/11/27,52.5,52.5,52.5,52.5,52.5,26250.0,0.5833333333333334
2014/11/28,52.4,52.4,52.4,52.4,52.4,104800.0,0.8333333333333334
2014/12/1,52.5,52.5,52.5,52.5,52.5,31500.0,0.75
2014/12/3,52.93,52.93,52.93,52.93,52.93,79400.0,0.3333333333333333
2014/12/5,53.0,53.0,53.0,53.0,53.0,185500.0,0.16666666666666666
2014/12/8,52.35,52.35,52.35,52.35,52.35,560100.0,0.6666666666666666
2014/12/9,52.5,52.5,52.5,52.5,52.5,15750.0,0.5833333333333334
2014/12/10,52.8,52.8,52.8,52.8,52.8,42240.0,0.3333333333333333
2014/12/11,52.12,52.12,52.12,52.12,52.12,67750.0,1.0
2014/12/12,52.29,52.29,52.29,52.29,52.29,109800.0,1.0
2014/12/15,52.5,52.5,52.5,52.5,52.5,15750.0,0.75
2014/12/16,52.89,52.89,52.89,52.89,52.89,95200.0,0.5
2014/12/17,52.5,52.5,52.5,52.5,52.5,94500.0,0.8333333333333334
2014/12/18,52.31,52.31,52.31,52.31,52.31,141250.0,1.0
2014/12/19,52.93,52.93,52.93,52.93,52.93,79400.0,0.8333333333333334
2014/12/22,52.8,52.8,52.8,52.8,52.8,26400.0,1.0
2014/12/23,53.0,53.0,53.0,53.0,53.0,95400.0,0.9166666666666666
2014/12/24,53.0,53.0,53.0,53.0,53.0,63600.0,1.0
2014/12/26,53.53,53.53,53.53,53.53,53.53,64240.0,0.5
2014/12/29,53.43,53.43,53.43,53.43,53.43,112200.0,0.8333333333333334
2014/12/30,53.45,53.45,53.45,53.45,53.45,235200.0,0.6666666666666666
2014/12/31,54.19,54.19,54.19,54.19,54.19,168000.0,0.16666666666666666
2015/1/6,54.0,54.0,54.0,54.0,54.0,54000.0,0.16666666666666666
2015/1/7,53.02,53.02,53.02,53.02,53.02,275700.0,0.6666666666666666
2015/1/8,53.5,53.5,53.5,53.5,53.5,107000.0,0.5833333333333334
2015/1/9,52.43,52.43,52.43,52.43,52.43,183500.0,1.0
2015/1/12,53.5,53.5,53.5,53.5,53.5,80250.0,0.8333333333333334
2015/1/13,53.0,53.0,53.0,53.0,53.0,53000.0,0.8333333333333334
2015/1/15,55.0,55.0,55.0,55.0,55.0,33000.0,0.16666666666666666
2015/1/16,53.82,53.82,53.82,53.82,53.82,242200.0,0.6666666666666666
2015/1/19,54.0,54.0,54.0,54.0,54.0,54000.0,0.3333333333333333
2015/1/20,53.96,53.96,53.96,53.96,53.96,134900.0,0.3333333333333333
2015/1/21,51.0,51.0,51.0,51.0,51.0,255000.0,1.0
2015/1/22,53.15,53.15,53.15,53.15,53.15,345475.0,0.5
2015/1/23,54.56,54.56,54.56,54.56,54.56,87290.0,0.16666666666666666
2015/1/26,53.59,53.59,53.59,53.59,53.59,58950.0,0.5
2015/1/27,53.0,53.0,53.0,53.0,53.0,212000.0,0.75
2015/1/29,53.0,53.0,53.0,53.0,53.0,53000.0,0.8333333333333334
2015/1/30,53.0,53.0,53.0,53.0,53.0,26500.0,0.9166666666666666
2015/2/2,54.0,54.0,54.0,54.0,54.0,16200.0,0.4166666666666667
2015/2/3,54.5,54.5,54.5,54.5,54.5,21800.0,0.16666666666666666
2015/2/4,53.0,53.0,53.0,53.0,53.0,53000.0,0.8333333333333334
2015/2/5,54.0,54.0,54.0,54.0,54.0,43200.0,0.16666666666666666
2015/2/6,53.92,53.92,53.92,53.92,53.92,70100.0,0.16666666666666666
2015/2/9,53.07,53.07,53.07,53.07,53.07,111450.0,0.5
2015/2/10,52.04,52.04,52.04,52.04,52.04,379900.0,0.5
2015/2/12,53.1,53.1,53.1,53.1,53.1,212400.0,0.3333333333333333
2015/2/13,53.13,53.13,53.13,53.13,53.13,1184370.0,0.16666666666666666
2015/2/16,51.0,51.0,51.0,51.0,51.0,51000.0,1.0
2015/2/25,51.55,51.55,51.55,51.55,51.55,105675.0,0.8333333333333334
2015/3/2,52.0,52.0,52.0,52.0,52.0,88400.0,0.6666666666666666
2015/3/3,51.5,51.5,51.5,51.5,51.5,51500.0,1.0
2015/3/5,52.5,52.5,52.5,52.5,52.5,372750.0,0.5
2015/3/6,54.5,54.5,54.5,54.5,54.5,98100.0,0.25
2015/3/9,54.5,54.5,54.5,54.5,54.5,5450.0,0.16666666666666666
2015/3/10,51.88,51.88,51.88,51.88,51.88,274950.0,0.5
2015/3/11,51.99,51.99,51.99,51.99,51.99,462700.0,0.3333333333333333
2015/3/12,51.16,51.16,51.16,51.16,51.16,259892.0,0.6666666666666666
2015/3/13,50.92,50.92,50.92,50.92,50.92,132400.0,1.0
2015/3/17,52.0,52.0,52.0,52.0,52.0,290160.0,0.25
2015/3/18,51.5,51.5,51.5,51.5,51.5,515000.0,0.5
2015/3/19,51.04,51.04,51.04,51.04,51.04,282230.0,0.8333333333333334
2015/3/20,52.0,52.0,52.0,52.0,52.0,133120.0,0.16666666666666666
2015/3/23,51.52,51.52,51.52,51.52,51.52,216400.0,0.16666666666666666
2015/3/24,51.12,51.12,51.12,51.12,51.12,801510.0,0.16666666666666666
2015/3/25,51.09,51.09,51.09,51.09,51.09,168756.0,0.16666666666666666
2015/3/27,50.26,50.26,50.26,50.26,50.26,452296.0,0.6666666666666666
2015/3/30,50.0,50.0,50.0,50.0,50.0,90000.0,0.9166666666666666
2015/3/31,50.0,50.0,50.0,50.0,50.0,220000.0,1.0
2015/4/1,50.45,50.45,50.45,50.45,50.45,457038.0,0.8333333333333334
2015/4/2,51.0,51.0,51.0,51.0,51.0,306000.0,0.6666666666666666
2015/4/3,51.0,51.0,51.0,51.0,51.0,55182.0,0.75
2015/4/7,51.0,51.0,51.0,51.0,51.0,255000.0,0.6666666666666666
2015/4/8,50.39,50.39,50.39,50.39,50.39,806300.0,1.0
2015/4/9,52.0,52.0,52.0,52.0,52.0,52000.0,0.25
2015/4/10,52.0,52.0,52.0,52.0,52.0,25480.0,0.16666666666666666
2015/4/13,51.14,51.14,51.14,51.14,51.14,449101.0,0.16666666666666666
2015/4/14,50.9,50.9,50.9,50.9,50.9,152700.0,0.6666666666666666
2015/4/15,50.71,50.71,50.71,50.71,50.71,423435.0,0.8333333333333334
2015/4/16,50.8,50.8,50.8,50.8,50.8,162560.0,0.8333333333333334
2015/4/17,51.0,51.0,51.0,51.0,51.0,132600.0,0.4166666666666667
2015/4/20,51.0,51.0,51.0,51.0,51.0,510.0,0.3333333333333333
2015/4/21,51.58,51.58,51.58,51.58,51.58,248449.0,0.16666666666666666
2015/4/22,50.0,50.0,50.0,50.0,50.0,26950.0,1.0
2015/4/23,50.83,50.83,50.83,50.83,50.83,248775.0,0.16666666666666666
2015/4/24,50.28,50.28,50.28,50.28,50.28,629590.0,0.6666666666666666
2015/4/27,50.7,50.7,50.7,50.7,50.7,273604.0,0.16666666666666666
2015/4/28,50.59,50.59,50.59,50.59,50.59,1104800.0,0.16666666666666666
2015/4/30,50.45,50.45,50.45,50.45,50.45,343141.0,0.3333333333333333
2015/5/4,50.17,50.17,50.17,50.17,50.17,838059.0,0.5
2015/5/5,50.11,50.11,50.11,50.11,50.11,90200.0,0.6666666666666666
2015/5/6,50.46,50.46,50.46,50.46,50.46,131442.0,0.16666666666666666
2015/5/7,49.95,49.95,49.95,49.95,49.95,146746.0,0.5
2015/5/8,50.2,50.2,50.2,50.2,50.2,78312.0,0.16666666666666666
2015/5/11,50.15,50.15,50.15,50.15,50.15,794132.0,0.16666666666666666
2015/5/12,47.83,47.83,47.83,47.83,47.83,267840.0,0.6666666666666666
2015/5/13,48.6,48.6,48.6,48.6,48.6,243000.0,0.16666666666666666
2015/5/14,47.68,47.68,47.68,47.68,47.68,382174.0,0.5
2015/5/15,48.1,48.1,48.1,48.1,48.1,997931.0,0.3333333333333333
2015/5/18,48.35,48.35,48.35,48.35,48.35,455772.0,0.16666666666666666
2015/5/19,45.8,45.8,45.8,45.8,45.8,187780.0,1.0
2015/5/20,47.35,47.35,47.35,47.35,47.35,791386.0,0.5
2015/5/21,46.98,46.98,46.98,46.98,46.98,535209.0,0.6666666666666666
2015/5/22,47.39,47.39,47.39,47.39,47.39,560624.0,0.3333333333333333
2015/5/25,46.57,46.57,46.57,46.57,46.57,1011330.0,1.0
2015/5/26,47.76,47.76,47.76,47.76,47.76,1209080.0,0.16666666666666666
2015/5/27,47.22,47.22,47.22,47.22,47.22,2188940.0,0.16666666666666666
2015/5/28,46.87,46.87,46.87,46.87,46.87,598749.0,0.3333333333333333
2015/5/29,46.76,46.76,46.76,46.76,46.76,2632410.0,0.5
2015/6/1,46.79,46.79,46.79,46.79,46.79,2027610.0,0.3333333333333333
2015/6/2,46.55,46.55,46.55,46.55,46.55,781896.0,0.3333333333333333
2015/6/3,46.88,46.88,46.88,46.88,46.88,849241.0,0.16666666666666666
2015/6/4,46.36,46.36,46.36,46.36,46.36,3201660.0,0.5
2015/6/5,46.39,46.39,46.39,46.39,46.39,2293520.0,0.3333333333333333
2015/6/8,45.87,45.87,45.87,45.87,45.87,1669510.0,0.3333333333333333
2015/6/9,46.51,46.51,46.51,46.51,46.51,2790980.0,0.16666666666666666
2015/6/10,44.16,44.16,44.16,44.16,44.16,3196180.0,0.3333333333333333
2015/6/11,43.39,43.39,43.39,43.39,43.39,2616190.0,0.3333333333333333
2015/6/12,41.66,41.66,41.66,41.66,41.66,2367630.0,0.3333333333333333
2015/6/15,41.01,41.01,41.01,41.01,41.01,1793680.0,0.5
2015/6/16,40.0,40.0,40.0,40.0,40.0,38040.0,0.8333333333333334
2015/6/17,45.9,45.9,45.9,45.9,45.9,329105.0,0.16666666666666666
2015/6/18,41.22,41.22,41.22,41.22,41.22,678134.0,0.16666666666666666
2015/6/19,40.39,40.39,40.39,40.39,40.39,396840.0,0.5
2015/6/25,38.83,38.83,38.83,38.83,38.83,774473.0,0.8333333333333334
2015/6/26,40.66,40.66,40.66,40.66,40.66,447250.0,0.5833333333333334
2015/6/29,40.66,40.66,40.66,40.66,40.66,1151530.0,0.6666666666666666
2015/7/3,38.9,38.9,38.9,38.9,38.9,44812.8,0.8333333333333334
2015/7/8,35.0,35.0,35.0,35.0,35.0,35000.0,1.0
2015/7/16,42.0,42.0,42.0,42.0,42.0,966.0,0.3333333333333333
2015/7/21,42.0,42.0,42.0,42.0,42.0,4200.0,0.25
2015/7/23,41.91,41.91,41.91,41.91,41.91,3814.0,0.5
2015/7/31,42.0,42.0,42.0,42.0,42.0,2940.0,0.4166666666666667
2015/8/4,41.73,41.73,41.73,41.73,41.73,4590.0,0.8333333333333334
2015/8/10,41.88,41.88,41.88,41.88,41.88,3559.5,0.8333333333333334
2015/8/14,41.68,41.68,41.68,41.68,41.68,4585.0,1.0
2015/8/19,50.0,50.0,50.0,50.0,50.0,50.0,0.4166666666666667
2015/8/20,42.0,42.0,42.0,42.0,42.0,4620.0,1.0
2015/8/24,50.0,50.0,50.0,50.0,50.0,50.0,0.3333333333333333
2015/8/25,60.0,60.0,60.0,60.0,60.0,60.0,0.16666666666666666
2015/8/27,49.14,49.14,49.14,49.14,49.14,1032.0,0.16666666666666666
2015/9/9,45.76,45.76,45.76,45.76,45.76,393500.0,0.3333333333333333
2015/9/10,45.0,45.0,45.0,45.0,45.0,4500.0,0.3333333333333333
2015/9/14,46.5,46.5,46.5,46.5,46.5,395250.0,0.16666666666666666
2015/9/21,43.0,43.0,43.0,43.0,43.0,5160.0,0.5833333333333334
2015/9/28,39.4,39.4,39.4,39.4,39.4,7940.0,1.0
2015/10/9,41.09,41.09,41.09,41.09,41.09,5958.0,0.8333333333333334
2015/10/14,43.0,43.0,43.0,43.0,43.0,4300.0,0.5833333333333334
2015/10/22,45.35,45.35,45.35,45.35,45.35,4320.0,0.16666666666666666
2015/10/30,45.0,45.0,45.0,45.0,45.0,4500.0,0.16666666666666666
2015/11/5,43.0,43.0,43.0,43.0,43.0,5160.0,0.16666666666666666
2015/11/6,41.0,41.0,41.0,41.0,41.0,20500.0,0.5
2015/11/9,40.0,40.0,40.0,40.0,40.0,20000.0,0.5833333333333334
2015/11/19,42.0,42.0,42.0,42.0,42.0,4200.0,0.16666666666666666
2015/11/26,41.5,41.5,41.5,41.5,41.5,6225.0,0.16666666666666666
2015/11/27,33.6,33.6,33.6,33.6,33.6,99120.0,0.75
2015/12/2,40.0,40.0,40.0,40.0,40.0,4800.0,0.16666666666666666
2015/12/7,33.6,33.6,33.6,33.6,33.6,8400.0,0.8333333333333334
2015/12/8,39.0,39.0,39.0,39.0,39.0,5850.0,0.16666666666666666
2015/12/16,38.83,38.83,38.83,38.83,38.83,69900.0,0.16666666666666666
2015/12/17,30.0,30.0,30.0,30.0,30.0,45000.0,1.0
2015/12/21,35.0,35.0,35.0,35.0,35.0,5250.0,1.0
2015/12/22,35.5,35.5,35.5,35.5,35.5,14200.0,1.0
2015/12/24,37.39,37.39,37.39,37.39,37.39,25913.0,0.8333333333333334
2015/12/28,37.0,37.0,37.0,37.0,37.0,199800.0,1.0
2015/12/30,37.8,37.8,37.8,37.8,37.8,109620.0,0.8333333333333334
2015/12/31,40.52,40.52,40.52,40.52,40.52,7820.0,0.6666666666666666
2016/1/5,44.7,44.7,44.7,44.7,44.7,263730.0,0.3333333333333333
2016/1/7,53.6,53.6,53.6,53.6,53.6,53.6,0.16666666666666666
2016/1/14,43.69,43.69,43.69,43.69,43.69,1354.3,0.16666666666666666
2016/1/15,35.0,35.0,35.0,35.0,35.0,10500.0,0.8333333333333334
2016/1/18,37.74,37.74,37.74,37.74,37.74,43400.0,0.6666666666666666
2016/1/21,40.47,40.47,40.47,40.47,40.47,4654.5,0.3333333333333333
2016/1/25,32.4,32.4,32.4,32.4,32.4,140940.0,1.0
2016/1/26,38.9,38.9,38.9,38.9,38.9,3890.0,0.6666666666666666
2016/2/1,41.01,41.01,41.01,41.01,41.01,4511.0,0.3333333333333333
2016/2/5,32.8,32.8,32.8,32.8,32.8,55760.0,1.0
2016/2/15,39.0,39.0,39.0,39.0,39.0,3939.4,0.3333333333333333
2016/2/17,46.7,46.7,46.7,46.7,46.7,46.7,0.16666666666666666
2016/2/19,37.4,37.4,37.4,37.4,37.4,187000.0,0.5
2016/2/22,37.4,37.4,37.4,37.4,37.4,187000.0,0.4166666666666667
2016/2/25,37.4,37.4,37.4,37.4,37.4,37400.0,0.5
2016/2/26,33.65,33.65,33.65,33.65,33.65,269200.0,0.6666666666666666
2016/2/29,38.0,38.0,38.0,38.0,38.0,15200.0,0.5
2016/3/1,33.29,33.29,33.29,33.29,33.29,217692.0,0.8333333333333334
2016/3/2,32.56,32.56,32.56,32.56,32.56,293000.0,1.0
2016/3/3,39.0,39.0,39.0,39.0,39.0,3900.0,0.8333333333333334
2016/3/4,34.64,34.64,34.64,34.64,34.64,167980.0,1.0
2016/3/8,41.5,41.5,41.5,41.5,41.5,8300.0,0.8333333333333334
2016/3/9,46.0,46.0,46.0,46.0,46.0,9200.0,0.8333333333333334
2016/3/10,48.2,48.2,48.2,48.2,48.2,12339.2,0.5
2016/3/11,51.0,51.0,51.0,51.0,51.0,15300.0,0.16666666666666666
2016/3/16,50.2,50.2,50.2,50.2,50.2,13052.0,0.16666666666666666
2016/3/17,40.41,40.41,40.41,40.41,40.41,282900.0,0.5
2016/3/18,47.0,47.0,47.0,47.0,47.0,14100.0,0.16666666666666666
2016/3/22,46.47,46.47,46.47,46.47,46.47,139.4,0.16666666666666666
2016/3/23,37.2,37.2,37.2,37.2,37.2,7774.8,0.5
2016/3/25,37.75,37.75,37.75,37.75,37.75,54774.1,0.5
2016/3/28,36.91,36.91,36.91,36.91,36.91,236624.0,0.6666666666666666
2016/3/29,39.97,39.97,39.97,39.97,39.97,1196930.0,0.5
2016/3/30,33.99,33.99,33.99,33.99,33.99,40478.8,0.8333333333333334
2016/3/31,33.94,33.94,33.94,33.94,33.94,1029100.0,1.0
2016/4/1,40.7,40.7,40.7,40.7,40.7,4070.0,0.5
2016/4/5,48.7,48.7,48.7,48.7,48.7,4870.0,0.16666666666666666
2016/4/6,38.99,38.99,38.99,38.99,38.99,58872.0,0.5
2016/4/7,39.96,39.96,39.96,39.96,39.96,640661.0,0.3333333333333333
2016/4/8,43.13,43.13,43.13,43.13,43.13,77640.0,0.16666666666666666
2016/4/11,34.5,34.5,34.5,34.5,34.5,55855.5,0.8333333333333334
2016/4/13,38.38,38.38,38.38,38.38,38.38,294828.0,0.3333333333333333
2016/4/14,36.89,36.89,36.89,36.89,36.89,287241.0,0.6666666666666666
2016/4/15,38.3,38.3,38.3,38.3,38.3,99580.0,0.6666666666666666
2016/4/18,33.56,33.56,33.56,33.56,33.56,151267.0,1.0
2016/4/19,36.82,36.82,36.82,36.82,36.82,3231390.0,1.0
2016/4/20,43.9,43.9,43.9,43.9,43.9,5268.0,0.8333333333333334
2016/4/21,39.94,39.94,39.94,39.94,39.94,133416.0,1.0
2016/4/25,47.5,47.5,47.5,47.5,47.5,4275.0,0.8333333333333334
2016/4/28,50.86,50.86,50.86,50.86,50.86,356000.0,0.3333333333333333
2016/4/29,49.7,49.7,49.7,49.7,49.7,94430.0,0.3333333333333333
2016/5/3,49.2,49.2,49.2,49.2,49.2,19680.0,0.3333333333333333
2016/5/4,51.02,51.02,51.02,51.02,51.02,529118.0,0.16666666666666666
2016/5/5,45.09,45.09,45.09,45.09,45.09,461454.0,0.8333333333333334
2016/5/6,44.57,44.57,44.57,44.57,44.57,835945.0,1.0
2016/5/9,47.32,47.32,47.32,47.32,47.32,572429.0,0.6666666666666666
2016/5/10,46.37,46.37,46.37,46.37,46.37,206929.0,0.8333333333333334
2016/5/11,46.15,46.15,46.15,46.15,46.15,3013020.0,1.0
2016/5/12,49.71,49.71,49.71,49.71,49.71,919672.0,0.8333333333333334
2016/5/13,51.29,51.29,51.29,51.29,51.29,2680800.0,0.5
2016/5/16,50.96,50.96,50.96,50.96,50.96,1306670.0,0.5
2016/5/17,51.98,51.98,51.98,51.98,51.98,1234850.0,0.3333333333333333
2016/5/18,53.05,53.05,53.05,53.05,53.05,814214.0,0.16666666666666666
2016/5/19,42.11,42.11,42.11,42.11,42.11,569396.0,0.8333333333333334
2016/5/20,41.96,41.96,41.96,41.96,41.96,2865610.0,1.0
2016/5/23,47.44,47.44,47.44,47.44,47.44,6039680.0,1.0
2016/5/24,50.39,50.39,50.39,50.39,50.39,920142.0,1.0
2016/5/25,51.99,51.99,51.99,51.99,51.99,3397580.0,0.6666666666666666
2016/5/26,52.2,52.2,52.2,52.2,52.2,2169200.0,0.3333333333333333
2016/5/27,52.19,52.19,52.19,52.19,52.19,3865960.0,0.3333333333333333
2016/5/30,51.16,51.16,51.16,51.16,51.16,2670560.0,0.6666666666666666
2016/5/31,51.0,51.0,51.0,51.0,51.0,2149090.0,0.6666666666666666
2016/6/1,53.38,53.38,53.38,53.38,53.38,3346130.0,0.16666666666666666
2016/6/2,50.64,50.64,50.64,50.64,50.64,4259340.0,0.8333333333333334
2016/6/3,51.42,51.42,51.42,51.42,51.42,3194810.0,0.3333333333333333
2016/6/6,52.03,52.03,52.03,52.03,52.03,4806460.0,0.16666666666666666
2016/6/7,50.25,50.25,50.25,50.25,50.25,5742220.0,0.8333333333333334
2016/6/8,50.94,50.94,50.94,50.94,50.94,5756670.0,0.3333333333333333
2016/6/12,50.73,50.73,50.73,50.73,50.73,6148780.0,0.5
2016/6/13,51.16,51.16,51.16,51.16,51.16,6148780.0,0.3333333333333333
2016/6/14,50.83,50.83,50.83,50.83,50.83,6571130.0,0.5
2016/6/15,45.67,45.67,45.67,45.67,45.67,2167200.0,1.0
2016/6/16,48.68,48.68,48.68,48.68,48.68,2242910.0,1.0
2016/6/17,50.21,50.21,50.21,50.21,50.21,2611790.0,1.0
2016/6/18,51.19,51.19,51.19,51.19,51.19,459699.0,1.0
2016/6/19,52.83,52.83,52.83,52.83,52.83,455659.0,1.0
2016/6/20,53.66,53.66,53.66,53.66,53.66,695101.0,0.8333333333333334
2016/6/21,54.71,54.71,54.71,54.71,54.71,2077080.0,0.5
2016/6/22,53.06,53.06,53.06,53.06,53.06,3784900.0,0.6666666666666666
2016/6/23,54.0,54.0,54.0,54.0,54.0,1170230.0,0.5
2016/6/24,54.77,54.77,54.77,54.77,54.77,1054140.0,0.3333333333333333
2016/6/27,55.55,55.55,55.55,55.55,55.55,424729.0,0.16666666666666666
2016/6/28,52.13,52.13,52.13,52.13,52.13,836908.0,0.16666666666666666
2016/6/29,47.53,47.53,47.53,47.53,47.53,1534470.0,0.5
2016/6/30,39.45,39.45,39.45,39.45,39.45,81932.4,1.0
2016/7/1,44.87,44.87,44.87,44.87,44.87,4531.6,1.0
2016/7/4,47.35,47.35,47.35,47.35,47.35,3740.9,1.0
2016/7/6,49.5,49.5,49.5,49.5,49.5,319362.0,1.0
2016/7/7,52.84,52.84,52.84,52.84,52.84,2694.6,0.6666666666666666
2016/7/11,53.0,53.0,53.0,53.0,53.0,5141.0,0.4166666666666667
2016/7/12,52.46,52.46,52.46,52.46,52.46,123270.0,0.6666666666666666
2016/7/13,53.0,53.0,53.0,53.0,53.0,4346.0,0.6666666666666666
2016/7/18,53.56,53.56,53.56,53.56,53.56,203520.0,0.6666666666666666
2016/7/19,42.9,42.9,42.9,42.9,42.9,42.9,1.0
2016/7/20,51.43,51.43,51.43,51.43,51.43,111897.0,1.0
2016/7/21,53.93,53.93,53.93,53.93,53.93,10301.1,0.3333333333333333
2016/7/22,53.73,53.73,53.73,53.73,53.73,9187.1,0.6666666666666666
2016/7/25,53.73,53.73,53.73,53.73,53.73,8451.4,0.5833333333333334
2016/7/26,53.94,53.94,53.94,53.94,53.94,89547.0,0.25
2016/7/27,53.73,53.73,53.73,53.73,53.73,8113.1,0.3333333333333333
2016/7/28,53.41,53.41,53.41,53.41,53.41,5928.0,0.3333333333333333
2016/7/29,53.94,53.94,53.94,53.94,53.94,3937.9,0.16666666666666666
2016/8/1,53.33,53.33,53.33,53.33,53.33,3235.1,0.6666666666666666
2016/8/2,53.06,53.06,53.06,53.06,53.06,10346.8,0.8333333333333334
2016/8/3,53.34,53.34,53.34,53.34,53.34,7360.8,0.5833333333333334
2016/8/4,53.34,53.34,53.34,53.34,53.34,7787.6,0.5
2016/8/5,53.8,53.8,53.8,53.8,53.8,2690.0,0.3333333333333333
2016/8/8,53.0,53.0,53.0,53.0,53.0,2756.0,0.8333333333333334
2016/8/9,53.5,53.5,53.5,53.5,53.5,2568.0,0.5
2016/8/10,53.1,53.1,53.1,53.1,53.1,2655.0,0.5
2016/8/11,52.8,52.8,52.8,52.8,52.8,1425.6,0.6666666666666666
2016/8/12,54.73,54.73,54.73,54.73,54.73,9140.6,0.3333333333333333
2016/8/15,54.98,54.98,54.98,54.98,54.98,130366.0,0.16666666666666666
2016/8/16,44.0,44.0,44.0,44.0,44.0,72600.0,1.0
2016/8/17,47.17,47.17,47.17,47.17,47.17,884083.0,1.0
2016/8/18,53.2,53.2,53.2,53.2,53.2,3404.8,0.5
2016/8/19,53.0,53.0,53.0,53.0,53.0,2968.0,0.5
2016/8/22,52.6,52.6,52.6,52.6,52.6,2893.0,0.75
2016/8/23,52.9,52.9,52.9,52.9,52.9,3174.0,0.5
2016/8/24,53.78,53.78,53.78,53.78,53.78,888110.0,0.3333333333333333
2016/8/25,54.0,54.0,54.0,54.0,54.0,3240.0,0.16666666666666666
2016/8/26,52.6,52.6,52.6,52.6,52.6,3050.8,0.5833333333333334
2016/8/29,52.0,52.0,52.0,52.0,52.0,78000.0,1.0
2016/8/30,52.6,52.6,52.6,52.6,52.6,3261.2,0.6666666666666666
2016/8/31,52.1,52.1,52.1,52.1,52.1,4376.4,1.0
2016/9/1,53.18,53.18,53.18,53.18,53.18,5850.0,0.5
2016/9/2,53.0,53.0,53.0,53.0,53.0,3180.0,0.75
2016/9/5,52.2,52.2,52.2,52.2,52.2,2923.2,1.0
2016/9/6,55.3,55.3,55.3,55.3,55.3,82950.0,0.16666666666666666
2016/9/7,53.0,53.0,53.0,53.0,53.0,3074.0,0.6666666666666666
2016/9/12,53.6,53.6,53.6,53.6,53.6,3216.0,0.5
2016/9/19,53.8,53.8,53.8,53.8,53.8,3120.4,0.25
2016/9/20,52.95,52.95,52.95,52.95,52.95,3018.0,0.3333333333333333
2016/9/21,52.4,52.4,52.4,52.4,52.4,3248.8,0.6666666666666666
2016/9/22,53.8,53.8,53.8,53.8,53.8,2690.0,0.16666666666666666
2016/9/23,50.0,50.0,50.0,50.0,50.0,15000.0,1.0
2016/9/27,52.6,52.6,52.6,52.6,52.6,3261.2,0.3333333333333333
2016/9/28,52.1,52.1,52.1,52.1,52.1,3126.0,0.6666666666666666
2016/9/30,53.0,53.0,53.0,53.0,53.0,2968.0,0.3333333333333333
2016/10/10,52.4,52.4,52.4,52.4,52.4,2934.4,0.5
2016/10/11,50.48,50.48,50.48,50.48,50.48,18174.0,1.0
2016/10/13,51.8,51.8,51.8,51.8,51.8,3211.6,0.8333333333333334
2016/10/14,52.6,52.6,52.6,52.6,52.6,2945.6,0.5833333333333334
2016/10/17,53.1,53.1,53.1,53.1,53.1,2867.4,0.3333333333333333
2016/10/18,51.3,51.3,51.3,51.3,51.3,2667.6,0.8333333333333334
2016/10/25,53.2,53.2,53.2,53.2,53.2,5639.2,0.16666666666666666
2016/10/26,52.6,52.6,52.6,52.6,52.6,3050.8,0.16666666666666666
2016/10/27,52.1,52.1,52.1,52.1,52.1,3230.2,0.16666666666666666
2016/10/31,52.0,52.0,52.0,52.0,52.0,3224.0,0.16666666666666666
2016/11/2,50.8,50.8,50.8,50.8,50.8,3149.6,0.5
2016/11/3,49.68,49.68,49.68,49.68,49.68,55793.8,0.9166666666666666
2016/11/4,49.68,49.68,49.68,49.68,49.68,3302.4,1.0
2016/11/7,51.2,51.2,51.2,51.2,51.2,3379.2,0.16666666666666666
2016/11/9,50.6,50.6,50.6,50.6,50.6,3339.6,0.5
2016/11/11,51.1,51.1,51.1,51.1,51.1,2963.8,0.16666666666666666
2016/11/14,50.2,50.2,50.2,50.2,50.2,3212.8,0.5833333333333334
2016/11/15,49.83,49.83,49.83,49.83,49.83,269080.0,0.8333333333333334
2016/11/16,49.54,49.54,49.54,49.54,49.54,96610.0,1.0
2016/11/21,50.8,50.8,50.8,50.8,50.8,2946.4,0.8333333333333334
2016/11/23,50.84,50.84,50.84,50.84,50.84,163292.0,0.8333333333333334
2016/11/25,50.2,50.2,50.2,50.2,50.2,3112.4,1.0
2016/11/28,60.2,60.2,60.2,60.2,60.2,34916.0,0.5
2016/11/29,69.0,69.0,69.0,69.0,69.0,31740.0,0.16666666666666666
2016/11/30,51.99,51.99,51.99,51.99,51.99,425302.0,0.8333333333333334
2016/12/1,61.22,61.22,61.22,61.22,61.22,18550.4,0.16666666666666666
2016/12/2,56.5,56.5,56.5,56.5,56.5,904000.0,0.16666666666666666
2016/12/6,54.2,54.2,54.2,54.2,54.2,2926.8,0.16666666666666666
2016/12/9,50.5,50.5,50.5,50.5,50.5,3030.0,0.8333333333333334
2016/12/13,52.3,52.3,52.3,52.3,52.3,2928.8,0.4166666666666667
2016/12/14,51.9,51.9,51.9,51.9,51.9,3425.4,0.6666666666666666
2016/12/15,51.8,51.8,51.8,51.8,51.8,3004.4,0.8333333333333334
2016/12/20,48.85,48.85,48.85,48.85,48.85,32730.0,1.0
2016/12/21,52.3,52.3,52.3,52.3,52.3,3765.6,0.8333333333333334
2016/12/26,53.33,53.33,53.33,53.33,53.33,4800.0,0.5833333333333334
2016/12/27,53.33,53.33,53.33,53.33,53.33,6396.0,0.5
2016/12/29,54.2,54.2,54.2,54.2,54.2,433.6,0.3333333333333333
2016/12/30,55.4,55.4,55.4,55.4,55.4,886.4,0.16666666666666666
2017/1/3,51.36,51.36,51.36,51.36,51.36,470416.0,0.16666666666666666
2017/1/4,44.3,44.3,44.3,44.3,44.3,133077.0,1.0
2017/1/5,48.88,48.88,48.88,48.88,48.88,1422740.0,1.0
2017/1/6,50.5,50.5,50.5,50.5,50.5,303.0,0.6666666666666666
2017/1/11,49.5,49.5,49.5,49.5,49.5,297.0,0.75
2017/1/16,49.5,49.5,49.5,49.5,49.5,59400.0,0.6666666666666666
2017/1/17,50.88,50.88,50.88,50.88,50.88,270666.0,0.5
2017/1/18,52.17,52.17,52.17,52.17,52.17,758000.0,0.3333333333333333
2017/1/19,52.25,52.25,52.25,52.25,52.25,291228.0,0.16666666666666666
2017/1/23,48.66,48.66,48.66,48.66,48.66,779120.0,1.0
2017/1/24,49.21,49.21,49.21,49.21,49.21,467500.0,1.0
2017/1/25,50.8,50.8,50.8,50.8,50.8,13208.0,0.6666666666666666
2017/1/26,50.35,50.35,50.35,50.35,50.35,156100.0,0.8333333333333334
2017/2/3,51.0,51.0,51.0,51.0,51.0,4998.0,0.8333333333333334
2017/2/7,50.06,50.06,50.06,50.06,50.06,5256.0,1.0
2017/2/10,51.2,51.2,51.2,51.2,51.2,3276.8,0.8333333333333334
2017/2/13,51.26,51.26,51.26,51.26,51.26,3588.0,0.8333333333333334
2017/2/15,61.6,61.6,61.6,61.6,61.6,2464.0,0.16666666666666666
2017/2/16,52.3,52.3,52.3,52.3,52.3,2928.8,0.5
2017/2/20,51.46,51.46,51.46,51.46,51.46,2984.4,0.8333333333333334
2017/2/21,50.57,50.57,50.57,50.57,50.57,3438.7,1.0
2017/2/22,51.73,51.73,51.73,51.73,51.73,569.0,0.8333333333333334
2017/2/27,55.0,55.0,55.0,55.0,55.0,110.0,0.16666666666666666
2017/2/28,54.98,54.98,54.98,54.98,54.98,443556.0,0.16666666666666666
2017/3/6,52.3,52.3,52.3,52.3,52.3,4288.6,0.4166666666666667
2017/3/7,52.3,52.3,52.3,52.3,52.3,941400.0,0.5
2017/3/8,51.4,51.4,51.4,51.4,51.4,2981.2,0.8333333333333334
2017/3/9,48.98,48.98,48.98,48.98,48.98,387957.0,1.0
2017/3/14,51.83,51.83,51.83,51.83,51.83,191769.0,0.6666666666666666
2017/3/15,52.6,52.6,52.6,52.6,52.6,4523.6,0.3333333333333333
2017/3/16,53.3,53.3,53.3,53.3,53.3,3411.2,0.16666666666666666
2017/3/17,51.9,51.9,51.9,51.9,51.9,4774.8,0.6666666666666666
2017/3/24,51.47,51.47,51.47,51.47,51.47,164700.0,1.0
2017/3/27,51.71,51.71,51.71,51.71,51.71,2093750.0,1.0
2017/3/28,52.24,52.24,52.24,52.24,52.24,99260.0,0.8333333333333334
2017/3/29,52.4,52.4,52.4,52.4,52.4,1115380.0,0.8333333333333334
2017/3/30,52.14,52.14,52.14,52.14,52.14,213790.0,0.8333333333333334
2017/4/5,53.05,53.05,53.05,53.05,53.05,58350.0,0.5
2017/4/6,53.09,53.09,53.09,53.09,53.09,954094.0,0.3333333333333333
2017/4/7,53.52,53.52,53.52,53.52,53.52,160550.0,0.16666666666666666
2017/4/10,52.59,52.59,52.59,52.59,52.59,11991.6,0.5
2017/4/11,47.17,47.17,47.17,47.17,47.17,1239870.0,1.0
2017/4/12,47.83,47.83,47.83,47.83,47.83,1792590.0,1.0
2017/4/13,49.66,49.66,49.66,49.66,49.66,1909940.0,1.0
2017/4/14,52.85,52.85,52.85,52.85,52.85,240490.0,0.3333333333333333
2017/4/17,52.81,52.81,52.81,52.81,52.81,63903.0,0.3333333333333333
2017/4/18,53.8,53.8,53.8,53.8,53.8,814651.0,0.16666666666666666
2017/4/19,51.12,51.12,51.12,51.12,51.12,677350.0,0.16666666666666666
2017/4/20,50.0,50.0,50.0,50.0,50.0,1687410.0,0.16666666666666666
2017/4/21,49.16,49.16,49.16,49.16,49.16,1234690.0,0.5833333333333334
2017/4/24,49.16,49.16,49.16,49.16,49.16,1234690.0,0.6666666666666666
2017/4/25,42.35,42.35,42.35,42.35,42.35,1367120.0,1.0
2017/4/26,44.96,44.96,44.96,44.96,44.96,5528480.0,1.0
2017/4/27,49.46,49.46,49.46,49.46,49.46,1930530.0,1.0
2017/4/28,49.98,49.98,49.98,49.98,49.98,1066960.0,1.0
2017/5/2,50.36,50.36,50.36,50.36,50.36,583200.0,0.6666666666666666
2017/5/3,51.54,51.54,51.54,51.54,51.54,360840.0,0.5
2017/5/4,51.76,51.76,51.76,51.76,51.76,568972.0,0.3333333333333333
2017/5/5,50.29,50.29,50.29,50.29,50.29,872188.0,0.6666666666666666
2017/5/8,52.32,52.32,52.32,52.32,52.32,104640.0,0.16666666666666666
2017/5/10,47.72,47.72,47.72,47.72,47.72,138858.0,1.0
2017/5/11,50.19,50.19,50.19,50.19,50.19,1033770.0,1.0
2017/5/12,51.09,51.09,51.09,51.09,51.09,656771.0,0.5833333333333334
2017/5/15,51.09,51.09,51.09,51.09,51.09,595600.0,0.5
2017/5/16,50.75,50.75,50.75,50.75,50.75,1843210.0,0.6666666666666666
2017/5/17,59.78,59.78,59.78,59.78,59.78,508584.0,0.16666666666666666
2017/5/18,55.56,55.56,55.56,55.56,55.56,453504.0,0.16666666666666666
2017/5/19,51.03,51.03,51.03,51.03,51.03,2061490.0,0.6666666666666666
2017/5/22,50.63,50.63,50.63,50.63,50.63,840766.0,0.8333333333333334
2017/5/23,50.01,50.01,50.01,50.01,50.01,2061310.0,0.8333333333333334
2017/5/24,51.28,51.28,51.28,51.28,51.28,1908760.0,0.5833333333333334
2017/5/25,51.28,51.28,51.28,51.28,51.28,6461510.0,0.5
2017/5/26,52.81,52.81,52.81,52.81,52.81,5230710.0,0.16666666666666666
2017/5/31,52.53,52.53,52.53,52.53,52.53,4952500.0,0.16666666666666666
2017/6/1,49.43,49.43,49.43,49.43,49.43,1370930.0,0.3333333333333333
2017/6/2,46.81,46.81,46.81,46.81,46.81,3752860.0,0.6666666666666666
2017/6/5,46.62,46.62,46.62,46.62,46.62,3393860.0,1.0
2017/6/6,46.71,46.71,46.71,46.71,46.71,7238610.0,1.0
2017/6/7,48.56,48.56,48.56,48.56,48.56,4605390.0,0.8333333333333334
2017/6/8,49.93,49.93,49.93,49.93,49.93,5784850.0,0.6666666666666666
2017/6/9,47.55,47.55,47.55,47.55,47.55,6021920.0,0.8333333333333334
2017/6/12,51.22,51.22,51.22,51.22,51.22,4123160.0,0.6666666666666666
2017/6/13,51.33,51.33,51.33,51.33,51.33,6264220.0,0.6666666666666666
2017/6/14,52.55,52.55,52.55,52.55,52.55,2468330.0,0.16666666666666666
2017/6/15,29.16,35.55,29.16,35.55,32.36,64.71,1.0
2017/6/16,51.49,51.49,51.49,51.49,51.49,751871.0,0.16666666666666666
2017/6/19,51.15,51.15,51.15,51.15,51.15,317966.0,0.6666666666666666
2017/6/20,51.39,51.39,51.39,51.39,51.39,1000360.0,0.16666666666666666
2017/6/21,51.35,51.35,51.35,51.35,51.35,474956.0,0.16666666666666666
2017/6/23,51.11,51.11,51.11,51.11,51.11,69618.6,0.5
2017/6/26,51.18,51.18,51.18,51.18,51.18,427092.0,0.16666666666666666
2017/6/28,51.11,51.11,51.11,51.11,51.11,516530.0,0.25
2017/6/29,51.11,51.11,51.11,51.11,51.11,153545.0,0.16666666666666666
2017/6/30,50.33,50.33,50.33,50.33,50.33,326784.0,0.8333333333333334
2017/7/3,50.51,50.51,50.51,50.51,50.51,69354.8,0.8333333333333334
2017/7/4,50.56,50.56,50.56,50.56,50.56,70841.4,0.8333333333333334
2017/7/7,50.6,50.6,50.6,50.6,50.6,364624.0,0.5
2017/7/12,49.98,49.98,49.98,49.98,49.98,106809.0,0.6666666666666666
2017/7/19,50.6,50.6,50.6,50.6,50.6,101.2,0.4166666666666667
2017/7/27,50.6,50.6,50.6,50.6,50.6,1518180.0,0.3333333333333333
2017/7/28,50.97,50.97,50.97,50.97,50.97,1376300.0,0.16666666666666666
2017/8/8,48.0,48.0,48.0,48.0,48.0,70074.0,0.8333333333333334
2017/8/9,46.2,46.2,46.2,46.2,46.2,92.4,1.0
2017/8/10,48.53,48.53,48.53,48.53,48.53,154719.0,0.8333333333333334
2017/8/11,49.0,49.0,49.0,49.0,49.0,147.0,0.8333333333333334
2017/8/16,49.1,49.1,49.1,49.1,49.1,9917.6,0.75
2017/9/26,51.0,51.0,51.0,51.0,51.0,5304.0,0.5
2017/10/11,51.13,51.13,51.13,51.13,51.13,141331.0,0.3333333333333333
2017/10/12,40.9,40.9,40.9,40.9,40.9,122.7,0.8333333333333334
2017/10/13,49.1,49.1,49.1,49.1,49.1,4910.0,0.6666666666666666
2017/10/27,56.38,56.38,56.38,56.38,56.38,22609.3,0.16666666666666666
2017/10/30,50.66,50.66,50.66,50.66,50.66,374810.0,0.6666666666666666
2017/11/3,40.6,40.6,40.6,40.6,40.6,40600.0,1.0
2017/11/6,48.7,48.7,48.7,48.7,48.7,9740.0,1.0
2017/11/15,51.5,51.5,51.5,51.5,51.5,10300.0,0.8333333333333334
2017/11/16,54.5,54.5,54.5,54.5,54.5,10900.0,0.6666666666666666
2017/11/17,57.71,57.71,57.71,57.71,57.71,525160.0,0.3333333333333333
2017/12/22,56.38,56.38,56.38,56.38,56.38,19111.8,0.3333333333333333
2017/12/27,57.8,57.8,57.8,57.8,57.8,289.0,0.16666666666666666
2017/12/28,45.1,45.1,45.1,45.1,45.1,901955.0,0.8333333333333334
2017/12/29,54.0,54.0,54.0,54.0,54.0,810.0,0.3333333333333333
2018/1/10,43.2,43.2,43.2,43.2,43.2,43200.0,0.8333333333333334
2018/1/11,51.8,51.8,51.8,51.8,51.8,58534.0,0.3333333333333333
2018/1/12,56.0,56.0,56.0,56.0,56.0,22400.0,0.16666666666666666
2018/1/15,51.58,51.58,51.58,51.58,51.58,148548.0,0.5
2018/1/24,41.3,41.3,41.3,41.3,41.3,24780.0,1.0
2018/1/25,49.6,49.6,49.6,49.6,49.6,9920.0,1.0
2018/1/26,50.27,50.27,50.27,50.27,50.27,1293960.0,1.0
2018/1/30,55.0,55.0,55.0,55.0,55.0,6600.0,0.6666666666666666
2018/1/31,58.0,58.0,58.0,58.0,58.0,8120.0,0.16666666666666666
2018/2/1,56.4,56.4,56.4,56.4,56.4,5414.4,0.16666666666666666
2018/2/5,56.0,56.0,56.0,56.0,56.0,56.0,0.5
2018/2/6,54.03,54.03,54.03,54.03,54.03,459603.0,0.6666666666666666
2018/2/7,51.58,51.58,51.58,51.58,51.58,86240.0,1.0
2018/2/8,56.2,56.2,56.2,56.2,56.2,1854.6,0.8333333333333334
2018/3/14,53.5,53.5,53.5,53.5,53.5,481500.0,0.8333333333333334
2018/3/19,56.6,56.6,56.6,56.6,56.6,2490.4,0.6666666666666666
2018/3/21,58.51,58.51,58.51,58.51,58.51,2164.9,0.6666666666666666
2018/3/22,59.3,59.3,59.3,59.3,59.3,3024.3,0.3333333333333333
2018/3/26,59.87,59.87,59.87,59.87,59.87,251440.0,0.16666666666666666
2018/4/11,53.39,53.39,53.39,53.39,53.39,37480.0,0.3333333333333333
2018/4/12,50.76,50.76,50.76,50.76,50.76,360400.0,0.6666666666666666
2018/4/13,58.92,58.92,58.92,58.92,58.92,294600.0,0.16666666666666666
2018/4/19,47.1,47.1,47.1,47.1,47.1,115489.0,1.0
2018/4/20,52.24,52.24,52.24,52.24,52.24,1410500.0,0.8333333333333334
2018/4/24,47.82,47.82,47.82,47.82,47.82,453834.0,1.0
2018/4/25,57.4,57.4,57.4,57.4,57.4,114800.0,1.0
2018/4/27,57.65,57.65,57.65,57.65,57.65,255515.0,1.0
2018/5/3,58.2,58.2,58.2,58.2,58.2,1164.0,1.0
2018/5/4,58.71,58.71,58.71,58.71,58.71,836449.0,0.3333333333333333
2018/5/7,58.5,58.5,58.5,58.5,58.5,867259.0,0.6666666666666666
2018/5/9,58.63,58.63,58.63,58.63,58.63,521820.0,0.3333333333333333
2018/5/10,58.53,58.53,58.53,58.53,58.53,1059580.0,0.3333333333333333
2018/5/11,58.83,58.83,58.83,58.83,58.83,354509.0,0.16666666666666666
2018/5/14,47.0,47.0,47.0,47.0,47.0,18095.0,1.0
2018/5/15,50.02,50.02,50.02,50.02,50.02,1782840.0,0.8333333333333334
2018/5/16,49.48,49.48,49.48,49.48,49.48,2589200.0,1.0
2018/5/17,53.97,53.97,53.97,53.97,53.97,2404680.0,1.0
2018/5/18,57.11,57.11,57.11,57.11,57.11,1773100.0,0.9166666666666666
2018/5/21,57.11,57.11,57.11,57.11,57.11,65640.0,1.0
2018/5/22,58.73,58.73,58.73,58.73,58.73,619829.0,1.0
2018/5/23,59.2,59.2,59.2,59.2,59.2,11840.0,1.0
2018/5/24,59.6,59.6,59.6,59.6,59.6,29800.0,1.0
2018/5/25,59.85,59.85,59.85,59.85,59.85,2001900.0,1.0
2018/5/28,60.12,60.12,60.12,60.12,60.12,1972270.0,1.0
2018/5/30,61.06,61.06,61.06,61.06,61.06,854700.0,1.0
2018/5/31,61.68,61.68,61.68,61.68,61.68,1356880.0,1.0
2018/6/1,62.47,62.47,62.47,62.47,62.47,724600.0,1.0
2018/6/4,63.42,63.42,63.42,63.42,63.42,543600.0,0.8333333333333334
2018/6/5,64.07,64.07,64.07,64.07,64.07,85211.0,0.6666666666666666
2018/6/6,64.95,64.95,64.95,64.95,64.95,2108440.0,0.5
2018/6/7,65.91,65.91,65.91,65.91,65.91,1884870.0,0.16666666666666666
2018/6/8,65.83,65.83,65.83,65.83,65.83,1988610.0,0.16666666666666666
2018/6/11,58.14,58.14,58.14,58.14,58.14,1675870.0,0.16666666666666666
2018/6/12,44.9,44.9,44.9,44.9,44.9,639825.0,0.3333333333333333
2018/6/13,40.48,40.48,40.48,40.48,40.48,958343.0,0.8333333333333334
2018/6/14,34.18,34.18,34.18,34.18,34.18,8989.2,1.0
2018/6/19,40.71,40.71,40.71,40.71,40.71,1978190.0,1.0
2018/6/20,48.14,48.14,48.14,48.14,48.14,1326960.0,0.8333333333333334
2018/6/21,44.01,44.01,44.01,44.01,44.01,925866.0,1.0
2018/6/22,51.01,51.01,51.01,51.01,51.01,4761690.0,1.0
2018/6/25,54.54,54.54,54.54,54.54,54.54,2460100.0,1.0
2018/6/26,59.68,59.68,59.68,59.68,59.68,5001640.0,1.0
2018/6/27,62.43,62.43,62.43,62.43,62.43,1015220.0,1.0
2018/6/28,64.65,64.65,64.65,64.65,64.65,4147890.0,1.0
2018/6/29,67.31,67.31,67.31,67.31,67.31,908494.0,1.0
2018/7/2,68.05,68.05,68.05,68.05,68.05,451117.0,1.0
2018/7/3,68.75,68.75,68.75,68.75,68.75,466910.0,1.0
2018/7/4,69.4,69.4,69.4,69.4,69.4,2983980.0,0.16666666666666666
2018/7/5,69.1,69.1,69.1,69.1,69.1,223189.0,0.5833333333333334
2018/7/6,69.32,69.32,69.32,69.32,69.32,763306.0,0.16666666666666666
2018/7/9,69.23,69.23,69.23,69.23,69.23,1054110.0,0.16666666666666666
2018/7/10,69.1,69.1,69.1,69.1,69.1,1851310.0,0.16666666666666666
2018/7/11,68.18,68.18,68.18,68.18,68.18,4680330.0,0.8333333333333334
2018/7/12,68.31,68.31,68.31,68.31,68.31,2904280.0,0.8333333333333334
2018/7/13,68.52,68.52,68.52,68.52,68.52,1770140.0,0.5833333333333334
2018/7/16,68.52,68.52,68.52,68.52,68.52,1770140.0,0.5
2018/7/17,68.99,68.99,68.99,68.99,68.99,4257030.0,0.5
2018/7/18,68.11,68.11,68.11,68.11,68.11,8122730.0,0.8333333333333334
2018/7/19,68.46,68.46,68.46,68.46,68.46,3561490.0,0.8333333333333334
2018/7/20,69.44,69.44,69.44,69.44,69.44,4624450.0,0.6666666666666666
2018/7/23,68.09,68.09,68.09,68.09,68.09,9039020.0,1.0
2018/7/24,69.83,69.83,69.83,69.83,69.83,3314730.0,0.6666666666666666
2018/7/25,69.33,69.33,69.33,69.33,69.33,9551340.0,1.0
2018/7/26,70.11,70.11,70.11,70.11,70.11,8306200.0,0.5
2018/7/27,69.52,69.52,69.52,69.52,69.52,4383030.0,1.0
2018/7/30,70.24,70.24,70.24,70.24,70.24,8798170.0,0.5
2018/7/31,70.02,70.02,70.02,70.02,70.02,2156340.0,0.8333333333333334
2018/8/1,69.62,69.62,69.62,69.62,69.62,1189120.0,1.0
2018/8/2,70.12,70.12,70.12,70.12,70.12,1351560.0,1.0
2018/8/3,70.74,70.74,70.74,70.74,70.74,1352410.0,0.5
2018/8/6,70.9,70.9,70.9,70.9,70.9,7090.0,0.3333333333333333
2018/8/7,70.49,70.49,70.49,70.49,70.49,1384410.0,0.8333333333333334
2018/8/9,70.71,70.71,70.71,70.71,70.71,1571560.0,0.3333333333333333
2018/8/10,71.11,71.11,71.11,71.11,71.11,680872.0,0.16666666666666666
2018/8/20,70.6,70.6,70.6,70.6,70.6,282.4,0.3333333333333333
2018/8/22,70.63,70.63,70.63,70.63,70.63,143742.0,0.16666666666666666
2018/8/28,69.6,69.6,69.6,69.6,69.6,299632.0,0.16666666666666666
2018/9/3,67.51,67.51,67.51,67.51,67.51,127123.0,0.16666666666666666
2018/9/14,51.2,51.2,51.2,51.2,51.2,768.0,0.16666666666666666
2018/9/17,41.0,41.0,41.0,41.0,41.0,41.0,0.16666666666666666
2018/9/18,36.15,36.15,36.15,36.15,36.15,500086.0,0.3333333333333333
2018/9/19,30.44,30.44,30.44,30.44,30.44,161171.0,0.8333333333333334
2018/9/20,30.32,30.32,30.32,30.32,30.32,3351250.0,1.0
2018/9/21,31.11,31.11,31.11,31.11,31.11,624418.0,1.0
2018/9/25,32.22,32.22,32.22,32.22,32.22,786356.0,1.0
2018/9/26,38.6,38.6,38.6,38.6,38.6,385961.0,1.0
2018/9/27,46.3,46.3,46.3,46.3,46.3,162050.0,1.0
2018/9/28,55.6,55.6,55.6,55.6,55.6,111200.0,0.6666666666666666
2018/10/8,64.0,64.0,64.0,64.0,64.0,14656.0,0.3333333333333333
2018/10/9,74.6,74.6,74.6,74.6,74.6,684082.0,0.16666666666666666
2018/10/29,61.2,61.2,61.2,61.2,61.2,30600.0,0.16666666666666666
2018/10/30,50.2,50.2,50.2,50.2,50.2,25100.0,0.3333333333333333
2018/10/31,51.69,51.69,51.69,51.69,51.69,2429220.0,0.16666666666666666
2018/11/1,43.8,43.8,43.8,43.8,43.8,1335770.0,1.0
2018/11/2,43.9,43.9,43.9,43.9,43.9,5115840.0,0.8333333333333334
2018/11/5,49.42,49.42,49.42,49.42,49.42,2174480.0,0.16666666666666666
2018/11/7,47.1,47.1,47.1,47.1,47.1,23550.0,0.16666666666666666
2018/11/15,47.0,47.0,47.0,47.0,47.0,376.0,0.16666666666666666
2018/11/16,45.47,45.47,45.47,45.47,45.47,9639.6,0.16666666666666666
2018/11/19,41.3,41.3,41.3,41.3,41.3,20567.4,0.6666666666666666
2018/11/20,37.8,37.8,37.8,37.8,37.8,18370.8,0.8333333333333334
2018/11/21,35.0,35.0,35.0,35.0,35.0,69960.2,1.0
2018/11/22,41.4,41.4,41.4,41.4,41.4,41151.6,1.0
2018/11/23,43.59,43.59,43.59,43.59,43.59,24366.8,1.0
2018/11/27,50.16,50.16,50.16,50.16,50.16,376277.0,1.0
2018/11/28,50.33,50.33,50.33,50.33,50.33,726012.0,1.0
2018/11/29,51.29,51.29,51.29,51.29,51.29,11540.0,0.8333333333333334
2018/11/30,50.89,50.89,50.89,50.89,50.89,20405.0,1.0
2018/12/3,51.64,51.64,51.64,51.64,51.64,192655.0,0.8333333333333334
2018/12/4,55.46,55.46,55.46,55.46,55.46,322725.0,0.5
2018/12/5,57.59,57.59,57.59,57.59,57.59,93644.4,0.3333333333333333
2018/12/6,58.78,58.78,58.78,58.78,58.78,853188.0,0.16666666666666666
2018/12/7,54.2,54.2,54.2,54.2,54.2,21880.0,0.16666666666666666
2018/12/10,45.55,45.55,45.55,45.55,45.55,410035.0,1.0
2018/12/11,50.04,50.04,50.04,50.04,50.04,267742.0,0.5
2018/12/12,52.37,52.37,52.37,52.37,52.37,681020.0,0.16666666666666666
2018/12/13,49.09,49.09,49.09,49.09,49.09,478106.0,0.5
2018/12/14,50.1,50.1,50.1,50.1,50.1,50100.0,0.16666666666666666
2018/12/17,49.98,49.98,49.98,49.98,49.98,77915.9,0.16666666666666666
2018/12/18,42.0,42.0,42.0,42.0,42.0,105000.0,0.5833333333333334
2018/12/19,42.0,42.0,42.0,42.0,42.0,25200.0,0.6666666666666666
2018/12/20,40.0,40.0,40.0,40.0,40.0,1199930.0,0.9166666666666666
2018/12/21,40.0,40.0,40.0,40.0,40.0,1200120.0,1.0
2018/12/24,45.5,45.5,45.5,45.5,45.5,10920.0,1.0
2018/12/25,50.0,50.0,50.0,50.0,50.0,5000.0,1.0
2018/12/26,51.54,51.54,51.54,51.54,51.54,2680.0,1.0
2018/12/27,58.73,58.73,58.73,58.73,58.73,261950.0,0.8333333333333334
2018/12/28,57.03,57.03,57.03,57.03,57.03,386834.0,1.0
2019/1/2,65.06,65.06,65.06,65.06,65.06,29731.2,0.6666666666666666
2019/1/3,71.0,71.0,71.0,71.0,71.0,58078.0,0.5
2019/1/4,75.1,75.1,75.1,75.1,75.1,75100.0,0.16666666666666666
2019/1/18,60.1,60.1,60.1,60.1,60.1,30050.0,1.0
2019/1/25,74.0,74.0,74.0,74.0,74.0,444000.0,0.16666666666666666
2019/1/29,60.5,60.5,60.5,60.5,60.5,1058750.0,1.0
2019/2/22,60.79,60.79,60.79,60.79,60.79,71244.8,0.8333333333333334
2019/2/25,60.65,60.65,60.65,60.65,60.65,606.5,1.0
2019/3/5,61.79,61.79,61.79,61.79,61.79,8650.06,1.0
2019/3/6,63.67,63.67,63.67,63.67,63.67,9550.5,1.0
2019/3/7,65.0,65.0,65.0,65.0,65.0,6500.0,1.0
2019/3/8,66.5,66.5,66.5,66.5,66.5,6650.0,1.0
2019/3/11,68.4,68.4,68.4,68.4,68.4,3420.0,0.5
2019/3/13,67.0,67.0,67.0,67.0,67.0,536.0,1.0
2019/3/18,67.94,67.94,67.94,67.94,67.94,679.4,0.8333333333333334
2019/3/22,67.5,67.5,67.5,67.5,67.5,135.0,1.0
2019/3/28,69.29,69.29,69.29,69.29,69.29,238504.0,1.0
2019/3/29,69.82,69.82,69.82,69.82,69.82,164575.0,1.0
2019/4/2,70.28,70.28,70.28,70.28,70.28,232838.0,1.0
2019/4/8,74.44,74.44,74.44,74.44,74.44,1340.0,0.16666666666666666
2019/4/10,74.12,74.12,74.12,74.12,74.12,879635.0,0.3333333333333333
2019/4/11,74.02,74.02,74.02,74.02,74.02,161076.0,0.3333333333333333
2019/4/19,72.43,72.43,72.43,72.43,72.43,2880290.0,1.0
2019/4/22,73.67,73.67,73.67,73.67,73.67,919815.0,1.0
2019/4/23,73.72,73.72,73.72,73.72,73.72,1198270.0,1.0
2019/4/24,77.49,77.49,77.49,77.49,77.49,1084480.0,0.16666666666666666
2019/4/25,73.81,73.81,73.81,73.81,73.81,1976810.0,1.0
2019/4/26,75.03,75.03,75.03,75.03,75.03,360160.0,0.8333333333333334
2019/4/29,74.34,74.34,74.34,74.34,74.34,1868820.0,1.0
2019/4/30,75.59,75.59,75.59,75.59,75.59,148904.0,0.6666666666666666
2019/5/8,75.37,75.37,75.37,75.37,75.37,1071410.0,0.8333333333333334
2019/5/9,75.47,75.47,75.47,75.47,75.47,605758.0,0.6666666666666666
2019/5/10,75.75,75.75,75.75,75.75,75.75,13861.8,0.5
2019/5/13,77.1,77.1,77.1,77.1,77.1,15420.0,0.5
2019/5/14,77.88,77.88,77.88,77.88,77.88,340963.0,0.3333333333333333
2019/5/15,62.51,62.51,62.51,62.51,62.51,601217.0,1.0
2019/5/16,69.48,69.48,69.48,69.48,69.48,2143750.0,1.0
2019/5/17,73.66,73.66,73.66,73.66,73.66,2543030.0,1.0
2019/5/20,77.12,77.12,77.12,77.12,77.12,1901580.0,0.8333333333333334
2019/5/21,83.89,83.89,83.89,83.89,83.89,59977.5,0.16666666666666666
2019/5/22,82.05,82.05,82.05,82.05,82.05,3796070.0,0.5
2019/5/24,82.49,82.49,82.49,82.49,82.49,2417010.0,0.16666666666666666
2019/5/30,82.41,82.41,82.41,82.41,82.41,105732.0,0.16666666666666666
2019/5/31,65.9,65.9,65.9,65.9,65.9,65.9,1.0
2019/6/3,71.82,71.82,71.82,71.82,71.82,434745.0,1.0
2019/6/4,77.36,77.36,77.36,77.36,77.36,85254.8,1.0
2019/6/5,77.37,77.37,77.37,77.37,77.37,3154850.0,1.0
2019/6/6,78.0,78.0,78.0,78.0,78.0,15600.0,1.0
2019/6/10,81.04,81.04,81.04,81.04,81.04,120014.0,1.0
2019/6/11,81.09,81.09,81.09,81.09,81.09,806160.0,1.0
2019/6/12,81.9,81.9,81.9,81.9,81.9,16380.0,0.8333333333333334
2019/6/13,81.86,81.86,81.86,81.86,81.86,975628.0,1.0
2019/6/14,87.33,87.33,87.33,87.33,87.33,26200.0,0.3333333333333333
2019/6/17,87.0,87.0,87.0,87.0,87.0,17400.0,0.3333333333333333
2019/6/18,86.92,86.92,86.92,86.92,86.92,605728.0,0.3333333333333333
2019/6/19,83.21,83.21,83.21,83.21,83.21,1884740.0,0.6666666666666666
2019/6/20,84.56,84.56,84.56,84.56,84.56,2407250.0,0.6666666666666666
2019/6/21,87.47,87.47,87.47,87.47,87.47,6078590.0,0.16666666666666666
2019/6/24,81.96,81.96,81.96,81.96,81.96,2427020.0,1.0
2019/6/25,82.14,82.14,82.14,82.14,82.14,1009910.0,1.0
2019/6/26,87.2,87.2,87.2,87.2,87.2,20753.6,0.6666666666666666
2019/6/27,87.26,87.26,87.26,87.26,87.26,1359570.0,0.3333333333333333
2019/6/28,87.3,87.3,87.3,87.3,87.3,1012680.0,0.16666666666666666
2019/7/1,87.21,87.21,87.21,87.21,87.21,4211760.0,0.16666666666666666
2019/7/2,87.04,87.04,87.04,87.04,87.04,1399160.0,0.16666666666666666
2019/7/3,84.46,84.46,84.46,84.46,84.46,1899870.0,1.0
2019/7/4,84.9,84.9,84.9,84.9,84.9,4048340.0,1.0
2019/7/5,86.9,86.9,86.9,86.9,86.9,10688.7,0.3333333333333333
2019/7/8,86.79,86.79,86.79,86.79,86.79,950856.0,0.5
2019/7/9,86.71,86.71,86.71,86.71,86.71,4766210.0,0.75
2019/7/11,86.71,86.71,86.71,86.71,86.71,1146020.0,0.8333333333333334
2019/7/12,86.08,86.08,86.08,86.08,86.08,1766860.0,1.0
2019/7/15,86.94,86.94,86.94,86.94,86.94,1207640.0,0.8333333333333334
2019/7/16,86.87,86.87,86.87,86.87,86.87,2159390.0,1.0
2019/7/17,87.17,87.17,87.17,87.17,87.17,5594580.0,1.0
2019/7/18,87.21,87.21,87.21,87.21,87.21,3211860.0,0.6666666666666666
2019/7/19,87.2,87.2,87.2,87.2,87.2,812447.0,0.6666666666666666
2019/7/22,87.34,87.34,87.34,87.34,87.34,3297920.0,0.3333333333333333
2019/7/23,87.43,87.43,87.43,87.43,87.43,2691740.0,0.16666666666666666
2019/7/24,87.26,87.26,87.26,87.26,87.26,3228260.0,0.3333333333333333
2019/7/25,86.14,86.14,86.14,86.14,86.14,3146960.0,0.8333333333333334
2019/7/26,86.86,86.86,86.86,86.86,86.86,2819970.0,0.8333333333333334
2019/7/29,87.08,87.08,87.08,87.08,87.08,657946.0,0.8333333333333334
2019/7/30,87.24,87.24,87.24,87.24,87.24,3384990.0,0.5
2019/7/31,87.4,87.4,87.4,87.4,87.4,17480.0,0.3333333333333333
2019/8/1,83.92,83.92,83.92,83.92,83.92,2103190.0,1.0
2019/8/2,87.2,87.2,87.2,87.2,87.2,1999290.0,0.3333333333333333
2019/8/5,87.48,87.48,87.48,87.48,87.48,7381770.0,0.16666666666666666
2019/8/6,87.17,87.17,87.17,87.17,87.17,2844150.0,0.3333333333333333
2019/8/7,86.79,86.79,86.79,86.79,86.79,3853170.0,0.8333333333333334
2019/8/8,85.93,85.93,85.93,85.93,85.93,2302170.0,1.0
2019/8/9,86.98,86.98,86.98,86.98,86.98,890826.0,0.5
2019/8/12,86.87,86.87,86.87,86.87,86.87,1981330.0,0.6666666666666666
2019/8/13,87.36,87.36,87.36,87.36,87.36,2335790.0,0.16666666666666666
2019/8/14,87.06,87.06,87.06,87.06,87.06,4255580.0,0.16666666666666666
2019/8/15,86.94,86.94,86.94,86.94,86.94,6348440.0,0.16666666666666666
2019/8/16,85.95,85.95,85.95,85.95,85.95,7625630.0,0.8333333333333334
2019/8/19,85.1,85.1,85.1,85.1,85.1,4978250.0,1.0
2019/8/20,86.57,86.57,86.57,86.57,86.57,8288820.0,0.9166666666666666
2019/8/21,86.57,86.57,86.57,86.57,86.57,8288820.0,1.0
2019/8/22,86.91,86.91,86.91,86.91,86.91,4268980.0,1.0
2019/8/23,86.95,86.95,86.95,86.95,86.95,2029430.0,0.75
2019/8/26,86.96,86.96,86.96,86.96,86.96,9007840.0,0.4166666666666667
2019/8/27,86.96,86.96,86.96,86.96,86.96,9007840.0,0.3333333333333333
2019/8/28,87.01,87.01,87.01,87.01,87.01,10177600.0,0.16666666666666666
2019/8/29,86.95,86.95,86.95,86.95,86.95,11977100.0,0.16666666666666666
2019/8/30,82.81,82.81,82.81,82.81,82.81,5996850.0,1.0
2019/9/2,83.66,83.66,83.66,83.66,83.66,988484.0,1.0
2019/9/3,85.58,85.58,85.58,85.58,85.58,6589.7,1.0
2019/9/4,86.5,86.5,86.5,86.5,86.5,17300.0,0.6666666666666666
2019/9/5,86.76,86.76,86.76,86.76,86.76,1031340.0,0.5
2019/9/6,86.4,86.4,86.4,86.4,86.4,585822.0,0.8333333333333334
2019/9/10,86.9,86.9,86.9,86.9,86.9,18770.0,0.5
2019/9/11,86.18,86.18,86.18,86.18,86.18,4670940.0,1.0
2019/9/12,87.2,87.2,87.2,87.2,87.2,449778.0,0.3333333333333333
2019/9/16,86.72,86.72,86.72,86.72,86.72,2777210.0,0.3333333333333333
2019/9/17,86.49,86.49,86.49,86.49,86.49,1759710.0,0.8333333333333334
2019/9/18,87.5,87.5,87.5,87.5,87.5,205878.0,0.16666666666666666
2019/9/19,86.31,86.31,86.31,86.31,86.31,5696190.0,0.8333333333333334
2019/9/20,86.58,86.58,86.58,86.58,86.58,1278340.0,0.6666666666666666
2019/9/23,86.68,86.68,86.68,86.68,86.68,457843.0,0.6666666666666666
2019/9/24,86.9,86.9,86.9,86.9,86.9,484047.0,0.3333333333333333
2019/9/25,86.4,86.4,86.4,86.4,86.4,419572.0,0.8333333333333334
2019/9/26,86.25,86.25,86.25,86.25,86.25,1238950.0,1.0
2019/9/27,86.73,86.73,86.73,86.73,86.73,1329900.0,0.5
2019/9/30,87.17,87.17,87.17,87.17,87.17,378240.0,0.3333333333333333
2019/10/9,86.5,86.5,86.5,86.5,86.5,23009.0,0.5
2019/10/10,86.71,86.71,86.71,86.71,86.71,425732.0,0.3333333333333333
2019/10/15,86.49,86.49,86.49,86.49,86.49,278510.0,0.3333333333333333
2019/10/16,87.3,87.3,87.3,87.3,87.3,283812.0,0.16666666666666666
2019/10/18,81.4,81.4,81.4,81.4,81.4,325.6,0.3333333333333333
2019/10/21,76.0,76.0,76.0,76.0,76.0,76.0,0.3333333333333333
2019/10/22,84.0,84.0,84.0,84.0,84.0,8400.0,0.16666666666666666
2019/11/19,67.2,67.2,67.2,67.2,67.2,28560.0,0.16666666666666666
2019/11/21,60.5,60.5,60.5,60.5,60.5,16940.0,0.16666666666666666
2019/11/22,48.4,48.4,48.4,48.4,48.4,759202.0,1.0
2019/11/25,55.1,55.1,55.1,55.1,55.1,1180540.0,0.5833333333333334
2019/11/26,53.88,53.88,53.88,53.88,53.88,1286540.0,0.8333333333333334
2019/11/27,53.18,53.18,53.18,53.18,53.18,1447900.0,1.0
2019/11/28,55.1,55.1,55.1,55.1,55.1,182877.0,1.0
2019/12/2,66.0,66.0,66.0,66.0,66.0,33000.0,1.0
2019/12/3,72.11,72.11,72.11,72.11,72.11,685000.0,0.8333333333333334
2019/12/4,74.98,74.98,74.98,74.98,74.98,982238.0,0.5
2019/12/10,75.38,75.38,75.38,75.38,75.38,58800.0,0.3333333333333333
2019/12/11,76.48,76.48,76.48,76.48,76.48,1094790.0,0.16666666666666666
2019/12/12,74.66,74.66,74.66,74.66,74.66,687957.0,0.5
2019/12/13,60.0,60.0,60.0,60.0,60.0,60.0,1.0
2019/12/16,61.93,61.93,61.93,61.93,61.93,1734000.0,1.0
2019/12/17,71.26,71.26,71.26,71.26,71.26,257902.0,1.0
2019/12/18,75.15,75.15,75.15,75.15,75.15,497510.0,0.8333333333333334
2019/12/19,76.0,76.0,76.0,76.0,76.0,6384.0,0.5
2019/12/20,77.0,77.0,77.0,77.0,77.0,6160.0,0.3333333333333333
2019/12/23,75.82,75.82,75.82,75.82,75.82,448070.0,0.3333333333333333
2019/12/25,82.8,82.8,82.8,82.8,82.8,351238.0,0.16666666666666666
2019/12/27,75.0,75.0,75.0,75.0,75.0,65475.0,0.5
2019/12/30,68.7,68.7,68.7,68.7,68.7,68700.0,1.0
2019/12/31,70.0,70.0,70.0,70.0,70.0,71680.0,1.0
2020/1/6,73.1,73.1,73.1,73.1,73.1,35600.0,0.8333333333333334
2020/1/7,76.2,76.2,76.2,76.2,76.2,30480.0,0.8333333333333334
2020/1/8,80.1,80.1,80.1,80.1,80.1,24030.0,0.8333333333333334
2020/1/9,84.5,84.5,84.5,84.5,84.5,29575.0,0.4166666666666667
2020/2/18,84.5,84.5,84.5,84.5,84.5,84.5,0.3333333333333333
2020/3/11,68.0,68.0,68.0,68.0,68.0,20400.0,1.0
2020/3/12,81.0,81.0,81.0,81.0,81.0,81000.0,1.0
2020/3/13,84.4,84.4,84.4,84.4,84.4,50640.0,0.8333333333333334
2020/3/17,86.1,86.1,86.1,86.1,86.1,40897.5,0.5
2020/3/18,83.97,83.97,83.97,83.97,83.97,585695.0,1.0
2020/3/20,84.72,84.72,84.72,84.72,84.72,398180.0,1.0
2020/3/23,85.0,85.0,85.0,85.0,85.0,17425.0,1.0
2020/3/24,87.0,87.0,87.0,87.0,87.0,478600.0,0.3333333333333333
2020/3/25,86.33,86.33,86.33,86.33,86.33,19855.1,0.6666666666666666
2020/3/27,86.3,86.3,86.3,86.3,86.3,8630.0,0.6666666666666666
2020/4/1,86.7,86.7,86.7,86.7,86.7,9103.5,0.5
2020/4/7,87.2,87.2,87.2,87.2,87.2,11597.6,0.16666666666666666
2020/4/10,86.8,86.8,86.8,86.8,86.8,9200.08,0.16666666666666666
2020/4/16,85.37,85.37,85.37,85.37,85.37,6146.3,0.8333333333333334
2020/4/17,86.17,86.17,86.17,86.17,86.17,9566.2,0.5
2020/4/22,85.43,85.43,85.43,85.43,85.43,15720.0,0.8333333333333334
2020/4/29,86.0,86.0,86.0,86.0,86.0,86.0,0.6666666666666666
2020/5/12,74.34,74.34,74.34,74.34,74.34,347916.0,1.0
2020/5/13,88.0,88.0,88.0,88.0,88.0,9592.0,0.8333333333333334
2020/6/3,89.1,89.1,89.1,89.1,89.1,27353.7,0.6666666666666666
2020/6/4,89.3,89.3,89.3,89.3,89.3,20682.3,0.3333333333333333
2020/6/5,83.98,83.98,83.98,83.98,83.98,172325.0,0.5
2020/6/8,89.2,89.2,89.2,89.2,89.2,20605.2,0.5
2020/6/11,89.4,89.4,89.4,89.4,89.4,8046.0,0.5
2020/6/12,74.54,74.54,74.54,74.54,74.54,1060000.0,0.8333333333333334
2020/6/15,69.42,69.42,69.42,69.42,69.42,42834.1,1.0
2020/6/16,80.0,80.0,80.0,80.0,80.0,80000.0,1.0
2020/6/18,90.1,90.1,90.1,90.1,90.1,18020.0,0.6666666666666666
2020/6/19,90.5,90.5,90.5,90.5,90.5,349692.0,0.6666666666666666
2020/6/22,93.7,93.7,93.7,93.7,93.7,12368.4,0.3333333333333333
2020/6/24,90.0,90.0,90.0,90.0,90.0,1422000.0,0.8333333333333334
2020/6/29,88.83,88.83,88.83,88.83,88.83,520632.0,0.8333333333333334
2020/6/30,93.0,93.0,93.0,93.0,93.0,9300.0,0.5
2020/7/2,93.79,93.79,93.79,93.79,93.79,133274.0,0.3333333333333333
2020/7/6,92.94,92.94,92.94,92.94,92.94,287664.0,0.5
2020/7/7,100.0,100.0,100.0,100.0,100.0,154800.0,0.16666666666666666
2020/7/8,87.29,87.29,87.29,87.29,87.29,976382.0,0.5
2020/7/9,86.92,86.92,86.92,86.92,86.92,781332.0,0.6666666666666666
2020/7/10,93.5,93.5,93.5,93.5,93.5,9350.0,0.5
2020/7/13,85.13,85.13,85.13,85.13,85.13,1084510.0,0.8333333333333334
2020/7/14,84.87,84.87,84.87,84.87,84.87,1563230.0,1.0
2020/7/15,94.0,94.0,94.0,94.0,94.0,9400.0,0.25
2020/7/17,94.0,94.0,94.0,94.0,94.0,486450.0,0.3333333333333333
2020/7/20,92.58,92.58,92.58,92.58,92.58,370776.0,0.6666666666666666
2020/7/21,88.64,88.64,88.64,88.64,88.64,761451.0,0.8333333333333334
2020/7/22,93.93,93.93,93.93,93.93,93.93,24892.0,0.5
2020/7/23,90.62,90.62,90.62,90.62,90.62,366750.0,0.8333333333333334
2020/7/24,95.2,95.2,95.2,95.2,95.2,174597.0,0.25
2020/7/27,95.2,95.2,95.2,95.2,95.2,19040.0,0.16666666666666666
2020/7/28,86.61,86.61,86.61,86.61,86.61,262677.0,1.0
2020/7/29,93.77,93.77,93.77,93.77,93.77,57669.5,0.6666666666666666
2020/7/30,94.0,94.0,94.0,94.0,94.0,9400.0,0.5833333333333334
2020/7/31,89.36,89.36,89.36,89.36,89.36,1054400.0,1.0
2020/8/3,94.0,94.0,94.0,94.0,94.0,9400.0,0.8333333333333334
2020/8/4,95.35,95.35,95.35,95.35,95.35,1847100.0,0.5
2020/8/5,91.85,91.85,91.85,91.85,91.85,597050.0,0.8333333333333334
2020/8/6,98.18,98.18,98.18,98.18,98.18,715222.0,0.5
2020/8/10,98.2,98.2,98.2,98.2,98.2,141601.0,0.3333333333333333
2020/8/12,94.29,94.29,94.29,94.29,94.29,509377.0,0.5
2020/8/17,90.65,90.65,90.65,90.65,90.65,738272.0,1.0
2020/8/19,94.0,94.0,94.0,94.0,94.0,27636.0,0.5
2020/8/20,102.96,102.96,102.96,102.96,102.96,51276.0,0.16666666666666666
2020/8/21,94.75,94.75,94.75,94.75,94.75,1969900.0,0.16666666666666666
2020/8/24,92.14,92.14,92.14,92.14,92.14,1149180.0,0.5
2020/8/25,93.83,93.83,93.83,93.83,93.83,507617.0,0.3333333333333333
2020/8/26,89.9,89.9,89.9,89.9,89.9,8990.0,0.8333333333333334
2020/8/27,81.88,81.88,81.88,81.88,81.88,1036330.0,1.0
2020/8/28,90.62,90.62,90.62,90.62,90.62,1998520.0,0.8333333333333334
2020/8/31,95.28,95.28,95.28,95.28,95.28,534525.0,0.16666666666666666
2020/9/1,91.89,91.89,91.89,91.89,91.89,533799.0,0.5
2020/9/2,91.96,91.96,91.96,91.96,91.96,1120850.0,0.3333333333333333
2020/9/4,86.71,86.71,86.71,86.71,86.71,592751.0,0.3333333333333333
2020/9/7,93.92,93.92,93.92,93.92,93.92,359702.0,0.16666666666666666
2020/9/8,83.56,83.56,83.56,83.56,83.56,522565.0,0.3333333333333333
2020/9/9,81.57,81.57,81.57,81.57,81.57,524166.0,0.3333333333333333
2020/9/11,65.3,65.3,65.3,65.3,65.3,351379.0,0.8333333333333334
2020/9/14,63.5,63.5,63.5,63.5,63.5,165100.0,1.0
2020/9/15,76.2,76.2,76.2,76.2,76.2,76200.0,1.0
2020/9/16,87.58,87.58,87.58,87.58,87.58,9108.8,0.8333333333333334
2020/9/17,81.19,81.19,81.19,81.19,81.19,650217.0,1.0
2020/9/18,95.0,95.0,95.0,95.0,95.0,9500.0,0.3333333333333333
2020/9/21,94.66,94.66,94.66,94.66,94.66,1088160.0,0.5
2020/9/22,93.97,93.97,93.97,93.97,93.97,1332540.0,0.5
2020/9/24,95.79,95.79,95.79,95.79,95.79,48376.0,0.16666666666666666
2020/9/25,94.97,94.97,94.97,94.97,94.97,388444.0,0.16666666666666666
2020/9/28,86.48,86.48,86.48,86.48,86.48,834292.0,1.0
2020/9/29,88.29,88.29,88.29,88.29,88.29,3924970.0,0.8333333333333334
2020/9/30,87.62,87.62,87.62,87.62,87.62,3392450.0,1.0
2020/10/9,90.08,90.08,90.08,90.08,90.08,994200.0,1.0
2020/10/12,94.6,94.6,94.6,94.6,94.6,1699500.0,1.0
2020/10/13,95.28,95.28,95.28,95.28,95.28,2571450.0,0.3333333333333333
2020/10/14,95.12,95.12,95.12,95.12,95.12,2544640.0,0.6666666666666666
2020/10/15,95.2,95.2,95.2,95.2,95.2,760361.0,0.5
2020/10/16,95.37,95.37,95.37,95.37,95.37,857647.0,0.16666666666666666
2020/10/19,95.21,95.21,95.21,95.21,95.21,1189120.0,0.16666666666666666
2020/10/20,92.62,92.62,92.62,92.62,92.62,2288200.0,0.6666666666666666
2020/10/21,94.96,94.96,94.96,94.96,94.96,1791680.0,0.16666666666666666
2020/10/22,93.97,93.97,93.97,93.97,93.97,906952.0,0.16666666666666666
2020/10/23,88.96,88.96,88.96,88.96,88.96,1066460.0,0.8333333333333334
2020/10/26,88.84,88.84,88.84,88.84,88.84,2823790.0,1.0
2020/10/27,93.75,93.75,93.75,93.75,93.75,1230500.0,0.16666666666666666
2020/10/28,89.41,89.41,89.41,89.41,89.41,1307490.0,0.8333333333333334
2020/10/29,92.9,92.9,92.9,92.9,92.9,836706.0,0.5
2020/10/30,89.44,89.44,89.44,89.44,89.44,805863.0,0.8333333333333334
2020/11/2,93.42,93.42,93.42,93.42,93.42,910479.0,0.3333333333333333
2020/11/3,88.8,88.8,88.8,88.8,88.8,783753.0,1.0
2020/11/4,93.82,93.82,93.82,93.82,93.82,6803330.0,0.3333333333333333
2020/11/5,91.87,91.87,91.87,91.87,91.87,3358000.0,0.6666666666666666
2020/11/6,92.3,92.3,92.3,92.3,92.3,3761610.0,0.5
2020/11/9,91.55,91.55,91.55,91.55,91.55,856020.0,0.5
2020/11/10,96.29,96.29,96.29,96.29,96.29,3449420.0,0.16666666666666666
2020/11/11,91.53,91.53,91.53,91.53,91.53,3651080.0,0.3333333333333333
2020/11/12,93.92,93.92,93.92,93.92,93.92,5215820.0,0.16666666666666666
2020/11/13,90.09,90.09,90.09,90.09,90.09,1635890.0,0.16666666666666666
2020/11/16,82.5,82.5,82.5,82.5,82.5,438652.0,0.3333333333333333
2020/11/20,66.0,66.0,66.0,66.0,66.0,496254.0,1.0
2020/11/23,74.0,74.0,74.0,74.0,74.0,7400.0,0.3333333333333333
2020/11/26,88.8,88.8,88.8,88.8,88.8,9324.0,0.16666666666666666
2020/12/1,71.0,71.0,71.0,71.0,71.0,276900.0,0.6666666666666666
2020/12/2,71.8,71.8,71.8,71.8,71.8,143600.0,0.5
2020/12/3,71.1,71.1,71.1,71.1,71.1,711000.0,0.6666666666666666
2020/12/4,69.75,69.75,69.75,69.75,69.75,874156.0,0.8333333333333334
2020/12/7,62.58,62.58,62.58,62.58,62.58,493413.0,1.0
2020/12/8,75.0,75.0,75.0,75.0,75.0,75000.0,0.8333333333333334
2020/12/9,90.0,90.0,90.0,90.0,90.0,9000.0,0.3333333333333333
2020/12/14,91.01,91.01,91.01,91.01,91.01,11012.0,0.16666666666666666
2020/12/15,87.45,87.45,87.45,87.45,87.45,257275.0,0.16666666666666666
2020/12/16,72.8,72.8,72.8,72.8,72.8,75857.6,0.8333333333333334
2020/12/17,75.68,75.68,75.68,75.68,75.68,1146190.0,0.5
2020/12/18,64.7,64.7,64.7,64.7,64.7,336764.0,1.0
2020/12/21,75.0,75.0,75.0,75.0,75.0,75000.0,0.75
2020/12/22,85.0,85.0,85.0,85.0,85.0,289000.0,0.16666666666666666
2020/12/23,84.0,84.0,84.0,84.0,84.0,195132.0,0.16666666666666666
2020/12/29,75.0,75.0,75.0,75.0,75.0,75000.0,0.3333333333333333
2020/12/30,80.0,80.0,80.0,80.0,80.0,40000.0,0.16666666666666666
2020/12/31,74.6,74.6,74.6,74.6,74.6,484900.0,0.16666666666666666
2021/1/12,59.7,59.7,59.7,59.7,59.7,1253.7,0.16666666666666666
2021/1/13,47.8,47.8,47.8,47.8,47.8,111756.0,0.16666666666666666
2021/1/15,38.44,38.44,38.44,38.44,38.44,398657.0,0.8333333333333334
2021/1/18,40.93,40.93,40.93,40.93,40.93,512431.0,0.8333333333333334
2021/1/19,42.81,42.81,42.81,42.81,42.81,324722.0,0.6666666666666666
2021/1/22,36.0,36.0,36.0,36.0,36.0,468.0,1.0
2021/1/25,45.04,45.04,45.04,45.04,45.04,519315.0,0.6666666666666666
2021/1/26,48.75,48.75,48.75,48.75,48.75,195.0,0.16666666666666666
2021/2/1,46.4,46.4,46.4,46.4,46.4,79112.0,0.16666666666666666
2021/2/2,38.5,38.5,38.5,38.5,38.5,79810.5,0.3333333333333333
2021/2/3,46.2,46.2,46.2,46.2,46.2,209933.0,0.16666666666666666
2021/2/5,37.5,37.5,37.5,37.5,37.5,187.5,0.16666666666666666
2021/2/8,30.0,30.0,30.0,30.0,30.0,90000.0,0.75
2021/2/23,30.0,30.0,30.0,30.0,30.0,84000.0,0.6666666666666666
2021/3/3,30.0,30.0,30.0,30.0,30.0,6000.0,0.75
2021/3/18,30.0,30.0,30.0,30.0,30.0,1500.0,0.75
2021/3/19,36.0,36.0,36.0,36.0,36.0,1800.0,0.16666666666666666
2021/3/30,30.63,30.63,30.63,30.63,30.63,32160.0,0.3333333333333333
2021/3/31,28.41,28.41,28.41,28.41,28.41,31250.0,0.6666666666666666
2021/4/7,34.0,34.0,34.0,34.0,34.0,149022.0,0.3333333333333333
2021/4/14,30.0,30.0,30.0,30.0,30.0,197010.0,0.6666666666666666
2021/4/15,24.0,24.0,24.0,24.0,24.0,426720.0,1.0
2021/4/16,27.0,27.0,27.0,27.0,27.0,1350.0,1.0
2021/4/19,32.4,32.4,32.4,32.4,32.4,3240.0,1.0
2021/4/20,35.3,35.3,35.3,35.3,35.3,247100.0,1.0
2021/4/22,39.52,39.52,39.52,39.52,39.52,6164.4,1.0
2021/4/23,47.0,47.0,47.0,47.0,47.0,141047.0,0.6666666666666666
2021/4/26,50.11,50.11,50.11,50.11,50.11,90252.0,0.5
2021/4/27,43.77,43.77,43.77,43.77,43.77,52520.0,0.8333333333333334
2021/4/28,42.02,42.02,42.02,42.02,42.02,252730.0,1.0
2021/4/29,47.6,47.6,47.6,47.6,47.6,571150.0,1.0
2021/4/30,52.89,52.89,52.89,52.89,52.89,464932.0,1.0
2021/5/6,52.9,52.9,52.9,52.9,52.9,844914.0,1.0
2021/5/7,67.8,67.8,67.8,67.8,67.8,81360.0,1.0
2021/5/10,80.0,80.0,80.0,80.0,80.0,80.0,0.8333333333333334
2021/5/11,82.0,82.0,82.0,82.0,82.0,41000.0,0.5833333333333334
2021/5/12,82.0,82.0,82.0,82.0,82.0,41000.0,0.5
2021/5/13,81.87,81.87,81.87,81.87,81.87,84344.0,0.5
2021/5/14,79.8,79.8,79.8,79.8,79.8,470820.0,0.6666666666666666
2021/5/17,84.85,84.85,84.85,84.85,84.85,933300.0,0.3333333333333333
2021/5/18,87.5,87.5,87.5,87.5,87.5,87500.0,0.25
2021/5/19,81.49,81.49,81.49,81.49,81.49,212700.0,
2021/5/21,79.0,79.0,79.0,79.0,79.0,7900.0,
2021/5/27,64.35,64.35,64.35,64.35,64.35,494512.0,
2021/5/28,77.3,77.3,77.3,77.3,77.3,77300.0,
2021/5/31,87.5,87.5,87.5,87.5,87.5,4550.0,
