Date,pred,Close
2014/4/30,0.100932479,24.45
2014/5/5,0.187947541,24.36
2014/5/6,0.461021215,24.1
2014/5/7,0.862055182,23.96
2014/5/8,0.742335379,24
2014/5/9,0.906253695,23.76
2014/5/12,0.870980322,23.71
2014/5/13,0.451986194,24.17
2014/5/14,0.86799705,23.9
2014/5/15,0.252078235,24.3
2014/5/16,0.091882735,25
2014/5/19,0.043700829,36
2014/5/20,0.32139197,24.21
2014/5/21,0.48911342,24.24
2014/5/22,0.838104844,24.65
2014/5/23,0.65769881,24
2014/5/25,0.369480848,24
2014/5/26,0.117645673,24.3
2014/5/27,0.758076608,24.1
2014/5/28,0.337810785,24
2014/5/29,0.548769414,24.23
2014/5/30,0.701848507,24.01
2014/6/3,0.257671505,24
2014/6/4,0.727955699,24.5
2014/6/5,0.219930485,23.98
2014/6/6,0.271217465,23.9
2014/6/9,0.296445727,23.95
2014/6/10,0.370588988,23.8
2014/6/11,0.308133304,23.8
2014/6/12,0.680721998,23.8
2014/6/13,0.765508831,23.7
2014/6/16,0.618116736,24
2014/6/17,0.897919476,23
2014/6/18,0.895696878,23
2014/6/19,0.877595007,23.25
2014/6/20,0.896950603,23
2014/6/23,0.908631265,23
2014/6/24,0.838540256,23.45
2014/6/25,0.066610992,25.16
2014/6/26,0.788340867,23.48
2014/6/27,0.495787203,23
2014/6/30,0.248018622,24.4
2014/7/1,0.927856863,22.88
2014/7/2,0.275429457,23.8
2014/7/3,0.333370179,24.3
2014/7/4,0.881090701,23.48
2014/7/7,0.923857629,23.19
2014/7/8,0.580070078,23.91
2014/7/9,0.800845742,23.3
2014/7/10,0.413126647,23.5
2014/7/11,0.425783873,24.3
2014/7/14,0.254481465,25
2014/7/15,0.273175061,24.5
2014/7/16,0.24256213,24.5
2014/7/17,0.231525496,24.05
2014/7/18,0.265717983,24.5
2014/7/21,0.512964189,23.65
2014/7/22,0.477551639,23.83
2014/7/23,0.77678436,23.65
2014/7/24,0.817601562,23.8
2014/7/25,0.66798389,23.25
2014/7/28,0.455318332,23.79
2014/7/29,0.2999731,24
2014/7/30,0.409343183,24
2014/7/31,0.29418692,23.92
2014/8/1,0.305822343,25
2014/8/4,0.052036263,25.4
2014/8/5,0.741941333,23.3
2014/8/6,0.067056544,25
2014/8/7,0.776939332,23.06
2014/8/8,0.78264612,23.08
2014/8/11,0.822678268,23.05
2014/8/12,0.884566665,23
2014/8/13,0.91194123,23
2014/8/14,0.049763326,24.9
2014/8/15,0.973807752,22.99
2014/8/18,0.242254272,23.88
2014/8/19,0.965250432,23.2
2014/8/20,0.80942744,23.6
2014/8/21,0.850788355,23.5
2014/8/22,0.982241929,23
2014/8/25,0.849974513,23.5
2014/8/26,0.896509051,23.9
2014/8/27,0.846966922,23.48
2014/8/28,0.948138833,23.5
2014/8/29,0.945176959,23.95
2014/9/1,0.473806202,23.98
2014/9/2,0.817643762,24.49
2014/9/3,0.916906953,23.99
2014/9/4,0.969162345,23.95
2014/9/5,0.963045239,24
2014/9/9,0.897926748,23.97
2014/9/10,0.950065911,24.05
2014/9/11,0.966437876,24.1
2014/9/12,0.938743234,24.29
2014/9/15,0.918325782,24.25
2014/9/16,0.944770157,24.3
2014/9/17,0.98442328,24.35
2014/9/18,0.704978228,24.5
2014/9/19,0.881478667,24.5
2014/9/22,0.986213684,24.5
2014/9/23,0.786561668,24.55
2014/9/24,0.968189001,24.55
2014/9/25,0.932191908,24.7
2014/9/26,0.948378146,24.65
2014/9/29,0.936900496,25.09
2014/9/30,0.934108436,25
2014/10/8,0.656024396,25.14
2014/10/9,0.395039409,25.79
2014/10/10,0.39664337,25.8
2014/10/13,0.422005206,25.7
2014/10/14,0.673847437,25.91
2014/10/15,0.178103104,25.87
2014/10/16,0.498520613,25.65
2014/10/17,0.20229584,25.9
2014/10/20,0.237633616,25.8
2014/10/21,0.173144042,25.99
2014/10/22,0.634453893,25
2014/10/23,0.169149309,25.4
2014/10/24,0.239175975,25.3
2014/10/27,0.421874017,25.2
2014/10/28,0.685604036,25.1
2014/10/29,0.397652894,25.3
2014/10/30,0.604059219,25.1
2014/10/31,0.63142705,25.22
2014/11/4,0.205260262,25.3
2014/11/5,0.203623042,25.3
2014/11/6,0.239763469,25.1
2014/11/7,0.399927795,25.2
2014/11/10,0.192319125,25
2014/11/12,0.564014673,24.8
2014/11/13,0.264702439,24.9
2014/11/14,0.239556447,24.9
2014/11/17,0.237657592,24.6
2014/11/18,0.297081918,24.6
2014/11/19,0.438338816,24.8
2014/11/20,0.62081039,24.41
2014/11/21,0.743142784,24.15
2014/11/24,0.828358889,24.2
2014/11/25,0.866415024,24.05
2014/11/26,0.38843143,24.45
2014/11/27,0.169853374,24.3
2014/11/28,0.224821106,24.5
2014/12/1,0.075257435,25.2
2014/12/2,0.803191721,24.23
2014/12/3,0.104388647,25
2014/12/4,0.145392671,24.5
2014/12/5,0.424115002,24.35
2014/12/8,0.364471048,24.35
2014/12/9,0.269485921,24.5
2014/12/10,0.273947477,24.4
2014/12/11,0.437850505,24.35
2014/12/12,0.259232461,24.44
2014/12/15,0.302981436,24.35
2014/12/16,0.325345725,24.35
2014/12/17,0.479510307,24.32
2014/12/18,0.881948769,24.1
2014/12/19,0.610517323,24.2
2014/12/22,0.558187962,24.2
2014/12/23,0.120625727,24.98
2014/12/24,0.699825227,24.15
2014/12/25,0.508866847,24.38
2014/12/26,0.587204516,24.15
2014/12/29,0.562773407,24.5
2014/12/30,0.259724528,24.28
2014/12/31,0.459401995,24.2
2015/1/5,0.455659986,24.06
2015/1/6,0.57609123,24.17
2015/1/7,0.402645171,24.1
2015/1/8,0.129656926,24.6
2015/1/9,0.158262104,24.25
2015/1/12,0.16796726,24.25
2015/1/13,0.471718222,24.13
2015/1/14,0.35075894,24.19
2015/1/15,0.383576483,24.24
2015/1/16,0.645363748,24.08
2015/1/19,0.092599086,24.8
2015/1/20,0.938074768,24.07
2015/1/21,0.394733071,24.15
2015/1/22,0.953457117,24
2015/1/23,0.437763602,24.14
2015/1/26,0.529605329,24.13
2015/1/27,0.871230602,24.08
2015/1/28,0.791140378,24.08
2015/1/29,0.833413005,24.17
2015/1/30,0.702035129,24.49
2015/2/2,0.47842437,24.2
2015/2/3,0.646157026,24.2
2015/2/4,0.359243006,24.09
2015/2/5,0.953630149,24.1
2015/2/6,0.785598159,24.12
2015/2/9,0.806990266,24.08
2015/2/10,0.786839068,24.1
2015/2/11,0.828095078,24.14
2015/2/12,0.880586863,24.14
2015/2/13,0.823483109,24.16
2015/2/16,0.156375483,24.16
2015/2/17,0.990830958,21.44
2015/3/2,0.243189901,23.58
2015/3/3,0.962266982,24.21
2015/3/4,0.485539198,23.34
2015/3/5,0.616565108,25
2015/3/6,0.156851009,26.9
2015/3/9,0.073690914,27
2015/3/10,0.71368587,26
2015/3/11,0.716342509,26
2015/3/12,0.338695884,26
2015/3/13,0.178120717,26.8
2015/3/16,0.173491657,26.8
2015/3/17,0.094020516,26.8
2015/3/18,0.475127965,26.7
2015/3/19,0.051680531,26.9
2015/3/20,0.178498521,26.3
2015/3/23,0.082293041,26.79
2015/3/24,0.081280634,26.78
2015/3/25,0.189813331,26.3
2015/3/26,0.374992639,26
2015/3/27,0.436828107,25.85
2015/3/30,0.301145285,25.64
2015/3/31,0.619274199,26.41
2015/4/1,0.582787156,26.1
2015/4/2,0.439875662,25.9
2015/4/3,0.769279361,25.55
2015/4/7,0.741277337,25.58
2015/4/8,0.95738399,25.49
2015/4/9,0.378282785,26
2015/4/10,0.470710576,25.99
2015/4/13,0.864379168,25.55
2015/4/14,0.688485146,25.65
2015/4/15,0.68942672,25.65
2015/4/16,0.552664161,25.6
2015/4/17,0.276311487,25.5
2015/4/20,0.809423685,25.63
2015/4/21,0.347517848,25.6
2015/4/22,0.852690518,25.6
2015/4/23,0.617112041,26.48
2015/4/24,0.470260829,25.49
2015/4/27,0.411063433,26.35
2015/4/28,0.944387794,25.5
2015/4/29,0.247777119,26
2015/4/30,0.338829398,25.88
2015/5/4,0.567590237,26.35
2015/5/5,0.118168578,28.74
2015/5/6,0.142267704,28.69
2015/5/7,0.300862491,29.1
2015/5/8,0.188692555,28
2015/5/11,0.296461493,28.48
2015/5/12,0.617921174,27.2
2015/5/13,0.108525977,27.2
2015/5/14,0.234780341,26.88
2015/5/15,0.299130857,26.68
2015/5/18,0.363206804,26.45
2015/5/19,0.396002352,26.19
2015/5/20,0.581170142,25.55
2015/5/21,0.791245222,26
2015/5/22,0.270686686,26.98
2015/5/25,0.310978442,26.5
2015/5/26,0.181701854,26.1
2015/5/27,0.137115717,27.14
2015/5/28,0.670343637,25.6
2015/5/29,0.447272778,25.5
2015/6/1,0.43637836,25.35
2015/6/2,0.323151737,25.75
2015/6/3,0.383193374,25.5
2015/6/4,0.041863915,27.5
2015/6/5,0.040533356,26.25
2015/6/8,0.119811215,25.8
2015/6/9,0.209499881,25.8
2015/6/11,0.440807551,25.7
2015/6/12,0.712865174,25.4
2015/6/15,0.290207177,25.3
2015/6/16,0.72065562,25.4
2015/6/17,0.776312292,25.2
2015/6/18,0.450384051,25.49
2015/6/19,0.564149737,25.45
2015/6/23,0.307593703,25.2
2015/6/24,0.337546259,25.2
2015/6/25,0.166703761,25.2
2015/6/26,0.797550917,25.19
2015/6/29,0.41959089,25.09
2015/6/30,0.710292876,25.78
2015/7/2,0.65644908,26.5
2015/7/3,0.951032698,24.5
2015/7/6,0.852089107,25
2015/7/7,0.699347615,25.43
2015/7/8,0.587272584,25.2
2015/7/9,0.671132267,25.28
2015/7/10,0.85683316,25.99
2015/7/13,0.001721265,28.4
2015/7/14,0.000651837,28
2015/7/15,0.000681134,28.45
2015/7/16,1.85E-05,28.03
2015/7/17,0.000179561,27.9
2015/7/20,1.27E-05,27.89
2015/7/21,0.01078676,27.55
2015/7/22,0.470754057,27.29
2015/7/23,0.000726281,27.6
2015/7/24,0.646887302,27.5
2015/7/27,0.997930825,24.5
2015/7/28,0.996106505,24.99
2015/7/29,0.003461773,26.93
2015/7/30,0.008026343,25.98
2015/7/31,0.99435389,24.5
2015/8/3,0.965979338,25
2015/8/4,0.105799206,25.9
2015/8/5,0.864625335,24.74
2015/8/6,0.999340832,25.3
2015/8/7,0.105741777,25.5
2015/8/10,0.00143223,27
2015/8/12,0.274734855,25.5
2015/8/13,0.839749455,25.45
2015/8/14,0.401960194,25.45
2015/8/17,0.1024637,26.69
2015/8/18,0.33818236,25.1
2015/8/19,0.076609932,27.49
2015/8/20,0.49954322,25.65
2015/8/21,0.908614695,25.8
2015/8/24,0.954639912,25.6
2015/8/25,0.138135716,25
2015/8/26,0.154806405,25
2015/8/27,0.079985879,25.45
2015/8/28,0.5880422,24.5
2015/8/31,0.418843597,24.5
2015/9/1,0.239677936,25.25
2015/9/2,0.858700931,24.7
2015/9/7,0.398171306,24.6
2015/9/8,0.450945884,24.6
2015/9/9,0.201057181,25
2015/9/10,0.217061549,24.9
2015/9/11,0.430516094,24.7
2015/9/14,0.558070719,24.8
2015/9/15,0.609724224,24.2
2015/9/16,0.502758026,24.5
2015/9/17,0.467158198,24.4
2015/9/18,0.407062978,24.4
2015/9/21,0.27972433,24
2015/9/22,0.264716566,23.85
2015/9/23,0.392409652,23.35
2015/9/24,0.638634324,23.2
2015/9/25,0.320047706,25.1
2015/9/28,0.249221236,24.45
2015/9/29,0.159121841,24.99
2015/9/30,0.160139352,26.96
2015/10/8,0.066871226,26.5
2015/10/9,0.466317207,23.5
2015/10/12,0.220126018,23.4
2015/10/13,0.532242298,23.3
2015/10/14,0.219594777,23.25
2015/10/15,0.563494503,23.15
2015/10/16,0.433697224,23.18
2015/10/19,0.541986585,23.11
2015/10/20,0.387828141,24.8
2015/10/21,0.122402839,23.15
2015/10/22,0.339045942,23.58
2015/10/23,0.156968608,23.2
2015/10/26,0.265981466,23.2
2015/10/27,0.444462091,23.15
2015/10/28,0.352169305,23.19
2015/10/29,0.840714157,23.15
2015/10/30,0.803039014,23.05
2015/11/2,0.313526869,23.2
2015/11/3,0.396297246,24.18
2015/11/4,0.640207231,23.1
2015/11/5,0.542822599,23.25
2015/11/6,0.246071011,23.16
2015/11/9,0.648476541,23.13
2015/11/10,0.553959012,22.55
2015/11/11,0.624629021,22.3
2015/11/12,0.9123891,22.55
2015/11/13,0.131080732,23.79
2015/11/16,0.803906024,23.15
2015/11/17,0.198521882,23.1
2015/11/18,0.613884509,23.01
2015/11/19,0.062310264,23.9
2015/11/20,0.360326976,23.05
2015/11/23,0.309551328,23.1
2015/11/24,0.171991885,23.13
2015/11/25,0.057527047,23.73
2015/11/26,0.84596771,23.2
2015/11/27,0.949798524,23.11
2015/11/30,0.726222217,23.11
2015/12/1,0.15599525,23.05
2015/12/2,0.233911455,23.01
2015/12/3,0.494083941,23.05
2015/12/4,0.262885422,22.18
2015/12/7,0.392290801,22.5
2015/12/8,0.505066693,22.95
2015/12/9,0.143992543,22.96
2015/12/10,0.258479059,23.2
2015/12/14,0.460787714,22.95
2015/12/15,0.363610148,23
2015/12/16,0.398997068,22.81
2015/12/17,0.371274173,22.55
2015/12/18,0.821223974,22.6
2015/12/21,0.909468591,22.41
2015/12/22,0.888682842,22.6
2015/12/23,0.846406817,22.79
2015/12/24,0.865583241,22.81
2015/12/25,0.866566241,22.86
2015/12/28,0.332502306,23.07
2015/12/29,0.580752611,22.24
2015/12/30,0.175269529,23.08
2015/12/31,0.049898412,24.4
2016/1/4,0.538413703,22.6
2016/1/5,0.974122703,21
2016/1/6,0.154445678,23.08
2016/1/7,0.911658704,23.7
2016/1/8,0.193142161,23
2016/1/11,0.054376487,23.7
2016/1/12,0.392133027,22.89
2016/1/13,0.351568878,22.9
2016/1/14,0.668898821,22.8
2016/1/15,0.618281782,22.8
2016/1/18,0.423704684,22.82
2016/1/19,0.540863216,22.81
2016/1/20,0.618283868,22.81
2016/1/21,0.571146429,22.64
2016/1/22,0.610409021,22.8
2016/1/25,0.672870934,22.5
2016/1/26,0.871124625,22.31
2016/1/27,0.302794695,22.51
2016/1/28,0.885011137,22.4
2016/1/29,0.638757885,22.2
2016/2/1,0.436776549,22.46
2016/2/2,0.484554172,23.4
2016/2/3,0.381781936,23
2016/2/4,0.337012589,21.4
2016/2/5,0.294522434,23.5
2016/2/15,0.25039795,23
2016/2/16,0.226366386,23.5
2016/2/17,0.273073912,23.41
2016/2/18,0.169743165,23.44
2016/2/19,0.016284097,23.46
2016/2/22,0.025781341,23.6
2016/2/23,0.050940417,23.4
2016/2/24,0.1452654,22.82
2016/2/25,0.042142976,23.36
2016/2/26,0.06606207,23.32
2016/2/29,0.21775195,23.45
2016/3/1,0.111869097,22.71
2016/3/2,0.034566998,22.68
2016/3/3,0.207766876,21.96
2016/3/4,0.467818856,22.06
2016/3/7,0.208988935,22.2
2016/3/8,0.143671066,22.25
2016/3/9,0.066945665,22.29
2016/3/10,0.068518095,22.2
2016/3/11,0.038222607,22.32
2016/3/14,0.051045973,22.12
2016/3/15,0.294379145,22.05
2016/3/16,0.862824082,21.68
2016/3/17,0.352263302,21.98
2016/3/18,0.312045932,22
2016/3/21,0.359003395,22.05
2016/3/22,0.141699001,22.07
2016/3/23,0.661971867,22.1
2016/3/24,0.079917505,22.05
2016/3/25,0.105150446,22.05
2016/3/28,0.198198065,21.92
2016/3/29,0.513897717,21.73
2016/3/30,0.171574771,21.9
2016/3/31,0.534416854,21.53
2016/4/1,0.597058237,22.07
2016/4/5,0.11460416,21.95
2016/4/6,0.682116687,21.95
2016/4/7,0.164629966,21.76
2016/4/8,0.72980392,21.77
2016/4/11,0.054671224,21.77
2016/4/12,0.619601727,21.75
2016/4/13,0.066198938,21.63
2016/4/14,0.070115805,21.55
2016/4/15,0.126397535,21.3
2016/4/18,0.249089986,20.01
2016/4/19,0.067076832,21
2016/4/20,0.718631625,20.09
2016/4/21,0.055905245,20.9
2016/4/22,0.094408087,20.01
2016/4/25,0.100376032,20
2016/4/26,0.373179913,18.25
2016/4/27,0.675631404,18.99
2016/4/28,0.130853653,18.49
2016/4/29,0.285282582,18.4
2016/5/3,0.575193226,17.14
2016/5/4,0.725318789,15.66
2016/5/5,0.81079644,16.6
2016/5/6,0.665972531,16.63
2016/5/9,0.39783147,18
2016/5/10,0.124176964,17.6
2016/5/11,0.282800406,17.25
2016/5/12,0.149388015,17.28
2016/5/13,0.715877771,17.43
2016/5/16,0.186703891,17.18
2016/5/17,0.700309932,17.24
2016/5/18,0.800850511,17.15
2016/5/19,0.630910873,16.97
2016/5/20,0.254929245,16.31
2016/5/23,0.577999473,15.78
2016/5/24,0.198756203,14.66
2016/5/25,0.720305502,15.73
2016/5/26,0.881037176,15.64
2016/5/27,0.93291378,15.5
2016/5/30,0.908869386,15.39
2016/5/31,0.733377099,15.33
2016/6/1,0.934477329,15.5
2016/6/2,0.976589799,15.58
2016/6/3,0.707239091,16.28
2016/6/6,0.323717684,16.61
2016/6/7,0.670769513,16.5
2016/6/8,0.514365673,15.79
2016/6/13,0.84226799,15.83
2016/6/14,0.586335957,16
2016/6/15,0.687096894,16.49
2016/6/16,0.684380472,16.07
2016/6/17,0.759803176,16.02
2016/6/20,0.551735044,16.42
2016/6/21,0.704958141,16.58
2016/6/22,0.396802276,16.51
2016/6/23,0.453964829,16.56
2016/6/24,0.550219536,16.07
2016/6/27,0.368498564,16.67
2016/6/28,0.368974924,16.6
2016/6/29,0.275488347,16.61
2016/6/30,0.568321109,16.7
2016/7/1,0.474136949,16.81
2016/7/4,0.525604904,16.6
2016/7/5,0.22833173,16.73
2016/7/6,0.533154428,16.73
2016/7/7,0.444418907,16.82
2016/7/8,0.357306153,16.84
2016/7/11,0.281951219,15.98
2016/7/12,0.277727962,14.98
2016/7/13,0.598216355,13.48
2016/7/14,0.706875563,12.13
2016/7/15,0.735407472,10.92
2016/7/18,0.84592551,10.81
2016/7/19,0.935039222,10.07
2016/7/20,0.981706083,10.59
2016/7/21,0.992730856,10.48
2016/7/22,0.993606389,10.38
2016/7/25,0.983460367,11.33
2016/7/26,0.408095121,12.46
2016/7/27,0.790474296,13.71
2016/7/28,0.18325071,14.34
2016/7/29,0.263745457,14.2
2016/8/1,0.073342398,14.06
2016/8/2,0.764761388,13.92
2016/8/3,0.857405424,13.78
2016/8/4,0.9997648,13.64
2016/8/5,0.995495558,13.5
2016/8/8,0.9742347,14.18
2016/8/9,0.40168345,14.78
2016/8/10,0.811731398,14.63
2016/8/11,0.459706247,14.8
2016/8/12,0.65008837,14.34
2016/8/15,0.918405235,14.2
2016/8/16,0.008958193,16.6
2016/8/17,0.195290014,14.09
2016/8/18,0.979354262,14.23
2016/8/19,0.876528978,14.58
2016/8/22,0.747390032,14.81
2016/8/23,0.426404148,14.99
2016/8/24,0.530640304,15.09
2016/8/25,0.309545636,14.94
2016/8/26,0.273390561,14.79
2016/8/29,0.227838039,14.64
2016/8/30,0.294258386,15.08
2016/8/31,0.297097832,15.44
2016/9/1,0.390974343,15.44
2016/9/2,0.497693717,15.14
2016/9/5,0.748524129,14.99
2016/9/6,0.541890323,14.85
2016/9/7,0.408633143,14.87
2016/9/8,0.605210364,14.72
2016/9/9,0.846398175,15.1
2016/9/12,0.790788472,15.28
2016/9/13,0.446187466,15.6
2016/9/14,0.653158069,15.7
2016/9/19,0.626770616,15.63
2016/9/20,0.700079858,15.85
2016/9/21,0.531725645,16
2016/9/22,0.681090117,15.85
2016/9/23,0.40751788,16.21
2016/9/26,0.255460471,16.6
2016/9/27,0.277749717,16.69
2016/9/28,0.38706246,16.7
2016/9/29,0.422541916,16.68
2016/9/30,0.126913741,16.69
2016/10/10,0.252247155,16.67
2016/10/11,0.167938352,16.79
2016/10/12,0.267830342,16.62
2016/10/13,0.206562743,16.68
2016/10/14,0.223697767,16.51
2016/10/17,0.370939612,16.35
2016/10/18,0.26225099,16.4
2016/10/19,0.398605168,16.26
2016/10/20,0.449491799,16.1
2016/10/21,0.614421725,15.94
2016/10/24,0.593886197,15.78
2016/10/25,0.631887197,15.71
2016/10/26,0.649042428,15.55
2016/10/27,0.69846487,16.99
2016/10/28,0.709946632,16.82
2016/10/31,0.702568293,16.65
2016/11/1,0.723666906,16.48
2016/11/2,0.661076844,16.32
2016/11/3,0.704556823,16.16
2016/11/4,0.62384963,16
2016/11/7,0.73197329,15.84
2016/11/8,0.733382404,15.68
2016/11/9,0.663630366,16.49
2016/11/10,0.683113158,16.33
2016/11/11,0.64145726,16.17
2016/11/14,0.611844242,16.49
2016/11/15,0.626653612,16.93
2016/11/16,0.5672611,16.76
2016/11/17,0.470957845,17.14
2016/11/18,0.435117692,16.97
2016/11/21,0.449724674,17.05
2016/11/22,0.425450057,16.88
2016/11/23,0.492716908,16.72
2016/11/24,0.46728155,16.55
2016/11/25,0.484709829,16.55
2016/11/28,0.4382523,17.69
2016/11/29,0.354136258,17.96
2016/11/30,0.334779114,17.88
2016/12/1,0.320260733,18
2016/12/2,0.419791877,18.55
2016/12/5,0.180827513,19.2
2016/12/6,0.235408321,19.2
2016/12/7,0.269574046,18.82
2016/12/8,0.25199917,18.63
2016/12/9,0.315793395,18.44
2016/12/12,0.152485058,19.81
2016/12/13,0.091615692,19.61
2016/12/14,0.086104035,19.41
2016/12/26,0.22277087,18.75
2016/12/27,0.125024557,19.4
2016/12/28,0.106394418,19.68
2016/12/29,0.062375713,19.06
2016/12/30,0.062304478,19.84
2017/1/3,0.089826196,19.44
2017/1/4,0.205555424,19.41
2017/1/5,0.166874677,18.6
2017/1/6,0.182766348,18.91
2017/1/9,0.222893372,18.52
2017/1/10,0.113867335,18.94
2017/1/11,0.246170983,18.79
2017/1/12,0.141358629,18.87
2017/1/13,0.13977623,18.7
2017/1/16,0.188091591,18.5
2017/1/17,0.208302841,18.5
2017/1/18,0.083665244,18.49
2017/1/19,0.260125786,18.29
2017/1/20,0.289605409,18.29
2017/1/23,0.294053614,18.5
2017/1/24,0.657289326,17.63
2017/1/25,0.154333398,18.68
2017/1/26,0.141747653,18.95
2017/2/3,0.24316445,18
2017/2/6,0.276575655,18.33
2017/2/7,0.348323852,18.03
2017/2/8,0.454995632,17.9
2017/2/9,0.331929654,18.15
2017/2/10,0.371997774,17.95
2017/2/13,0.324103147,17.29
2017/2/14,0.541299641,17.44
2017/2/15,0.571392894,17.63
2017/2/16,0.591620684,17.58
2017/2/17,0.623089731,17.52
2017/2/20,0.353349537,17.89
2017/2/21,0.306955427,17.83
2017/2/22,0.310685933,19.97
2017/2/23,0.475697607,17.63
2017/2/24,0.45007515,17.68
2017/2/27,0.660791934,17.65
2017/2/28,0.466264516,17.44
2017/3/1,0.310138822,17.48
2017/3/2,0.593271971,17.48
2017/3/3,0.592700779,17.21
2017/3/6,0.339039713,16.8
2017/3/7,0.408591121,17.72
2017/3/8,0.529033661,17.4
2017/3/9,0.315384924,18
2017/3/10,0.448268682,17.34
2017/3/13,0.453191668,17.26
2017/3/14,0.482589602,17.29
2017/3/15,0.663491607,17.32
2017/3/16,0.367228508,18
2017/3/17,0.284747571,17.3
2017/3/20,0.196697101,17.35
2017/3/21,0.16911082,17.31
2017/3/22,0.27577275,17
2017/3/23,0.54323101,16.86
2017/3/24,0.391718119,16.7
2017/3/27,0.244105205,16.99
2017/3/28,0.453015178,16.93
2017/3/29,0.488014907,16.54
2017/3/30,0.223806381,16.95
2017/3/31,0.229136154,16.6
2017/4/5,0.435338825,16.55
2017/4/6,0.405745059,16.55
2017/4/7,0.742069483,16.03
2017/4/10,0.805799782,16
2017/4/11,0.865579367,15.89
2017/4/12,0.906259835,15.3
2017/4/13,0.909335911,14.81
2017/4/14,0.925732613,14.59
2017/4/17,0.846033752,15.25
2017/4/18,0.96032083,15.34
2017/4/19,0.91880244,15.52
2017/4/20,0.826920569,15.54
2017/4/21,0.938607335,15.9
2017/4/24,0.913287282,16.08
2017/4/25,0.158876941,16.77
2017/4/26,0.064759195,16.96
2017/4/27,0.659683049,16.54
2017/4/28,0.602489769,16.29
2017/5/2,0.906506658,16.12
2017/5/3,0.662490785,15.84
2017/5/4,0.740367115,16.21
2017/5/5,0.287124187,16.2
2017/5/8,0.526143432,16.29
2017/5/9,0.303027987,16.5
2017/5/10,0.267367631,16.48
2017/5/11,0.399802923,16.23
2017/5/12,0.199438095,16.34
2017/5/15,0.475241631,16.33
2017/5/16,0.634228528,16.37
2017/5/17,0.335198611,16.4
2017/5/18,0.247942209,16.48
2017/5/19,0.082962401,16.85
2017/5/22,0.048454449,16.91
2017/5/23,0.072589472,16.91
2017/5/24,0.075108208,16.84
2017/5/25,0.025953174,16.92
2017/5/26,0.058865134,16.7
2017/5/31,0.888511896,16.71
2017/6/1,0.037505779,16.63
2017/6/2,0.041016232,16.28
2017/6/5,0.104163028,16.11
2017/6/6,0.061800078,16.09
2017/6/7,0.187962309,15.78
2017/6/8,0.507888198,15.81
2017/6/9,0.077615991,15.85
2017/6/12,0.075784631,15.94
2017/6/13,0.498595268,15.46
2017/6/14,0.040943939,15.65
2017/6/15,0.097202487,15.64
2017/6/16,0.210089386,15.65
2017/6/19,0.036916312,15.6
2017/6/20,0.026924834,15.4
2017/6/21,0.042111274,15.33
2017/6/22,0.235706478,14.71
2017/6/23,0.030573314,14.36
2017/6/26,0.058612887,13.9
2017/6/27,0.160397813,13.99
2017/6/28,0.096363045,13.68
2017/6/29,0.681231022,13.44
2017/6/30,0.577519953,13.58
2017/7/3,0.433210701,13.67
2017/7/4,0.064115316,14.07
2017/7/5,0.135588616,13.95
2017/7/6,0.035527952,14
2017/7/7,0.028924145,14
2017/7/10,0.027504379,13.92
2017/7/11,0.037539706,14
2017/7/12,0.075672626,13.8
2017/7/13,0.020805452,13.91
2017/7/14,0.01353765,13.9
2017/7/17,0.01300974,13.88
2017/7/18,0.005719542,13.65
2017/7/19,0.082055159,13.19
2017/7/20,0.024385054,12.88
2017/7/21,0.023981983,13.45
2017/7/24,0.191439077,13.48
2017/7/25,0.00314136,13.22
2017/7/26,0.001433081,13.32
2017/7/27,0.004897428,13.31
2017/7/28,0.032644525,13.11
2017/7/31,0.001073136,13.01
2017/8/1,0.000701905,12.28
2017/8/2,0.008693396,11.56
2017/8/3,0.003664769,11.26
2017/8/4,0.990013957,12.23
2017/8/7,0.976765394,12.29
2017/8/8,0.826449335,12.41
2017/8/9,0.868738711,12.43
2017/8/10,0.937195778,12.4
2017/8/11,0.623326302,12.56
2017/8/14,0.187333807,12.83
2017/8/15,0.882973671,12.45
2017/8/16,0.107789814,12.23
2017/8/17,0.981365144,12.3
2017/8/18,0.950976253,12.39
2017/8/21,0.876393139,12.31
2017/8/22,0.866410613,12.51
2017/8/23,0.63206166,12.7
2017/8/24,0.284863353,13.39
2017/8/25,0.839866698,12.71
2017/8/28,0.822206378,12.61
2017/8/29,0.733889222,12.63
2017/8/30,0.73714447,12.74
2017/8/31,0.671901882,12.76
2017/9/1,0.813596427,12.97
2017/9/4,0.718148947,12.76
2017/9/5,0.799581647,12.93
2017/9/6,0.622144103,12.94
2017/9/7,0.716679811,12.87
2017/9/8,0.584814847,12.88
2017/9/11,0.490996569,13.17
2017/9/12,0.418609142,13.01
2017/9/13,0.261495233,13.2
2017/9/14,0.648137987,13.1
2017/9/15,0.32565093,13.08
2017/9/18,0.62041074,13.1
2017/9/19,0.772407591,13.48
2017/9/20,0.905985594,13.01
2017/9/21,0.803845048,13.08
2017/9/22,0.916333497,13.05
2017/9/25,0.908115327,13.3
2017/9/26,0.88929981,13.25
2017/9/27,0.813827455,13.25
2017/9/28,0.76157409,13.5
2017/9/29,0.705377221,13.81
2017/10/9,0.800530612,13.51
2017/10/10,0.835299075,12.18
2017/10/11,0.709743917,13.4
2017/10/12,0.630135477,13.71
2017/10/13,0.376753896,14.61
2017/10/16,0.861875713,13.93
2017/10/17,0.600560367,14.3
2017/10/18,0.652101696,13.94
2017/10/19,0.341357976,14.35
2017/10/20,0.716594756,13.73
2017/10/23,0.768977582,13.69
2017/10/24,0.575000346,13.69
2017/10/25,0.657757878,13.82
2017/10/26,0.75358659,13.62
2017/10/27,0.814715564,13.84
2017/10/30,0.59703517,13.76
2017/10/31,0.831505537,13.96
2017/11/1,0.752906978,14.02
2017/11/2,0.848378778,14.27
2017/11/3,0.569152415,14.25
2017/11/6,0.58405447,14.39
2017/11/7,0.765004277,14.7
2017/11/8,0.44080025,14.72
2017/11/9,0.251136154,15.05
2017/11/10,0.25510782,15.94
2017/11/13,0.453243166,16.19
2017/11/14,0.133174434,16.2
2017/11/15,0.071116008,15.99
2017/11/16,0.3480317,16.01
2017/11/17,0.042674303,16.02
2017/11/20,0.128719226,15.95
2017/11/21,0.030855259,15.7
2017/11/22,0.410363317,15.1
2017/11/23,0.111229725,15.36
2017/11/24,0.179419488,15.27
2017/11/27,0.955537975,14.93
2017/11/28,0.937553585,15.14
2017/11/29,0.809701681,14.98
2017/11/30,0.720310628,14.88
2017/12/1,0.95031172,14.88
2017/12/4,0.79701668,15.33
2017/12/5,0.617896497,15.26
2017/12/6,0.846033216,15.17
2017/12/7,0.804611683,15.19
2017/12/8,0.87843585,15.16
2017/12/11,0.650905669,15.33
2017/12/12,0.835769415,15.49
2017/12/13,0.542346954,15.24
2017/12/14,0.678003371,15.21
2017/12/15,0.68938607,15.19
2017/12/18,0.779448926,15.05
2017/12/19,0.653060079,15.19
2017/12/20,0.581094503,15.32
2017/12/21,0.645395577,15.38
2017/12/22,0.749186218,15.45
2017/12/25,0.654367328,15.6
2017/12/26,0.457452714,15.62
2017/12/27,0.567941964,15.63
2017/12/28,0.676266611,15.52
2017/12/29,0.703949571,15.68
2018/1/2,0.613715291,15.23
2018/1/3,0.628568888,15.29
2018/1/4,0.767137587,15.02
2018/1/5,0.734966099,14.7
2018/1/8,0.849440575,15.01
2018/1/9,0.776402891,15.29
2018/1/10,0.84288609,15.42
2018/1/11,0.855248392,15.3
2018/1/12,0.721090376,15.33
2018/1/15,0.642140508,15.33
2018/1/16,0.724417508,15.34
2018/1/17,0.835077763,14.76
2018/1/18,0.804036617,14.75
2018/1/19,0.799104512,14.95
2018/1/22,0.785490453,15.14
2018/1/23,0.817221582,16.55
2018/1/24,0.749482512,14.99
2018/1/25,0.728512585,14.99
2018/1/26,0.741074562,14.57
2018/1/29,0.798050821,14.93
2018/1/30,0.680958331,15.44
2018/1/31,0.622498214,15.14
2018/2/1,0.722383738,14.85
2018/2/2,0.56491363,14.97
2018/2/5,0.691800296,14.64
2018/2/6,0.82768029,14.9
2018/2/7,0.797973454,14.93
2018/2/8,0.66235435,14.99
2018/2/9,0.806844831,15.02
2018/2/12,0.901558876,14.4
2018/2/13,0.897024632,14.15
2018/2/14,0.740992844,15.29
2018/2/22,0.785170317,16.35
2018/2/23,0.906959772,14.72
2018/2/26,0.888219357,14.3
2018/2/27,0.727316141,14.84
2018/2/28,0.614106715,14.99
2018/3/1,0.867215037,14.07
2018/3/2,0.738948464,14.99
2018/3/5,0.771762729,14.98
2018/3/6,0.689543962,15.09
2018/3/7,0.793570638,14.86
2018/3/8,0.750810623,14.84
2018/3/9,0.628851056,15.46
2018/3/12,0.474605411,14.95
2018/3/13,0.664197385,14.8
2018/3/14,0.775017321,14.98
2018/3/16,0.787386596,14.98
2018/3/19,0.464875013,14.86
2018/3/20,0.670174539,14.78
2018/3/21,0.93547678,15.19
2018/3/22,0.732623398,15.51
2018/3/23,0.734874904,14.95
2018/3/26,0.733781338,15.24
2018/3/27,0.912948549,14.94
2018/3/28,0.762572646,15.17
2018/3/29,0.737327754,15.11
2018/3/30,0.794776082,14.89
2018/4/2,0.811598361,15.25
2018/4/3,0.770350635,15.6
2018/4/4,0.524129093,15.6
2018/4/9,0.648504019,15.76
2018/4/10,0.663526416,15.7
2018/4/11,0.635057151,15.07
2018/4/12,0.666171491,15.5
2018/4/13,0.246677846,15.74
2018/4/16,0.561356544,14.72
2018/4/17,0.607376695,15.45
2018/4/18,0.753927469,15.47
2018/4/19,0.395322084,15.99
2018/4/20,0.520924628,15.49
2018/4/23,0.766425133,15.54
2018/4/24,0.440266311,15.58
2018/4/25,0.669009447,15.57
2018/4/26,0.506453931,15.66
2018/4/27,0.741060793,15.53
2018/5/2,0.559521794,16
2018/5/3,0.535170496,15.96
2018/5/4,0.738695323,15.8
2018/5/7,0.83891356,15.65
2018/5/8,0.673638344,15.6
2018/5/9,0.591110349,15.55
2018/5/10,0.862118304,15.58
2018/5/11,0.727355719,15.64
2018/5/14,0.783788621,15.56
2018/5/15,0.723118603,15.56
2018/5/16,0.8110829,15.35
2018/5/17,0.753972888,15.59
2018/5/18,0.802311301,15.47
2018/5/21,0.815381467,15.5
2018/5/22,0.700475097,15.49
2018/5/23,0.704373538,15.55
2018/5/24,0.685763121,16.1
2018/5/28,0.530425072,16.82
2018/5/29,0.504520297,16.97
2018/5/30,0.06072877,17.39
2018/5/31,0.075508066,17
2018/6/1,0.252209127,16.75
2018/6/4,0.096027248,16.94
2018/6/5,0.067478716,16.88
2018/6/6,0.038579348,16.57
2018/6/7,0.864611506,16.61
2018/6/8,0.416558027,16.76
2018/6/11,0.653045893,16.57
2018/6/12,0.885336936,16.5
2018/6/13,0.934954405,16.48
2018/6/14,0.847897291,16.5
2018/6/15,0.927647471,16.7
2018/6/19,0.761342108,16.8
2018/6/20,0.56634599,16.7
2018/6/21,0.91540122,16.74
2018/6/22,0.785984099,16.71
2018/6/25,0.948148549,16.8
2018/6/26,0.842794478,16.85
2018/6/27,0.902847588,16.85
2018/6/28,0.912395895,16.85
2018/6/29,0.931881487,17
2018/7/2,0.870616734,17.05
2018/7/3,0.890306234,17.29
2018/7/4,0.87606895,16.83
2018/7/5,0.895488739,17.45
2018/7/6,0.847096741,17.68
2018/7/9,0.284911841,18.15
2018/7/10,0.880809724,18.74
2018/7/11,0.874733031,19.19
2018/7/12,0.906594753,19.24
2018/7/13,0.404120535,20.22
2018/7/16,0.883758008,19.32
2018/7/17,0.774242401,19.32
2018/7/18,0.745345294,20
2018/7/19,0.838415921,20.13
2018/7/20,0.891922951,20.06
2018/7/23,0.686534345,20.46
2018/7/24,0.351769179,20.79
2018/7/25,0.449410379,21.85
2018/7/26,0.906387687,22.93
2018/7/27,0.120257899,23
2018/7/30,0.953347981,24.4
2018/7/31,0.681833565,24.56
2018/8/1,0.86213553,25.38
2018/8/2,0.903470814,25.09
2018/8/3,0.326843381,25.03
2018/8/6,0.960367978,25.65
2018/8/7,0.515832841,27.5
2018/8/8,0.856947005,28.15
2018/8/9,0.113832928,29
2018/8/10,0.703961849,29.7
2018/8/13,0.135374159,28.82
2018/8/14,0.023227362,29.3
2018/8/15,0.502164304,29.3
2018/8/16,0.078534842,29.31
2018/8/17,0.069448516,29.35
2018/8/20,0.067758851,28.64
2018/8/21,0.028017383,27.35
2018/8/22,0.638174832,27.66
2018/8/23,0.49109143,27.55
2018/8/24,0.34929952,27.58
2018/8/27,0.61155647,27.31
2018/8/28,0.997816861,26.7
2018/8/29,0.888626873,27.18
2018/8/30,0.431915492,26.85
2018/8/31,0.242982984,27.78
2018/9/3,0.60488236,27.39
2018/9/4,0.209698111,27.3
2018/9/5,0.372238517,27.35
2018/9/6,0.714334011,27.48
2018/9/7,0.89009738,27.2
2018/9/10,0.938756883,27.17
2018/9/11,0.398888916,27.73
2018/9/12,0.835489571,27.08
2018/9/13,0.940077007,27.43
2018/9/14,0.574376285,29.75
2018/9/17,0.523018897,28.88
2018/9/18,0.247361377,28.9
2018/9/19,0.740511358,27.48
2018/9/20,0.736620665,28.48
2018/9/21,0.977010608,27.3
2018/9/25,0.982398987,28
2018/9/26,0.731704116,28.34
2018/9/27,0.966549993,28.04
2018/9/28,0.360053778,28.2
2018/10/8,0.909496009,28.3
2018/10/9,0.898064494,28.3
2018/10/10,0.154835224,28.58
2018/10/11,0.197086722,28.58
2018/10/12,0.871667027,28.29
2018/10/15,0.268313527,29.98
2018/10/16,0.415391386,28.32
2018/10/17,0.80288583,28.54
2018/10/18,0.574659646,28.88
2018/10/19,0.421654582,29.41
2018/10/22,0.414821595,29.34
2018/10/23,0.520661473,29.35
2018/10/24,0.161223412,30.01
2018/10/25,0.362891942,30.38
2018/10/26,0.266460478,32.09
2018/10/29,0.419720531,28.88
2018/10/30,0.236305296,30.54
2018/10/31,0.475086004,30.92
2018/11/1,0.606356442,29.97
2018/11/2,0.572239757,29.9
2018/11/5,0.539818764,28.58
2018/11/6,0.505899727,28.7
2018/11/7,0.478407085,28.74
2018/11/8,0.88876164,28.11
2018/11/9,0.364503086,27.79
2018/11/12,0.920264661,28.25
2018/11/13,0.914639235,28.69
2018/11/14,0.89702481,28.93
2018/11/15,0.893666625,29.39
2018/11/16,0.425454229,29.21
2018/11/19,0.482414603,29.25
2018/11/20,0.423576325,28.2
2018/11/21,0.76099205,29.75
2018/11/22,0.133073702,32.71
2018/11/23,0.109537221,31.88
2018/11/26,0.679807365,30.17
2018/11/27,0.553754091,29.77
2018/11/28,0.671843827,31.71
2018/11/29,0.367021322,29.9
2018/11/30,0.555855751,29.58
2018/12/3,0.685349345,29.44
2018/12/4,0.357583404,29.89
2018/12/5,0.388267308,30.83
2018/12/6,0.4625642,30.83
2018/12/7,0.909560382,30.67
2018/12/10,0.321791321,29.8
2018/12/11,0.300507009,31.2
2018/12/12,0.554231942,29.98
2018/12/13,0.347740471,29.49
2018/12/14,0.467206895,29.69
2018/12/17,0.335744828,29.98
2018/12/18,0.341305405,29.79
2018/12/19,0.326372683,28.95
2018/12/20,0.408995867,29.98
2018/12/21,0.659776509,28.06
2018/12/24,0.308486223,29.97
2018/12/25,0.489733011,29.69
2018/12/26,0.267412126,30.68
2018/12/27,0.489774823,29.12
2018/12/28,0.438741505,31.28
2019/1/2,0.178060517,31.02
2019/1/3,0.278867096,29.44
2019/1/4,0.408974677,29.98
2019/1/7,0.453366041,28.98
2019/1/8,0.427100271,29.09
2019/1/9,0.349074274,28.86
2019/1/10,0.404843062,29.73
2019/1/11,0.14899224,31.11
2019/1/14,0.214080781,29.35
2019/1/15,0.324942201,29.3
2019/1/16,0.119762771,32.02
2019/1/17,0.382853091,31.04
2019/1/18,0.203903794,29.3
2019/1/21,0.347399324,29.3
2019/1/22,0.248951539,28.98
2019/1/23,0.645570874,30.74
2019/1/24,0.601953089,28.51
2019/2/15,0.340553254,28.97
2019/2/18,0.337675631,28.74
2019/2/19,0.312836945,28.71
2019/2/20,0.081281185,31.47
2019/2/21,0.797095835,28.4
2019/2/22,0.481632322,28.65
2019/2/25,0.77432245,28.44
2019/2/26,0.865027905,28.04
2019/2/27,0.241152763,28.83
2019/2/28,0.296041399,28.89
2019/3/1,0.404226273,28.5
2019/3/4,0.40587005,28.26
2019/3/5,0.212549925,29.9
2019/3/6,0.412724167,28.76
2019/3/7,0.490732878,28.79
2019/3/8,0.133900613,29.31
2019/3/11,0.449005961,28.55
2019/3/12,0.277141064,28.87
2019/3/13,0.415505588,27.81
2019/3/14,0.553623378,28.79
2019/3/15,0.420159459,28.79
2019/3/18,0.520800591,28.5
2019/4/1,0.23348856,28.99
2019/4/2,0.699335933,28.55
2019/4/3,0.495483607,28.51
2019/4/4,0.45820272,28.64
2019/4/8,0.707142115,28.07
2019/4/9,0.856427431,27.61
2019/4/10,0.797491372,27.54
2019/4/11,0.848718584,28.5
2019/4/12,0.202188611,31.33
2019/4/15,0.198901743,28.58
2019/4/16,0.366959274,28.58
2019/4/17,0.437852383,29.48
2019/4/18,0.539834678,30.96
2019/4/19,0.814312637,28.5
2019/4/22,0.87235713,28.73
2019/4/23,0.760882318,29.64
2019/4/24,0.403712988,28.93
2019/4/25,0.808282197,31.79
2019/4/26,0.949876964,29.7
2019/4/29,0.287485301,29.9
2019/4/30,0.309513956,30.49
2019/5/6,0.15253073,32.88
2019/5/7,0.829484403,32.88
2019/5/8,0.926381588,32.98
2019/5/9,0.896786511,32.99
2019/5/10,0.840447247,33.95
2019/5/13,0.585152209,32.59
2019/5/14,0.9047966,32.99
2019/5/15,0.657944679,35.84
2019/5/16,0.486325741,35.82
2019/5/17,0.525633752,34.67
2019/5/20,0.595256031,35.45
2019/5/21,0.421779722,35.63
2019/5/22,0.433449864,35.71
2019/5/23,0.63752234,36.94
2019/5/24,0.636763752,36.88
2019/5/27,0.475917757,38.66
2019/5/28,0.601043582,40.88
2019/5/29,0.426084727,44.9
2019/5/30,0.787486613,46.9
2019/5/31,0.467805147,51.59
2019/6/3,0.057931047,52.43
2019/6/4,0.81645453,53.85
2019/6/5,0.970656037,50.72
2019/6/6,0.189529285,45.65
2019/6/10,0.07816644,41.09
2019/6/11,0.087412372,36.98
2019/6/12,0.305259377,33.78
2019/6/13,0.990551174,30.55
2019/6/14,0.994894862,28.65
2019/6/17,0.999930501,31.19
2019/6/18,0.99999702,34.31
2019/6/19,0.999999881,37.74
2019/6/20,0.999998748,34.79
2019/6/21,0.999990582,36.54
2019/6/24,0.9957757,36.99
2019/6/25,0.831225991,37.76
2019/6/26,0.94240135,37.62
2019/6/27,0.960983992,36.73
2019/6/28,0.998848379,38.48
2019/7/1,0.998133838,37.76
2019/7/2,0.969566524,38.23
2019/7/3,0.565812051,39.42
2019/7/4,0.489869565,39.01
2019/7/5,0.311394572,39.1
2019/7/8,0.256468594,38.55
2019/7/9,0.597129107,40.85
2019/7/10,0.459062099,40.65
2019/7/11,0.238610804,40.81
2019/7/12,0.19153361,39.53
2019/7/15,0.114806622,39.74
2019/7/16,0.076070562,39.67
2019/7/17,0.105973035,39.43
2019/7/18,0.135368481,39.16
2019/7/19,0.127628818,39.29
2019/7/22,0.07058274,39.25
2019/7/23,0.211657256,38.65
2019/7/24,0.113487706,38.9
2019/7/25,0.15112105,39.26
2019/7/26,0.060687114,38.9
2019/7/29,0.155433863,38.91
2019/7/30,0.066169903,38.7
2019/7/31,0.093944833,40.66
2019/8/1,0.030647608,38.6
2019/8/2,0.072703399,38.07
2019/8/5,0.062681809,38.08
2019/8/6,0.295735657,37.52
2019/8/7,0.254275769,38
2019/8/8,0.112592213,37.98
2019/8/9,0.149311751,37.84
2019/8/12,0.070411816,36.25
2019/8/13,0.060568806,35.27
2019/8/14,0.053567685,33.29
2019/8/15,0.109194055,33.53
2019/8/16,0.022463078,32.61
2019/8/19,0.685950696,33.51
2019/8/20,0.768283129,33.55
2019/8/21,0.302680224,33.55
2019/8/22,0.02816968,36.48
2019/8/23,0.041443009,36.33
2019/8/26,0.849695683,35.17
2019/8/27,0.566021621,35.17
2019/8/28,0.852655947,34.94
2019/8/29,0.575187504,34.57
2019/8/30,0.572328269,34.57
2019/9/2,0.952346504,34.93
2019/9/3,0.098133542,34.78
2019/9/4,0.049358886,34.89
2019/9/5,0.709122539,34.29
2019/9/6,0.249324277,33.31
2019/9/9,0.303103179,33.89
2019/9/10,0.359478116,33.5
2019/9/11,0.814164102,32.65
2019/9/12,0.302578479,32.99
2019/9/16,0.41870138,32.98
2019/9/17,0.128820688,32.95
2019/9/18,0.126130596,32.37
2019/9/19,0.181690365,32.65
2019/9/20,0.116248168,32.08
2019/9/23,0.244637609,32.6
2019/9/24,0.180735961,32.88
2019/9/25,0.26400879,32.97
2019/9/26,0.229392707,32.95
2019/9/27,0.344590992,32.85
2019/9/30,0.323922873,32.61
2019/10/8,0.223730177,33.42
2019/10/9,0.517533243,32.13
2019/10/10,0.470569551,32.43
2019/10/11,0.334145576,32.12
2019/10/14,0.290736794,32.95
2019/10/15,0.183679387,32.78
2019/10/16,0.381447136,32.98
2019/10/17,0.234878868,32.98
2019/10/18,0.372698843,33.22
2019/10/21,0.123840623,32.98
2019/10/22,0.263773054,32.3
2019/10/23,0.207562938,32.45
2019/10/24,0.107945204,32.45
2019/10/25,0.132505298,32.2
2019/10/28,0.442617983,31.04
2019/10/29,0.216797143,30.5
2019/10/30,0.233733565,30.07
2019/10/31,0.379935294,30.06
2019/11/1,0.229644105,30.95
2019/11/4,0.161078244,30.06
2019/11/5,0.245756969,29.6
2019/11/6,0.298260212,28.69
2019/11/7,0.326823503,29.64
2019/11/8,0.214811489,28.99
2019/11/11,0.382076085,28.16
2019/11/12,0.131561339,28.87
2019/11/13,0.08448676,30.79
2019/11/14,0.080847301,29.86
2019/11/15,0.168328956,28.1
2019/11/18,0.119248189,28.59
2019/11/19,0.280219257,27.52
2019/11/20,0.812029243,25.06
2019/11/21,0.850479901,25.76
2019/11/22,0.764184296,25.57
2019/11/25,0.49043861,25.3
2019/11/26,0.85452795,25.3
2019/11/27,0.942210913,25.15
2019/11/28,0.967235923,24.95
2019/11/29,0.995575428,24.74
2019/12/2,0.992586672,25.16
2019/12/16,0.340100646,27.3
2019/12/17,0.181829825,27.33
2019/12/18,0.38884151,27.18
2019/12/19,0.641335905,26.8
2019/12/20,0.871573985,27.09
2019/12/23,0.765940964,27
2019/12/24,0.749958515,27.11
2019/12/25,0.920361817,27
2019/12/26,0.829624712,26.71
2019/12/27,0.18999061,26.98
2019/12/30,0.373231649,27.86
2019/12/31,0.878228426,26.66
2020/1/2,0.296011925,27.96
2020/1/3,0.819438398,26.93
2020/1/6,0.510268867,28.8
2020/1/7,0.667928696,27.03
2020/1/8,0.138733089,28.13
2020/1/9,0.213601053,27.88
2020/1/10,0.235287488,27.84
2020/1/13,0.381739914,27.46
2020/1/14,0.246912658,27.85
2020/1/15,0.318235427,27.44
2020/1/16,0.124450684,29.29
2020/1/17,0.468897343,27.49
2020/1/20,0.573580205,28.77
2020/1/21,0.849495173,28.4
2020/1/22,0.617480695,27.51
2020/1/23,0.08069513,27.34
2020/3/23,0.517222524,27.34
2020/3/24,0.655263662,25.79
2020/3/25,0.700913131,25.51
2020/3/26,0.548404694,27.38
2020/3/27,0.622062683,25.59
2020/3/30,0.260704666,25.5
2020/3/31,0.760254383,25.96
2020/4/1,0.418230891,25.89
2020/4/3,0.661651433,25.71
2020/4/7,0.758578897,25.41
2020/4/8,0.171493754,25.95
2020/4/9,0.203462258,25.12
2020/4/10,0.339808494,24.49
2020/4/13,0.174027711,26.6
2020/4/14,0.144909218,25.97
2020/4/15,0.1521817,26.5
2020/4/16,0.04681721,27.76
2020/4/17,0.101637192,26.49
2020/4/20,0.33642292,25.85
2020/4/21,0.143029779,26.89
2020/4/22,0.089621283,26.24
2020/4/23,0.173846528,25.93
2020/4/24,0.34665364,25.56
2020/4/27,0.486549169,25.58
2020/4/28,0.062182944,27.58
2020/4/29,0.333172768,25.77
2020/4/30,0.350581616,25.93
2020/5/6,0.633604944,25.5
2020/5/7,0.416974872,25.95
2020/5/8,0.838645279,25.38
2020/5/11,0.786335349,25.49
2020/5/12,0.896676362,25.38
2020/5/13,0.780016363,25.48
2020/5/14,0.678738236,25.6
2020/5/15,0.856716275,25.73
2020/5/18,0.803737164,26.07
2020/5/19,0.87224108,25.78
2020/5/20,0.250192046,26.29
2020/5/21,0.859521866,25.78
2020/5/22,0.730065584,25.69
2020/5/25,0.918133259,25.23
2020/5/26,0.735907316,25.05
2020/7/1,0.734553635,26.39
2020/7/2,0.930936098,26.49
2020/7/3,0.128079012,28
2020/7/6,0.117641933,27.9
2020/7/7,0.599276304,27.69
2020/7/8,0.923170865,27.57
2020/7/9,0.561664224,27.42
2020/7/10,0.954122245,27.1
2020/7/13,0.379360467,27.81
2020/7/14,0.40381068,27.69
2020/7/15,0.295577317,27.71
2020/7/16,0.904626191,27.71
2020/7/17,0.571427047,27.7
2020/7/20,0.657456219,27.71
2020/7/21,0.718061924,27.78
2020/7/22,0.931242466,27.78
2020/7/23,0.842824578,27.8
2020/7/24,0.483392984,27.85
2020/7/27,0.540323317,27.84
2020/7/28,0.77259624,27.8
2020/7/29,0.424485415,27.88
2020/7/30,0.461629748,27.88
2020/7/31,0.344893396,27.8
2020/8/3,0.77127856,27.8
2020/8/4,0.788878262,27.8
2020/8/5,0.798324585,27.85
2020/8/6,0.906516492,27.8
2020/8/7,0.935654938,27.8
2020/8/10,0.84724772,27.84
2020/8/11,0.871280551,27.77
2020/8/12,0.860257089,27.87
2020/8/13,0.895218611,27.85
2020/8/14,0.91026634,27.85
2020/8/17,0.889031351,27.8
2020/8/18,0.464863628,28.99
2020/8/19,0.151393667,29.45
2020/8/20,0.073874265,29.35
2020/8/21,0.049440961,29.59
2020/8/24,0.20853059,29.2
2020/8/25,0.426333636,29.18
2020/8/26,0.127286434,29.1
2020/8/27,0.216220498,29.01
2020/8/28,0.439096123,29
2020/8/31,0.288436204,29
2020/9/1,0.446663499,29
2020/9/2,0.548971713,28.95
2020/9/3,0.39580828,28.8
2020/9/4,0.66771996,28.94
2020/9/7,0.690041244,28.96
2020/9/8,0.539391875,28.99
2020/9/9,0.811403215,29.09
2020/9/10,0.903717458,28.76
2020/9/11,0.379259348,29.28
2020/9/14,0.18831858,29.12
2020/9/15,0.295245767,29
2020/9/16,0.863173783,28.51
2020/9/17,0.473876566,28.98
2020/9/18,0.439223886,29
2020/10/9,0.923596382,27.37
2020/10/12,0.792671919,28.98
2020/10/13,0.52071327,28.92
2020/10/14,0.713604093,28.99
2020/10/15,0.699324906,29.3
2020/10/16,0.271989912,28.8
2020/10/19,0.373973459,28.9
2020/10/20,0.511030793,29.1
2020/10/21,0.212825447,29.12
2020/10/22,0.600438297,28.97
2020/10/23,0.485915571,29
2020/10/26,0.7768659,29
2020/10/27,0.573268533,28.99
2020/10/28,0.359165519,28.92
2020/10/29,0.307357252,29.4
2020/10/30,0.214372635,29.65
2020/11/2,0.538709939,29.41
2020/11/3,0.161646813,29.55
2020/11/4,0.164444774,29.39
2020/11/5,0.521623075,29.22
2020/11/6,0.183170199,29.68
2020/11/9,0.197990865,29.56
2020/11/10,0.092385963,29.39
2020/11/11,0.216274425,28.73
2020/11/12,0.753293276,29
2020/11/13,0.7909531,28.69
2020/11/16,0.092146106,28.5
2020/11/17,0.496953726,28.46
2020/11/18,0.074935257,28.4
2020/11/19,0.177304298,27.99
2020/11/20,0.27277112,27.99
2020/11/23,0.843262136,27.52
2020/11/24,0.710992038,27.26
2020/11/25,0.93735534,27.79
2020/11/26,0.532191753,28.04
2020/11/27,0.155956328,28.12
2020/11/30,0.862193465,27.49
2020/12/1,0.457799494,27.02
2020/12/2,0.987965465,27.69
2020/12/3,0.701502919,27.7
2020/12/4,0.507476628,27.77
2020/12/7,0.890196085,27.85
2020/12/8,0.792047679,27.78
2020/12/9,0.764990151,27.65
2020/12/10,0.037381884,27.57
2020/12/11,0.019055031,27.7
2020/12/14,0.00835165,27.75
2020/12/15,0.027014209,27.75
2020/12/16,0.574708164,27.83
2020/12/17,0.711125553,27.83
2020/12/18,0.843868732,27.78
2020/12/21,0.989597857,27.27
2020/12/22,0.0861689,27.49
2020/12/23,0.524849296,26.24
2020/12/24,0.978744686,27.48
2020/12/25,0.912485301,27.84
2020/12/28,0.280271292,27.89
2020/12/29,0.59051466,28.15
2020/12/30,0.647110879,28.28
2020/12/31,0.757965326,27.99
2021/1/4,0.423023522,28.36
2021/1/7,0.418989509,28.32
2021/1/8,0.518285394,28.2
2021/1/11,0.937364399,27.8
2021/1/12,0.230175987,27.98
2021/1/13,0.336220384,27.98
2021/1/14,0.88220793,27.99
2021/1/15,0.136497661,28.46
2021/1/18,0.848253012,28.84
2021/1/19,0.955747664,27.83
2021/1/20,0.600053489,28.18
2021/1/21,0.835806966,28.86
2021/1/22,0.950893044,28.09
2021/1/25,0.271056652,28.48
2021/1/26,0.930608749,28.86
2021/1/27,0.231199533,31.66
2021/1/28,0.774075508,28.96
2021/1/29,0.970512629,28.93
2021/2/1,0.134398252,30.99
2021/2/2,0.663170934,29.94
2021/2/3,0.18914023,29.7
2021/2/4,0.224808812,29.66
2021/2/5,0.915495157,27.22
2021/2/8,0.268642902,28.99
2021/2/9,0.843986452,29.44
2021/2/10,0.94581151,29.35
2021/2/18,0.57944113,32.28
