Date,pred,Open,High,Low,Close,Adj Close,Volume,reward
2014-01-16,0.8807911276817322,29.9,29.9,29.9,29.9,29.9,6578.0,1.0
2014-01-17,0.71286541223526,30.0,32.5,30.0,32.5,31.6,41080.0,0.5
2014-01-20,0.7532975673675537,31.0,32.0,31.0,32.0,31.5,6300.0,0.9166666666666666
2014-01-21,0.9152159690856934,32.5,32.5,32.5,32.5,32.5,5850.0,0.75
2014-01-22,0.9249292612075806,32.5,32.5,32.5,32.5,32.5,6500.0,0.8333333333333334
2014-01-23,0.9664720296859741,32.0,32.0,32.0,32.0,32.0,6400.0,1.0
2014-01-24,0.9174680709838867,33.0,33.0,33.0,33.0,33.0,6600.0,0.75
2014-01-27,0.8356425166130066,33.0,33.0,33.0,33.0,33.0,6600.0,0.8333333333333334
2014-01-28,0.9033962488174438,33.0,33.0,33.0,33.0,33.0,6600.0,0.9166666666666666
2014-01-29,0.9079174995422363,33.0,33.0,33.0,33.0,33.0,16500.0,1.0
2014-02-07,0.9068878293037415,33.5,33.5,33.5,33.5,33.5,17050.0,1.0
2014-02-10,0.9047927260398865,34.5,34.5,34.5,34.5,34.5,17250.0,0.9166666666666666
2014-02-11,0.9131430387496948,34.5,34.5,34.5,34.5,34.5,17250.0,1.0
2014-02-12,0.9197153449058533,35.0,35.0,35.0,35.0,35.0,17500.0,1.0
2014-02-13,0.9307202100753784,34.5,37.0,34.5,35.1,35.1,720850.0,1.0
2014-02-14,0.952440083026886,35.5,35.5,35.5,35.5,35.5,28400.0,1.0
2014-02-17,0.9695418477058411,35.7,37.0,35.7,37.0,37.0,126250.0,1.0
2014-02-18,0.8957993388175964,37.5,38.0,37.5,38.0,37.6,188000.0,0.8333333333333334
2014-02-19,0.5884150862693787,38.3,43.0,38.3,42.4,40.2,361210.0,0.5
2014-02-20,0.4185946583747864,40.0,40.0,40.0,43.8,42.5,255250.0,0.3333333333333333
2014-02-21,0.5960032939910889,44.2,46.0,44.2,44.9,45.4,225102.0,0.16666666666666666
2014-02-24,0.8936366438865662,40.0,41.0,40.0,40.3,40.3,60500.0,0.3333333333333333
2014-02-25,0.9990116357803345,37.5,40.0,37.5,37.5,37.5,60400.0,0.8333333333333334
2014-02-26,0.9107859134674072,40.0,40.0,40.0,40.0,40.0,200000.0,0.6666666666666666
2014-02-28,0.24005596339702606,40.8,40.8,40.8,40.8,40.8,40800.0,0.16666666666666666
2014-03-03,0.92807537317276,37.0,37.1,37.0,37.1,37.1,1012700.0,1.0
2014-03-05,0.2893821597099304,40.0,40.5,40.0,40.1,40.08,280600.0,0.3333333333333333
2014-03-06,0.5345926284790039,40.0,40.5,40.0,40.3,40.25,161000.0,0.16666666666666666
2014-03-10,0.9605085253715515,39.5,39.5,39.5,39.5,39.5,39500.0,1.0
2014-03-11,0.7529365420341492,39.6,41.0,39.6,39.7,39.73,119610.0,0.8333333333333334
2014-03-12,0.18402567505836487,39.6,40.0,39.6,39.8,39.8,79600.0,0.75
2014-03-13,0.44389453530311584,40.0,40.0,40.0,40.0,40.0,80000.0,0.4166666666666667
2014-03-14,0.2721129059791565,40.0,40.0,40.0,40.0,40.0,40000.0,0.5
2014-03-17,0.3984662592411041,40.0,40.0,40.0,40.0,40.0,115920.0,0.5833333333333334
2014-03-18,0.13677175343036652,39.0,39.0,39.0,39.0,39.0,39000.0,1.0
2014-03-19,0.716305673122406,39.6,40.0,39.6,39.8,39.8,79600.0,1.0
2014-03-20,0.5946985483169556,39.8,40.0,39.8,40.0,39.82,1792000.0,0.8333333333333334
2014-03-21,0.11614300310611725,40.8,41.0,40.8,40.4,40.41,303100.0,0.3333333333333333
2014-03-24,0.07025082409381866,40.5,40.5,40.5,40.5,40.5,8100.0,0.16666666666666666
2014-03-25,0.2471138834953308,40.0,40.0,40.0,40.0,40.0,80000.0,0.5
2014-03-27,0.35919660329818726,40.0,40.2,40.0,40.1,40.07,52100.0,0.16666666666666666
2014-03-28,0.07280031591653824,40.0,40.0,40.0,40.0,40.0,140000.0,0.25
2014-03-31,0.12642885744571686,40.0,40.0,40.0,40.0,40.0,23800.0,0.16666666666666666
2014-04-01,0.19839131832122803,39.5,39.5,39.5,39.5,39.5,15800.0,0.16666666666666666
2014-04-02,0.9370723962783813,38.0,39.0,38.0,38.5,38.5,77000.0,1.0
2014-04-03,0.5884402990341187,39.0,39.5,39.0,39.2,39.16,133150.0,0.5833333333333334
2014-04-04,0.10590240359306335,39.0,39.5,39.0,39.4,39.37,157500.0,0.3333333333333333
2014-04-08,0.47037261724472046,39.5,39.5,39.5,39.3,39.33,118000.0,0.3333333333333333
2014-04-09,0.261125385761261,38.6,39.0,38.6,38.9,38.9,155600.0,0.6666666666666666
2014-04-10,0.1663391888141632,39.0,39.0,39.0,39.0,38.95,140240.0,0.5833333333333334
2014-04-14,0.18688039481639862,39.2,39.2,39.2,39.2,39.2,78400.0,0.5
2014-04-15,0.23141175508499146,40.2,40.2,40.2,40.1,40.05,480600.0,0.16666666666666666
2014-04-18,0.9391770362854004,36.0,36.0,36.0,36.0,36.0,7200.0,1.0
2014-04-21,0.8399895429611206,38.0,38.0,38.0,38.0,38.0,247000.0,1.0
2014-04-22,0.5855324864387512,39.0,39.0,39.0,39.0,39.0,78000.0,1.0
2014-04-23,0.23741279542446136,39.5,39.5,39.5,39.5,39.5,86900.0,0.5
2014-04-24,0.18139216303825378,39.5,39.5,39.5,39.5,39.5,243800.0,0.4166666666666667
2014-04-25,0.10038670897483826,39.5,39.5,39.5,39.5,39.45,122300.0,0.3333333333333333
2014-04-28,0.1774832308292389,39.4,39.4,39.4,39.4,39.4,118200.0,0.3333333333333333
2014-04-29,0.6326418519020081,39.5,39.8,39.5,39.6,39.62,241700.0,0.16666666666666666
2014-04-30,0.17625586688518524,39.5,39.5,39.5,39.1,39.06,234400.0,0.16666666666666666
2014-05-06,0.40344786643981934,38.8,38.8,38.8,38.8,38.8,271600.0,1.0
2014-05-08,0.2763572335243225,39.0,39.0,39.0,39.0,39.0,780.0,0.5833333333333334
2014-05-09,0.2021999955177307,39.0,39.0,39.0,39.0,39.0,78000.0,0.6666666666666666
2014-05-12,0.33928433060646057,39.0,39.0,39.0,38.9,38.9,77800.0,0.9166666666666666
2014-05-13,0.15315485000610352,38.9,38.9,38.9,38.9,38.86,194300.0,0.8333333333333334
2014-05-14,0.3990571200847626,39.8,39.8,39.8,39.8,39.75,1669990.0,0.16666666666666666
2014-05-16,0.29028284549713135,39.2,39.2,39.2,39.2,39.2,117600.0,0.6666666666666666
2014-05-19,0.5057065486907959,39.3,39.5,39.3,39.4,39.38,196900.0,0.5
2014-05-20,0.094986692070961,39.5,39.5,39.5,39.5,39.5,118500.0,0.25
2014-05-22,0.9112975597381592,38.5,38.9,38.5,35.0,38.17,865118.0,1.0
2014-05-23,0.06697002798318863,38.5,39.5,38.5,39.5,38.54,424000.0,0.16666666666666666
2014-05-26,0.46942365169525146,38.0,38.0,38.0,38.1,38.08,1599500.0,0.8333333333333334
2014-05-28,0.1261894553899765,38.8,39.0,38.8,38.9,38.88,194400.0,0.3333333333333333
2014-05-29,0.6810985207557678,38.5,38.5,38.5,38.5,38.5,308000.0,0.6666666666666666
2014-05-30,0.6487340927124023,38.5,38.6,38.5,38.5,38.51,272180.0,0.75
2014-06-03,0.13611797988414764,38.5,38.5,38.5,38.5,38.5,38500.0,0.8333333333333334
2014-06-04,0.9981679916381836,28.0,28.0,28.0,28.0,28.0,84000.0,1.0
2014-06-05,0.3569802939891815,39.5,39.5,39.5,39.5,39.5,169850.0,1.0
2014-06-06,0.9302694201469421,39.5,39.7,39.5,39.6,39.64,289489.0,1.0
2014-06-09,0.7864142060279846,40.0,40.0,40.0,40.0,40.0,23320.0,0.75
2014-06-10,0.46639764308929443,40.0,40.0,40.0,40.0,40.0,196680.0,0.8333333333333334
2014-06-11,0.7544146776199341,40.0,40.0,40.0,40.0,40.0,63160.0,0.9166666666666666
2014-06-12,0.753398060798645,40.0,40.1,40.0,40.0,40.0,7960200.0,1.0
2014-06-13,0.9910908937454224,40.0,40.5,40.0,40.1,40.14,137858.0,1.0
2014-06-16,0.6678077578544617,40.3,41.0,40.3,40.5,40.6,546607.0,1.0
2014-06-17,0.2940096855163574,41.0,42.0,41.0,41.0,41.0,549800.0,0.6666666666666666
2014-06-18,0.5589393377304077,41.0,43.0,41.0,41.0,41.0,2497370.0,0.5833333333333334
2014-06-19,0.1914771944284439,41.0,43.0,41.0,42.8,42.8,4030690.0,0.3333333333333333
2014-06-20,0.10800290107727051,43.0,44.0,43.0,43.0,43.03,819992.0,0.16666666666666666
2014-06-23,0.39582499861717224,39.3,42.0,39.3,41.0,40.85,8336590.0,0.3333333333333333
2014-06-24,0.9999461770057678,41.0,41.0,41.0,39.6,39.72,333549.0,0.3333333333333333
2014-06-25,0.9635464549064636,40.0,40.0,40.0,39.1,39.1,5402200.0,0.3333333333333333
2014-06-26,0.1663798987865448,39.5,39.5,39.5,38.9,39.1,457708.0,0.5
2014-06-27,0.203505739569664,40.0,40.0,40.0,39.0,39.41,150653.0,0.3333333333333333
2014-06-30,0.21196985244750977,48.0,48.0,48.0,48.0,48.0,346560.0,0.16666666666666666
2014-09-04,0.9999987483024597,29.0,29.0,29.0,29.0,29.0,145000.0,1.0
2014-09-22,0.9995975494384766,30.9,31.5,30.9,31.4,31.4,62800.0,1.0
2014-09-23,0.934718906879425,32.1,32.1,32.1,32.0,32.0,48050.0,1.0
2014-09-24,0.9983728528022766,33.0,33.0,33.0,33.0,33.0,33000.0,1.0
2014-09-25,0.8912644982337952,33.8,34.1,33.8,34.0,34.0,67900.0,1.0
2014-09-26,0.754981279373169,34.2,34.9,34.2,34.4,34.36,120250.0,1.0
2014-09-29,0.9308597445487976,34.5,34.9,34.5,34.7,34.72,152760.0,1.0
2014-09-30,0.9975619912147522,34.9,34.9,34.9,34.9,34.9,104700.0,1.0
2014-10-08,0.9984124898910522,35.0,35.0,35.0,35.0,35.0,70000.0,1.0
2014-10-09,0.9909548163414001,35.1,35.1,35.1,35.1,35.1,17550.0,1.0
2014-10-13,0.9783250689506531,35.5,35.5,35.5,35.5,35.5,53250.0,0.6666666666666666
2014-10-14,0.9824299216270447,35.5,35.5,35.5,35.5,35.5,141800.0,0.75
2014-10-15,0.9935423731803894,35.3,35.3,35.3,35.3,35.3,70600.0,1.0
2014-10-16,0.4040311574935913,35.5,35.5,35.5,35.5,35.5,71000.0,1.0
2014-10-17,0.97210693359375,35.5,35.8,35.5,35.7,35.5,142600.0,1.0
2014-10-20,0.6929916143417358,35.8,35.8,35.8,35.8,35.8,71600.0,0.5833333333333334
2014-10-21,0.7636018991470337,35.8,35.8,35.8,35.8,35.8,71600.0,0.5833333333333334
2014-10-22,0.9402334690093994,35.8,35.8,35.8,35.8,35.8,71600.0,0.5833333333333334
2014-10-24,0.6049524545669556,35.8,35.8,35.8,35.8,35.8,35800.0,0.5
2014-10-27,0.5399150252342224,35.8,35.8,35.8,35.8,35.8,71600.0,0.5
2014-10-28,0.5609759092330933,35.8,35.8,35.8,35.8,35.8,71600.0,0.5
2014-10-29,0.47615981101989746,35.8,35.8,35.8,35.8,35.8,35800.0,0.5
2014-10-30,0.5084372162818909,35.8,35.8,35.8,35.8,35.8,107400.0,0.5
2014-10-31,0.5470691323280334,35.6,35.6,35.6,35.6,35.6,3560.0,1.0
2014-11-03,0.5256341695785522,35.8,35.8,35.8,35.8,35.8,372600.0,0.5
2014-11-04,0.4567517042160034,35.8,35.8,35.8,35.8,35.8,107400.0,0.5
2014-11-05,0.528630793094635,35.8,35.8,35.8,35.8,35.8,107400.0,0.5
2014-11-07,0.41750818490982056,35.8,35.8,35.8,35.8,35.8,107400.0,0.4166666666666667
2014-11-10,0.4461610019207001,35.8,35.8,35.8,35.8,35.8,107400.0,0.3333333333333333
2014-11-11,0.5473914742469788,35.5,35.5,35.5,35.5,35.5,35500.0,0.6666666666666666
2014-11-12,0.36212995648384094,35.8,35.8,35.8,35.8,35.8,393800.0,0.3333333333333333
2014-11-13,0.3304775655269623,35.7,35.8,35.7,35.8,35.72,89300.0,0.25
2014-11-14,0.5454095602035522,35.5,35.5,35.5,35.1,35.14,123000.0,0.3333333333333333
2014-11-18,0.67283034324646,32.8,32.8,32.8,32.8,32.8,16400.0,0.5
2014-11-19,0.3680269420146942,35.8,35.8,35.8,35.8,35.8,393800.0,0.16666666666666666
2014-11-20,0.9836952686309814,30.0,30.0,30.0,30.0,30.0,300.0,1.0
2014-11-21,0.9897451400756836,31.0,32.0,31.0,30.8,30.8,92500.0,1.0
2014-11-24,0.9451642036437988,32.0,32.0,32.0,32.0,32.0,15680.0,1.0
2014-11-25,0.7169941663742065,33.1,33.4,33.1,33.2,33.2,166150.0,1.0
2014-11-26,0.9430340528488159,33.4,36.0,33.4,34.2,34.2,398720.0,1.0
2014-11-27,0.23924410343170166,35.6,35.6,35.6,35.6,35.6,368806.0,0.8333333333333334
2014-11-28,0.4527372121810913,36.1,36.4,36.1,35.4,35.79,380426.0,0.8333333333333334
2014-12-01,0.582161009311676,36.2,36.9,36.2,36.2,36.44,371710.0,0.16666666666666666
2014-12-02,0.4449501633644104,36.19,36.19,36.19,35.8,35.78,397924.0,0.3333333333333333
2014-12-03,0.1674259454011917,36.1,36.1,36.1,35.9,35.9,437979.0,0.16666666666666666
2014-12-04,0.3284507989883423,35.9,35.9,35.9,35.7,35.8,372330.0,0.16666666666666666
2014-12-05,0.36118826270103455,35.7,35.7,35.7,35.3,35.58,384290.0,0.3333333333333333
2014-12-08,0.21525847911834717,35.5,35.5,35.5,35.4,35.05,485915.0,0.16666666666666666
2014-12-09,0.2569415271282196,35.4,35.4,35.4,35.2,35.28,391590.0,0.16666666666666666
2014-12-10,0.21592669188976288,35.2,35.2,35.2,34.8,34.8,484976.0,0.16666666666666666
2014-12-11,0.29087963700294495,34.1,34.8,34.1,34.6,34.48,844970.0,0.16666666666666666
2014-12-12,0.5704423189163208,34.2,34.5,34.2,34.3,34.22,438010.0,0.5
2014-12-15,0.4422289729118347,34.3,34.3,34.3,34.3,34.3,539996.0,0.4166666666666667
2014-12-16,0.3323233127593994,34.3,34.3,34.3,34.3,34.27,731705.0,0.3333333333333333
2014-12-17,0.19126386940479279,34.6,34.6,34.6,34.4,34.48,444810.0,0.16666666666666666
2014-12-18,0.14595572650432587,34.3,34.4,34.3,33.9,33.63,718507.0,0.16666666666666666
2014-12-19,0.15595592558383942,33.9,33.9,33.9,33.8,33.83,390088.0,0.16666666666666666
2014-12-22,0.152858167886734,33.8,33.8,33.8,33.3,33.3,381620.0,0.16666666666666666
2014-12-23,0.18194757401943207,34.0,34.0,34.0,32.9,33.06,442058.0,0.16666666666666666
2014-12-24,0.2661910951137543,34.2,34.2,34.2,32.5,32.72,655907.0,0.3333333333333333
2014-12-25,0.2022266536951065,32.2,32.2,32.2,32.2,32.2,530113.0,0.3333333333333333
2014-12-26,0.2550215721130371,32.1,32.1,32.1,32.1,32.1,363980.0,0.3333333333333333
2014-12-29,0.13366170227527618,32.5,33.1,32.5,32.65,32.65,130600.0,0.16666666666666666
2015-01-05,0.6329732537269592,26.6,26.6,26.6,26.6,26.6,248790.0,1.0
2015-01-06,0.7333547472953796,27.9,27.9,27.9,27.9,27.9,372004.0,0.6666666666666666
2015-01-07,0.9236352443695068,26.7,26.7,26.7,26.7,26.7,310635.0,0.6666666666666666
2015-01-08,0.5144417881965637,26.7,33.6,26.7,28.2,28.88,347965.0,0.5
2015-01-09,0.4746840000152588,29.8,29.8,29.8,29.8,29.8,190725.0,0.3333333333333333
2015-01-12,0.17922696471214294,29.8,30.5,29.8,34.4,29.84,263450.0,0.16666666666666666
2015-01-13,0.8516645431518555,26.3,26.3,26.3,26.3,26.3,34250.0,0.6666666666666666
2015-01-14,0.9933066964149475,23.0,23.0,23.0,23.0,23.0,11500.0,0.8333333333333334
2015-01-15,0.9989594221115112,21.0,21.0,21.0,21.0,21.0,31500.0,1.0
2015-01-16,0.9648457169532776,27.3,27.3,27.3,27.3,27.3,207510.0,1.0
2015-01-19,0.9824764132499695,27.3,30.1,27.3,29.9,27.88,164858.0,1.0
2015-01-20,0.6396974325180054,30.1,35.0,30.1,31.8,30.88,166306.0,1.0
2015-01-21,0.3486592173576355,35.11,35.11,35.11,35.11,35.11,287045.0,0.3333333333333333
2015-01-22,0.2310047745704651,35.11,35.3,35.11,35.3,34.99,394568.0,0.16666666666666666
2015-01-23,0.5199370384216309,35.11,34.7,35.11,32.7,33.75,375656.0,0.5
2015-01-26,0.6364148259162903,32.7,33.5,32.7,33.1,32.62,438443.0,0.3333333333333333
2015-01-27,0.5338800549507141,33.0,33.0,33.0,33.0,33.0,382290.0,0.5
2015-01-28,0.6962828040122986,32.3,32.3,32.3,32.3,32.3,391796.0,0.6666666666666666
2015-01-29,0.9636517763137817,30.74,35.0,30.74,30.0,33.26,451031.0,1.0
2015-01-30,0.2933797538280487,33.26,35.0,33.26,31.9,31.9,370146.0,1.0
2015-02-02,0.28675010800361633,31.9,35.7,31.9,35.1,34.09,159191.0,0.25
2015-02-03,0.296705424785614,35.5,35.7,35.5,35.1,34.09,159191.0,0.16666666666666666
2015-02-04,0.28429365158081055,35.0,35.0,35.0,35.0,35.0,217000.0,0.16666666666666666
2015-02-05,0.46737512946128845,34.0,34.0,34.0,34.0,34.0,483038.0,0.16666666666666666
2015-02-06,0.3277871906757355,34.0,34.0,34.0,33.8,33.6,591076.0,0.16666666666666666
2015-02-09,0.8057578802108765,33.9,33.9,33.9,32.9,33.8,437580.0,0.6666666666666666
2015-02-10,0.5976114273071289,31.2,32.7,31.2,32.6,32.7,98162.0,0.6666666666666666
2015-02-11,0.30749624967575073,33.9,33.9,33.9,33.7,33.83,192871.0,0.3333333333333333
2015-02-12,0.2747494578361511,33.8,33.8,33.8,33.7,33.71,276595.0,0.25
2015-02-13,0.22383716702461243,33.8,33.8,33.8,33.7,33.71,276595.0,0.16666666666666666
2015-02-16,0.26446259021759033,32.5,32.5,32.5,32.1,32.27,433763.0,0.5833333333333334
2015-02-17,0.6134365797042847,33.0,33.0,33.0,32.1,32.1,332317.0,0.5
2015-02-25,0.2804943323135376,33.5,33.6,33.5,33.0,33.0,420261.0,0.16666666666666666
2015-02-26,0.9226385951042175,33.3,33.5,33.3,32.0,32.0,400931.0,0.3333333333333333
2015-02-27,0.2118837535381317,32.4,32.4,32.4,32.2,32.2,507599.0,0.16666666666666666
2015-03-02,0.2108933925628662,31.0,32.0,31.0,31.8,31.95,461568.0,0.16666666666666666
2015-03-03,0.44791537523269653,31.0,31.8,31.0,31.0,31.45,75078.0,0.4166666666666667
2015-03-04,0.30806103348731995,32.4,32.4,32.4,31.0,31.16,395419.0,0.3333333333333333
2015-03-05,0.21830424666404724,32.4,32.4,32.4,31.1,31.92,389107.0,0.16666666666666666
2015-03-06,0.6810048222541809,32.4,32.4,32.4,29.6,30.82,143392.0,0.6666666666666666
2015-03-09,0.7552581429481506,32.5,32.5,32.5,30.2,30.61,356896.0,0.25
2015-03-10,0.4820595979690552,30.9,31.0,30.9,30.2,30.67,580627.0,0.16666666666666666
2015-03-11,0.5455082058906555,30.2,30.2,30.2,29.5,30.2,75588.5,0.3333333333333333
2015-03-12,0.267261266708374,30.1,30.1,30.1,30.0,30.02,211965.0,0.16666666666666666
2015-03-13,0.33954936265945435,28.5,28.5,28.5,28.5,28.5,285.0,0.25
2015-03-16,0.3119899332523346,28.5,28.5,28.5,28.5,28.5,210900.0,0.16666666666666666
2015-03-17,0.9279065132141113,28.5,28.5,28.5,25.4,26.52,525538.0,0.5
2015-03-18,0.7713226675987244,25.4,25.4,25.4,25.4,25.4,287706.0,0.4166666666666667
2015-03-19,0.4601832330226898,25.9,25.9,25.9,25.4,25.9,204636.0,0.3333333333333333
2015-03-20,0.7538602352142334,25.9,25.9,25.9,25.5,25.65,249304.0,0.3333333333333333
2015-03-23,0.7917373776435852,25.5,25.9,25.5,25.2,24.8,416118.0,0.5
2015-03-24,0.8554227352142334,25.3,25.4,25.3,25.15,25.2,201590.0,0.6666666666666666
2015-03-25,0.953098475933075,25.1,25.1,25.1,25.1,25.1,150600.0,0.9166666666666666
2015-03-26,0.9730196595191956,25.1,25.1,25.1,25.1,25.1,150600.0,1.0
2015-03-27,0.8729044198989868,26.0,26.1,26.0,26.1,26.04,255879.0,1.0
2015-03-30,0.9178027510643005,26.5,27.4,26.5,27.3,26.39,442290.0,1.0
2015-03-31,0.6781747937202454,27.5,28.0,27.5,28.0,27.75,377826.0,0.9166666666666666
2015-04-01,0.5503228902816772,28.2,29.0,28.2,29.0,28.61,353900.0,0.4166666666666667
2015-04-02,0.44860613346099854,29.1,29.5,29.1,29.0,29.08,371888.0,0.3333333333333333
2015-04-03,0.331540584564209,29.0,29.0,29.0,29.0,29.0,130500.0,0.25
2015-04-07,0.3085796535015106,29.0,29.0,29.0,29.0,29.0,58000.0,0.16666666666666666
2015-04-08,0.3580447733402252,28.0,29.6,28.0,28.0,28.7,439176.0,0.25
2015-04-09,0.2494410127401352,28.0,28.0,28.0,28.0,28.0,352576.0,0.16666666666666666
2015-04-10,0.2748643457889557,29.0,29.5,29.0,27.5,29.02,368655.0,0.16666666666666666
2015-04-13,0.47091761231422424,28.9,28.9,28.9,26.9,26.9,609480.0,0.8333333333333334
2015-04-14,0.4565676748752594,28.0,28.0,28.0,27.0,27.0,257000.0,0.4166666666666667
2015-04-15,0.45371633768081665,27.9,27.9,27.9,27.0,27.0,290637.0,0.4166666666666667
2015-04-16,0.3728882074356079,27.2,27.3,27.2,27.0,27.0,382073.0,0.4166666666666667
2015-04-17,0.44080087542533875,27.0,27.0,27.0,27.0,27.0,344304.0,0.4166666666666667
2015-04-20,0.620085597038269,29.0,29.0,29.0,26.3,26.91,606067.0,0.8333333333333334
2015-04-21,0.790753185749054,30.0,30.0,30.0,25.0,27.62,450025.0,0.8333333333333334
2015-04-22,0.6487775444984436,26.9,27.0,26.9,27.0,26.99,363571.0,0.4166666666666667
2015-04-23,0.5326822400093079,27.0,27.0,27.0,27.0,27.0,135000.0,0.3333333333333333
2015-04-24,0.45039135217666626,27.0,27.0,27.0,27.0,27.0,323082.0,0.4166666666666667
2015-04-27,0.4975499212741852,27.0,27.0,27.0,27.0,27.0,363582.0,0.5
2015-04-28,0.7596299052238464,27.2,27.2,27.2,24.5,24.75,451407.0,0.8333333333333334
2015-04-29,0.9252849817276001,26.8,26.8,26.8,23.56,26.7,139240.0,1.0
2015-04-30,0.41848063468933105,26.6,26.6,26.6,26.6,26.6,383740.0,0.5
2015-05-04,0.23630906641483307,28.9,28.9,28.9,28.9,28.9,173400.0,0.25
2015-05-06,0.22181613743305206,28.9,28.9,28.9,28.9,28.9,173400.0,0.16666666666666666
2015-05-07,0.30216386914253235,25.0,26.8,25.0,26.4,25.44,1103370.0,0.16666666666666666
2015-05-08,0.4859439730644226,23.94,23.94,23.94,23.94,23.94,895360.0,0.5
2015-05-11,0.7695446014404297,24.8,24.8,24.8,24.1,24.09,757328.0,0.3333333333333333
2015-05-12,0.6851434707641602,24.4,24.4,24.4,23.8,23.65,407977.0,0.75
2015-05-13,0.5108629465103149,23.8,23.8,23.8,23.8,23.8,261800.0,0.6666666666666666
2015-05-14,0.38075608015060425,22.8,23.3,22.8,22.5,22.53,732100.0,1.0
2015-05-15,0.21931125223636627,24.0,24.0,24.0,24.0,24.0,204000.0,0.3333333333333333
2015-05-18,0.2784435451030731,23.0,24.9,23.0,24.9,24.76,334399.0,0.16666666666666666
2015-05-19,0.6819862723350525,24.5,24.5,24.5,23.9,23.95,374127.0,0.16666666666666666
2015-05-20,0.7973685264587402,24.9,24.9,24.9,23.5,23.78,370295.0,0.5833333333333334
2015-05-21,0.5762405395507812,23.5,23.5,23.5,23.5,23.5,141000.0,0.5833333333333334
2015-05-22,0.563798189163208,23.5,23.5,23.5,23.5,23.5,412284.0,0.5833333333333334
2015-05-25,0.4761349856853485,23.5,23.5,23.5,23.5,23.5,332196.0,0.5
2015-05-26,0.5338593125343323,23.5,23.5,23.5,23.5,23.5,82250.0,0.4166666666666667
2015-05-27,0.4632628262042999,23.5,23.5,23.5,23.5,23.5,297087.0,0.3333333333333333
2015-05-28,0.3226185441017151,23.5,23.5,23.5,23.5,23.5,141000.0,0.25
2015-05-29,0.24074919521808624,23.5,23.5,23.5,23.5,23.5,307168.0,0.16666666666666666
2015-06-01,0.40775880217552185,18.0,19.8,18.0,18.1,18.13,687120.0,0.8333333333333334
2015-06-02,0.4422853887081146,19.6,19.6,19.6,19.6,19.6,38690.4,0.5
2015-06-04,0.2877967059612274,23.3,23.3,23.3,23.3,23.3,233.0,0.16666666666666666
2015-06-05,0.358408123254776,22.0,22.0,22.0,21.6,21.6,35755.0,0.16666666666666666
2015-06-09,0.5198493003845215,21.5,21.5,21.5,19.0,20.9,1787350.0,0.5
2015-06-10,0.48889902234077454,17.9,17.9,17.9,17.9,17.9,38449.2,0.6666666666666666
2015-06-11,0.7649969458580017,12.5,12.5,12.5,12.5,12.5,2262890.0,0.9166666666666666
2015-06-12,0.9838264584541321,12.5,16.3,12.5,12.5,12.5,62597.8,1.0
2015-06-15,0.3040652871131897,19.9,20.0,19.9,20.0,19.99,1319.0,0.3333333333333333
2015-06-16,0.16005048155784607,21.8,21.8,21.8,19.9,19.99,2033.6,0.4166666666666667
2015-06-17,0.2807188630104065,21.8,21.8,21.8,21.8,21.8,27250.0,0.16666666666666666
2015-06-18,0.3811561167240143,23.8,23.8,23.8,19.6,21.66,80082.8,0.3333333333333333
2015-06-19,0.1949857920408249,23.0,23.0,23.0,19.9,20.31,246139.0,0.16666666666666666
2015-06-23,0.6080094575881958,18.0,18.0,18.0,18.0,18.0,8874.0,0.16666666666666666
2015-06-24,0.8088151812553406,18.0,18.0,18.0,16.2,16.2,32936.0,0.5
2015-06-25,0.17005443572998047,17.8,17.8,17.8,17.8,14.6,1308090.0,0.16666666666666666
2015-06-26,0.18169769644737244,17.26,17.26,17.26,17.26,17.26,194344.0,0.16666666666666666
2015-06-29,0.46900227665901184,15.5,15.5,15.5,15.5,15.5,75376.5,0.3333333333333333
2015-07-01,0.15384727716445923,16.0,16.0,16.0,16.0,16.0,16.0,0.16666666666666666
2015-07-09,0.24935312569141388,14.4,14.4,14.4,14.4,14.4,113861.0,0.16666666666666666
2015-07-15,0.3033134937286377,13.0,13.0,13.0,13.0,13.0,1300.0,0.16666666666666666
2015-07-29,0.22385616600513458,10.5,10.5,10.5,10.5,10.5,1050.0,0.5
2015-07-31,0.834759533405304,9.5,9.5,9.5,9.5,9.5,950.0,1.0
2015-08-03,0.8861663937568665,10.0,10.0,10.0,10.0,10.0,50.0,1.0
2015-08-04,0.8479241728782654,10.5,10.5,10.5,10.5,10.5,84055.0,0.9166666666666666
2015-08-05,0.8680762648582458,10.5,10.5,10.5,10.5,10.5,94369.0,1.0
2015-08-06,0.575661301612854,12.7,12.7,12.7,12.7,12.7,63.5,0.6666666666666666
2015-08-07,0.370559424161911,13.6,13.6,13.6,13.6,13.6,136.0,0.3333333333333333
2015-08-10,0.17988792061805725,14.9,14.9,14.9,14.9,14.9,74.5,0.16666666666666666
2015-08-21,0.30728158354759216,13.4,13.4,13.4,13.4,13.4,26.8,0.3333333333333333
2015-09-14,0.46881601214408875,12.1,12.1,12.1,12.1,12.1,12100.0,1.0
2015-09-24,0.45798078179359436,12.36,12.36,12.36,12.36,12.36,501458.0,1.0
2015-10-20,0.1981683075428009,12.5,12.5,12.5,12.5,12.5,25000.0,0.9166666666666666
2015-10-21,0.23452730476856232,14.9,12.5,14.9,12.5,12.5,48712.5,1.0
2015-11-27,0.014249386265873909,30.3,30.3,30.3,30.3,30.3,151500.0,0.16666666666666666
2015-11-30,0.03205295652151108,18.3,18.3,18.3,18.3,18.3,91500.0,0.16666666666666666
2015-12-01,0.2108488827943802,16.5,16.5,16.5,16.5,16.5,82500.0,0.16666666666666666
2015-12-02,0.14661316573619843,14.6,14.6,14.6,14.6,14.6,81950.0,0.16666666666666666
2015-12-03,0.9284198880195618,13.4,13.4,13.4,13.4,13.4,67000.0,0.16666666666666666
2015-12-04,0.9435686469078064,12.1,12.1,12.1,12.1,12.1,60500.0,0.16666666666666666
2015-12-07,0.9586552977561951,10.9,10.9,10.9,10.9,10.9,15260.0,0.5
2015-12-08,0.1394079178571701,12.0,12.0,12.0,12.0,12.0,144.0,0.16666666666666666
2015-12-09,0.44983434677124023,10.82,10.82,10.82,10.82,10.82,64900.0,0.3333333333333333
2015-12-10,0.26848462224006653,11.8,11.8,11.8,11.8,11.8,11800.0,0.16666666666666666
2015-12-16,0.37785279750823975,10.6,10.6,10.6,10.6,10.6,21249.6,0.5833333333333334
2015-12-17,0.3626820743083954,10.6,10.6,10.6,10.6,10.6,50164.6,0.5
2015-12-18,0.873141884803772,10.0,10.0,10.0,10.0,10.0,20000.0,0.9166666666666666
2015-12-21,0.6722185015678406,10.5,10.5,10.5,10.5,10.5,10.5,0.8333333333333334
2015-12-22,0.6046011447906494,10.7,10.7,10.7,10.7,10.7,21.4,0.6666666666666666
2015-12-23,0.9339780211448669,10.9,10.9,10.9,10.9,10.9,10.9,0.4166666666666667
2015-12-25,0.7864860892295837,10.0,10.0,10.0,10.0,10.0,39085.0,1.0
2015-12-29,0.25102633237838745,11.8,11.8,11.8,11.8,11.8,11.8,0.16666666666666666
2016-01-04,0.0879845842719078,10.6,10.6,10.6,10.6,10.6,21624.0,0.5
2016-01-05,0.07575852423906326,10.9,10.9,10.9,10.9,10.9,32600.0,0.3333333333333333
2016-01-06,0.10736776888370514,10.5,10.5,10.5,10.5,10.5,10500.0,0.3333333333333333
2016-01-12,0.14165468513965607,11.3,11.3,11.3,11.3,11.3,11.3,0.16666666666666666
2016-01-15,0.2371309995651245,10.2,10.2,10.2,10.2,10.2,11495.4,0.16666666666666666
2016-01-22,0.3669394254684448,9.3,9.3,9.3,9.3,9.3,13950.0,0.5
2016-01-25,0.37486913800239563,9.0,9.0,9.0,9.0,9.0,45000.0,1.0
2016-01-26,0.3651449978351593,9.2,9.2,9.2,9.2,9.2,9200.0,0.9166666666666666
2016-01-27,0.31050825119018555,9.2,9.2,9.2,9.2,9.2,18758.8,1.0
2016-02-02,0.2973920404911041,10.0,10.0,10.0,10.0,10.0,42010.0,0.5
2016-02-03,0.21909667551517487,11.0,11.0,11.0,11.0,11.0,46200.0,0.25
2016-02-05,0.34072375297546387,11.0,11.0,11.0,11.0,11.0,781.0,0.16666666666666666
2016-02-24,0.43475139141082764,9.9,9.9,9.9,9.9,9.9,9.9,0.16666666666666666
2016-02-25,0.44992098212242126,9.69,9.69,9.69,9.69,9.69,206370.0,0.3333333333333333
2016-02-29,0.4913104176521301,9.8,9.8,9.8,9.8,9.8,450.8,0.16666666666666666
2016-03-02,0.49988073110580444,9.0,9.0,8.9,9.1,9.04,98990.6,0.25
2016-03-07,0.47560662031173706,8.8,9.0,8.5,8.5,8.53,50359.0,0.6666666666666666
2016-03-08,0.3687451481819153,8.6,8.6,8.5,8.5,8.5,51860.0,0.75
2016-03-09,0.3209030330181122,8.5,8.5,8.5,8.5,8.5,4258.0,0.6666666666666666
2016-03-11,0.317392498254776,8.3,8.4,7.7,8.3,8.29,33970.0,0.6666666666666666
2016-03-17,0.25944918394088745,9.1,9.1,9.1,9.1,9.1,910.0,0.3333333333333333
2016-03-18,0.22426123917102814,9.8,9.8,9.8,9.8,9.8,9.8,0.16666666666666666
2016-03-28,0.32853859663009644,8.8,8.8,8.8,8.8,8.8,176.0,0.16666666666666666
2016-03-29,0.47304442524909973,7.9,7.9,7.9,7.9,7.9,790.0,0.16666666666666666
2016-03-30,0.5722156167030334,7.1,7.1,7.1,7.1,7.1,22126.2,0.16666666666666666
2016-03-31,0.6034336090087891,6.7,6.7,6.7,6.7,6.7,134000.0,0.16666666666666666
2016-04-01,0.6361783742904663,6.0,6.0,6.0,6.0,6.0,60000.0,0.16666666666666666
2016-04-05,0.46180829405784607,5.4,5.4,5.4,5.4,5.4,139390.0,0.16666666666666666
2016-04-06,0.31342923641204834,5.1,5.1,5.1,5.1,5.1,15400.0,0.16666666666666666
2016-04-07,0.309734046459198,4.97,4.97,4.97,4.97,4.97,14910.1,0.5
2016-04-08,0.25295892357826233,5.0,5.0,5.0,5.0,5.0,92935.1,0.25
2016-04-11,0.30224698781967163,5.1,5.5,4.9,5.0,5.15,118500.0,0.16666666666666666
2016-04-12,0.3545255959033966,4.8,4.9,4.7,4.7,4.71,90539.0,0.25
2016-04-13,0.44003650546073914,4.2,4.6,4.2,4.2,4.2,240962.0,0.9166666666666666
2016-04-14,0.43654704093933105,4.5,4.5,4.5,4.5,4.5,9000.0,0.5
2016-04-18,0.4932892918586731,4.3,4.5,4.1,4.3,4.29,4652.8,0.75
2016-04-19,0.5089495778083801,4.5,4.7,4.3,4.3,4.54,9639.9,0.8333333333333334
2016-04-20,0.42029109597206116,4.3,4.7,4.3,4.7,4.7,474.3,0.6666666666666666
2016-04-21,0.341663658618927,4.3,5.1,4.2,4.2,4.41,26923.0,1.0
2016-04-22,0.23047982156276703,4.5,4.6,4.5,4.6,4.54,68742.0,0.8333333333333334
2016-04-26,0.2259729951620102,5.0,5.0,5.0,5.0,5.0,5.0,0.5
2016-04-27,0.24652637541294098,5.4,5.4,5.4,5.4,5.4,5.4,0.25
2016-04-28,0.25415799021720886,5.4,5.9,5.4,5.4,5.4,5405.9,0.16666666666666666
2016-04-29,0.3400273323059082,5.2,5.7,4.9,4.9,4.94,56369.2,0.3333333333333333
2016-05-03,0.4110494554042816,4.8,4.9,4.4,4.4,4.5,75735.6,0.8333333333333334
2016-05-04,0.45695167779922485,4.6,4.7,4.4,4.5,4.62,877.0,0.6666666666666666
2016-05-06,0.5146496891975403,5.0,5.0,5.0,5.0,5.0,1520.0,0.16666666666666666
2016-05-09,0.40663567185401917,4.75,4.75,4.75,4.75,4.75,2592380.0,0.3333333333333333
2016-05-10,0.29665544629096985,5.1,5.1,4.7,4.8,4.75,36609.8,0.25
2016-05-11,0.5472680330276489,5.0,5.0,4.3,4.3,4.33,91012.9,0.8333333333333334
2016-05-12,0.5331459641456604,4.5,5.0,4.2,4.3,4.3,1720.0,0.9166666666666666
2016-05-13,0.529679536819458,4.7,4.7,4.0,4.3,4.33,1300.0,1.0
2016-05-16,0.5818833112716675,4.1,4.7,4.1,4.6,4.21,6144.1,0.8333333333333334
2016-05-17,0.5288825631141663,4.8,4.8,4.2,4.8,4.46,32760.4,0.6666666666666666
2016-05-18,0.6902598142623901,4.3,4.8,4.3,4.5,4.32,25242.0,1.0
2016-05-19,0.6452911496162415,4.1,5.0,4.1,5.0,4.21,187586.0,0.5833333333333334
2016-05-23,0.33159852027893066,4.7,5.0,4.7,5.0,4.71,12478.7,0.6666666666666666
2016-05-24,0.4205416440963745,4.9,5.2,4.6,5.2,4.71,56384.8,0.4166666666666667
2016-05-25,0.6670159101486206,4.7,4.9,4.7,4.7,4.74,183914.0,1.0
2016-05-26,0.3384416401386261,5.0,5.0,5.0,5.0,5.0,3970.0,0.9166666666666666
2016-05-27,0.708156168460846,5.0,5.0,5.0,5.0,5.0,5000.0,1.0
2016-05-30,0.6105493307113647,5.0,5.3,5.0,5.2,5.17,58447.0,1.0
2016-05-31,0.3262779712677002,5.4,5.5,5.4,5.5,5.5,110996.0,0.4166666666666667
2016-06-01,0.7333019971847534,5.5,5.5,5.2,5.3,5.37,343863.0,0.9166666666666666
2016-06-02,0.21885420382022858,5.0,5.8,5.0,5.8,5.07,57575.0,0.16666666666666666
2016-06-03,0.5688164234161377,5.2,5.3,5.2,5.3,5.27,185560.0,1.0
2016-06-06,0.7069432735443115,5.5,5.5,5.3,5.4,5.33,63900.0,1.0
2016-06-07,0.4762454330921173,5.5,5.5,5.3,5.5,5.11,677053.0,1.0
2016-06-08,0.523998498916626,5.4,6.1,5.4,5.6,5.58,235315.0,1.0
2016-06-13,0.5213367938995361,5.5,6.2,5.5,5.7,5.56,1308800.0,1.0
2016-06-14,0.45065754652023315,5.8,6.3,5.8,6.1,5.87,1090020.0,1.0
2016-06-15,0.5302789807319641,6.5,6.6,6.2,6.6,6.51,400188.0,1.0
2016-06-16,0.5316157937049866,6.6,7.3,6.6,7.3,6.85,692720.0,0.9166666666666666
2016-06-17,0.4940163195133209,7.3,8.0,6.6,7.3,6.96,1113560.0,1.0
2016-06-20,0.5927143096923828,7.3,7.6,7.3,7.5,7.14,1198950.0,0.9166666666666666
2016-06-21,0.6158438920974731,7.5,7.6,7.3,7.5,7.6,320212.0,1.0
2016-06-22,0.7475626468658447,8.0,8.4,7.6,8.4,7.77,566714.0,1.0
2016-06-23,0.6588576436042786,8.5,9.2,8.5,9.2,8.85,264618.0,0.75
2016-06-24,0.47671177983283997,9.3,10.1,9.3,9.3,9.52,3616670.0,0.6666666666666666
2016-06-27,0.3419701159000397,9.3,9.3,8.9,9.2,9.08,1416060.0,0.8333333333333334
2016-06-28,0.8254662156105042,8.7,9.0,8.3,8.9,8.65,2820540.0,1.0
2016-06-29,0.887082040309906,9.0,9.8,8.6,9.8,8.79,460486.0,1.0
2016-11-18,0.5631352663040161,10.7,10.78,10.7,16.97,10.72,75060.0,0.3333333333333333
2016-11-21,0.8134822249412537,11.8,11.8,11.8,11.8,11.8,289206.0,1.0
2016-11-22,0.6555274128913879,12.9,12.98,12.9,12.94,12.94,2588.0,1.0
2016-11-23,0.9143885970115662,14.23,14.23,14.23,14.23,14.23,1423.0,1.0
2016-11-25,0.9764118790626526,15.56,15.56,15.56,15.56,15.56,7825.0,1.0
2016-11-28,0.8228800296783447,17.22,17.22,17.22,17.22,17.22,76939.0,1.0
2016-11-29,0.7717755436897278,18.9,18.94,15.5,18.94,17.05,837944.0,1.0
2016-11-30,0.6983386278152466,20.8,20.8,19.2,20.6,20.6,64692.8,0.3333333333333333
2016-12-01,0.7025246024131775,19.0,21.5,19.0,19.91,19.02,1516060.0,1.0
2016-12-02,0.9858669638633728,20.0,20.0,20.0,20.0,20.0,1020.0,0.8333333333333334
2016-12-05,0.9816634654998779,22.0,22.0,19.31,19.98,19.41,1441020.0,1.0
2016-12-06,0.9603622555732727,19.8,21.98,19.8,20.66,21.87,23882.7,0.16666666666666666
2016-12-07,0.9450302720069885,19.8,21.5,19.8,20.01,19.41,1441020.0,1.0
2016-12-08,0.5669368505477905,19.6,21.6,19.6,20.5,20.05,631180.0,0.8333333333333334
2016-12-09,0.7613911628723145,20.01,20.02,20.01,20.12,20.14,2035710.0,1.0
2016-12-12,0.8841361403465271,19.6,21.4,19.6,20.57,20.56,389554.0,0.6666666666666666
2016-12-13,0.9639220237731934,20.05,21.0,20.05,20.52,20.52,425750.0,0.9166666666666666
2016-12-14,0.9520268440246582,20.52,20.52,20.52,20.52,20.52,20.52,1.0
2016-12-16,0.7404666543006897,20.8,22.57,20.8,21.2,21.37,645909.0,1.0
2016-12-19,0.865400493144989,21.5,23.3,21.5,21.5,21.9,197.1,1.0
2016-12-20,0.9147427082061768,19.8,21.59,19.8,21.6,21.6,84022.2,1.0
2016-12-21,0.9014068841934204,20.0,22.0,20.0,21.93,21.95,46227.5,1.0
2016-12-22,0.81158447265625,24.0,24.12,24.0,24.09,24.02,309911.0,1.0
2016-12-23,0.5986953377723694,26.5,26.5,26.31,26.32,26.38,81770.0,1.0
2016-12-26,0.5811595320701599,23.8,27.0,23.8,26.9,26.46,185.2,0.6666666666666666
2016-12-27,0.6326267123222351,27.2,27.2,26.5,26.86,26.86,4163.2,0.8333333333333334
2016-12-28,0.6539587378501892,27.15,27.15,26.5,26.93,26.55,17046.0,0.8333333333333334
2016-12-29,0.8110389113426208,26.6,27.9,26.6,26.61,26.61,460842.0,1.0
2016-12-30,0.7734218835830688,27.1,27.21,27.1,27.21,27.21,470720.0,0.9166666666666666
2017-01-03,0.6642701625823975,27.1,27.21,27.1,27.21,28.7,82937.0,1.0
2017-01-04,0.4279811680316925,31.0,31.05,31.0,31.05,31.05,158970.0,1.0
2017-01-05,0.21347872912883759,34.0,34.16,33.0,34.16,34.15,871429.0,0.16666666666666666
2017-01-06,0.25795483589172363,34.0,34.9,33.6,33.86,34.41,891295.0,0.16666666666666666
2017-01-09,0.6246328353881836,31.12,33.0,31.0,32.94,32.64,1602860.0,0.6666666666666666
2017-01-10,0.9086048603057861,32.9,32.9,32.6,32.66,32.66,163300.0,1.0
2017-01-11,0.9099059700965881,30.5,33.0,30.5,32.91,31.26,1213080.0,1.0
2017-01-12,0.9056673049926758,32.0,33.93,32.0,33.37,33.37,4931880.0,1.0
2017-01-13,0.4749089479446411,33.41,34.0,33.41,33.56,33.53,777855.0,1.0
2017-01-16,0.9552053809165955,33.6,34.0,33.6,33.78,33.73,524480.0,1.0
2017-01-17,0.5362045168876648,34.1,34.1,34.0,34.0,34.0,47974.1,0.8333333333333334
2017-01-18,0.41990604996681213,34.0,34.2,34.0,34.1,34.1,272800.0,0.8333333333333334
2017-01-19,0.7424400448799133,34.5,34.5,34.15,34.15,34.15,34184.5,0.8333333333333334
2017-01-20,0.6584996581077576,34.0,34.88,34.0,34.58,34.57,1609780.0,0.8333333333333334
2017-01-23,0.8356971740722656,35.0,35.0,35.0,35.31,35.25,352500.0,0.8333333333333334
2017-01-24,0.9911288022994995,32.6,35.5,32.6,33.71,33.71,599650.0,1.0
2017-01-25,0.6524661779403687,33.0,37.0,33.0,36.8,34.9,699808.0,0.75
2017-02-06,0.8003889322280884,36.8,36.8,36.8,36.8,36.8,110400.0,0.8333333333333334
2017-02-07,0.8240724205970764,37.8,38.0,37.7,37.7,37.91,341388.0,0.8333333333333334
2017-02-08,0.8500430583953857,37.8,37.8,37.8,37.8,37.8,75600.0,0.8333333333333334
2017-02-10,0.9336573481559753,35.7,35.7,35.7,35.7,35.7,71400.0,1.0
2017-02-13,0.7109049558639526,38.0,39.27,38.0,38.83,38.83,1970410.0,0.5833333333333334
2017-02-14,0.2027522623538971,37.0,39.5,37.0,39.5,37.86,115631.0,0.16666666666666666
2017-02-15,0.30316856503486633,39.27,39.27,38.8,39.0,39.0,250670.0,0.16666666666666666
2017-02-16,0.5027865767478943,39.4,39.4,38.0,38.27,38.5,315528.0,0.5
2017-02-17,0.4450942873954773,36.0,38.3,36.0,38.13,38.08,767381.0,0.5
2017-02-20,0.41248148679733276,37.6,39.5,37.55,38.83,38.88,177038.0,0.16666666666666666
2017-02-21,0.310148149728775,39.0,39.0,37.5,38.5,38.09,149453.0,0.16666666666666666
2017-02-22,0.258130818605423,37.3,38.0,37.2,37.28,37.28,81238.8,1.0
2017-02-23,0.9356275796890259,40.5,40.5,36.8,37.44,37.45,430513.0,0.9166666666666666
2017-02-24,0.9689817428588867,40.5,40.5,36.8,37.44,39.05,120262.0,1.0
2017-02-27,0.8989639282226562,39.0,39.0,37.5,38.0,38.0,38116.0,1.0
2017-02-28,0.6351051926612854,37.0,38.8,37.0,38.38,38.28,73269.6,0.6666666666666666
2017-03-01,0.7583243250846863,38.3,38.4,38.3,38.35,38.35,38350.0,0.75
2017-03-02,0.3133961260318756,38.4,38.5,37.0,38.46,38.46,4692.5,0.5
2017-03-03,0.8083957433700562,38.88,38.88,36.88,38.32,37.05,244493.0,0.8333333333333334
2017-03-06,0.20534445345401764,40.0,40.0,36.8,38.87,37.64,101143.0,0.16666666666666666
2017-03-07,0.36658987402915955,36.8,42.0,36.8,38.5,38.51,38967.9,0.5
2017-03-08,0.22412599623203278,40.0,40.0,37.0,38.35,38.35,19406.2,0.75
2017-03-09,0.19572897255420685,37.0,39.8,37.0,38.06,37.94,135059.0,1.0
2017-03-10,0.18766196072101593,40.0,40.0,37.2,38.54,38.3,56073.6,0.5
2017-03-13,0.06031971052289009,37.0,39.39,37.0,38.35,38.13,178688.0,0.8333333333333334
2017-03-14,0.16651864349842072,37.0,39.8,37.0,38.65,38.58,355263.0,0.4166666666666667
2017-03-15,0.14376209676265717,37.0,38.7,37.0,38.67,38.67,154775.0,0.16666666666666666
2017-03-16,0.4184778928756714,36.85,38.6,36.85,38.16,37.21,1151450.0,0.6666666666666666
2017-03-17,0.09052242338657379,37.8,39.0,37.8,38.44,37.99,551295.0,0.3333333333333333
2017-03-20,0.09498447924852371,38.69,38.69,38.5,38.65,38.65,53416.3,0.25
2017-03-21,0.0684075802564621,38.5,38.5,37.1,38.15,38.15,15299.2,0.6666666666666666
2017-03-22,0.10631219297647476,37.0,38.5,37.0,38.35,38.16,387381.0,0.6666666666666666
2017-03-23,0.7447888851165771,37.0,37.0,37.0,37.0,37.0,3663.0,1.0
2017-03-24,0.7503151893615723,38.0,38.5,38.0,38.06,38.06,16555.0,1.0
2017-03-27,0.3652246594429016,38.7,38.7,38.65,38.65,38.68,105708.0,0.6666666666666666
2017-03-28,0.8966732025146484,38.87,38.87,38.01,38.63,38.68,39917.7,1.0
2017-03-29,0.29588863253593445,38.7,39.01,38.7,38.91,38.84,607755.0,0.6666666666666666
2017-03-30,0.7719497680664062,38.5,39.0,38.5,38.64,38.64,70553.6,1.0
2017-03-31,0.3764459192752838,38.7,39.4,38.7,39.0,39.07,1188270.0,0.5833333333333334
2017-04-05,0.3200797140598297,38.7,38.7,38.7,38.7,38.7,24110.1,0.6666666666666666
2017-04-06,0.08280044049024582,39.38,39.38,38.0,39.35,39.35,4053.38,0.16666666666666666
2017-04-07,0.07662519812583923,38.5,39.38,38.0,39.09,38.45,544133.0,0.16666666666666666
2017-04-10,0.38243407011032104,39.4,39.4,38.0,39.0,38.86,17760.0,0.16666666666666666
2017-04-11,0.302580863237381,37.5,41.0,37.5,38.56,37.52,573426.0,0.5
2017-04-12,0.2424565851688385,39.6,39.6,38.3,38.6,38.61,221712.0,0.4166666666666667
2017-04-13,0.24291430413722992,40.0,40.0,38.6,38.6,38.64,118856.0,0.3333333333333333
2017-04-14,0.6386093497276306,40.0,40.0,38.3,38.52,38.54,50830.2,0.5
2017-04-17,0.3048495650291443,38.0,38.5,38.0,38.1,38.1,242896.0,0.5833333333333334
2017-04-18,0.12200499325990677,39.36,39.36,38.1,38.55,38.55,77874.6,0.3333333333333333
2017-04-19,0.1470542699098587,39.0,39.0,38.7,38.85,38.85,77.7,0.16666666666666666
2017-04-20,0.4297029376029968,38.0,38.1,38.0,38.1,38.1,9563.0,0.3333333333333333
2017-04-21,0.1770642101764679,37.5,37.9,37.5,37.8,37.67,352049.0,0.5
2017-04-24,0.25838950276374817,37.8,38.4,36.8,37.7,37.67,352049.0,0.5
2017-04-25,0.26767128705978394,37.5,38.0,37.0,37.05,37.55,447908.0,0.5
2017-04-26,0.06676006317138672,38.2,38.2,38.2,38.2,38.2,38.2,0.16666666666666666
2017-04-27,0.07069423049688339,37.0,38.0,35.0,37.9,36.73,340861.0,0.16666666666666666
2017-04-28,0.17610488831996918,37.0,37.0,36.2,37.0,37.0,34593.4,0.16666666666666666
2017-05-02,0.07750996947288513,37.0,37.0,36.5,36.82,36.66,205484.0,0.16666666666666666
2017-05-03,0.33935073018074036,36.6,36.7,36.5,36.7,36.57,274396.0,0.3333333333333333
2017-05-04,0.16986161470413208,36.7,36.7,36.7,36.7,36.7,36736.7,0.25
2017-05-05,0.14723941683769226,36.7,36.7,36.7,36.7,36.18,522410.0,0.16666666666666666
2017-05-08,0.5294179916381836,35.5,36.5,32.81,35.54,33.11,494221.0,0.8333333333333334
2017-05-09,0.06648131459951401,32.5,38.5,32.5,36.63,36.63,146.5,0.16666666666666666
2017-05-10,0.09420182555913925,36.2,36.2,36.0,36.11,36.11,83096.2,0.16666666666666666
2017-05-12,0.091819167137146,36.1,36.1,36.1,36.1,36.1,36.1,0.16666666666666666
2017-05-15,0.6265725493431091,38.5,38.5,35.0,35.57,35.57,56730.5,0.16666666666666666
2017-05-17,0.4034104645252228,35.0,35.0,35.0,35.0,35.0,35000.0,0.8333333333333334
2017-05-22,0.8063209652900696,37.5,37.5,35.0,35.0,35.0,35143.5,0.9166666666666666
2017-05-23,0.3746058940887451,35.0,35.0,35.0,35.0,35.0,7070.0,1.0
2017-05-25,0.41914892196655273,35.4,35.4,35.4,35.4,35.4,35.4,0.6666666666666666
2017-05-26,0.45413604378700256,35.4,35.4,35.4,35.4,35.4,10620.0,0.5833333333333334
2017-06-01,0.34755051136016846,35.4,35.4,35.4,35.4,35.4,35.4,0.5
2017-06-02,0.44619351625442505,37.5,37.5,35.3,35.33,35.33,336447.0,0.5
2017-06-05,0.10621246695518494,37.5,37.5,35.3,37.27,37.27,412463.0,0.16666666666666666
2017-06-06,0.2709483504295349,36.0,36.0,35.89,35.91,35.91,838688.0,0.16666666666666666
2017-06-07,0.40204447507858276,35.91,35.91,32.4,35.0,35.0,2012050.0,0.5
2017-06-08,0.6016479134559631,33.02,33.9,32.9,33.9,33.9,2632730.0,0.6666666666666666
2017-06-09,0.733668863773346,33.0,33.3,33.0,33.23,33.23,2152550.0,0.6666666666666666
2017-06-12,0.729244589805603,33.5,33.5,32.91,33.11,33.11,3850400.0,1.0
2017-06-13,0.20549337565898895,33.5,36.42,33.5,35.01,35.01,9698470.0,0.3333333333333333
2017-06-14,0.12263170629739761,35.3,35.3,35.3,35.3,35.3,3530.0,0.16666666666666666
2017-06-15,0.9410697817802429,34.0,35.0,34.0,34.0,34.0,459214.0,0.8333333333333334
2017-06-16,0.9510202407836914,33.0,34.0,33.0,33.17,33.17,1191860.0,1.0
2017-06-19,0.30421775579452515,34.5,34.5,32.6,34.05,34.5,1077200.0,1.0
2017-06-20,0.2581276297569275,33.3,35.0,33.3,34.6,34.6,1812980.0,1.0
2017-06-21,0.9993071556091309,34.0,34.8,34.0,34.68,34.68,3212130.0,1.0
2017-06-22,0.9951101541519165,35.01,36.0,34.1,35.5,35.5,8370490.0,1.0
2017-06-23,0.5023003220558167,34.2,36.45,34.2,36.59,36.59,5754860.0,0.16666666666666666
2017-06-26,0.51006680727005,34.5,36.65,34.5,36.51,36.51,442556.0,0.16666666666666666
2017-06-27,0.20784451067447662,36.42,36.45,34.3,36.45,36.45,1471290.0,0.16666666666666666
2017-06-28,0.6303789615631104,34.3,36.45,34.3,35.84,35.84,3318680.0,0.6666666666666666
2017-06-29,0.3504643738269806,35.0,36.4,35.0,36.37,36.37,1330110.0,0.16666666666666666
2017-07-10,0.9973250031471252,35.5,36.5,35.5,36.36,36.36,2581.5,0.25
2017-07-12,0.2810685932636261,36.36,36.36,36.36,36.36,36.36,1818.0,0.16666666666666666
2017-07-19,0.21740441024303436,35.0,35.0,35.0,35.0,35.0,350.0,0.16666666666666666
2017-07-24,0.9397402405738831,31.5,31.5,31.5,31.5,31.5,3150.0,0.25
2017-07-25,0.2141747623682022,31.5,31.5,31.5,31.5,31.5,318150.0,0.16666666666666666
2017-08-04,0.8191207647323608,30.8,30.8,30.8,30.8,30.8,175344.0,0.16666666666666666
2017-08-09,0.7967408299446106,30.5,30.5,30.5,30.5,30.5,61.0,0.25
2017-08-10,0.8123629689216614,30.5,30.5,30.5,30.5,30.5,61.0,0.16666666666666666
2017-08-15,0.6187313199043274,27.5,27.5,27.5,27.5,27.5,27.5,0.16666666666666666
2017-08-16,0.9803791642189026,24.75,24.75,24.75,24.75,24.75,24.75,1.0
2017-08-17,0.9906889796257019,26.7,26.7,26.7,26.7,26.7,534.0,0.16666666666666666
2017-08-21,0.9913268685340881,25.0,25.0,25.0,25.0,25.0,20650.0,1.0
2017-08-22,0.9992066621780396,25.1,25.1,25.1,25.1,25.1,50.2,0.9166666666666666
2017-08-31,0.8434802293777466,25.2,25.2,25.2,25.2,25.2,50.4,0.8333333333333334
2017-09-01,0.9798154830932617,25.1,25.1,25.1,25.1,25.1,50.2,1.0
2017-09-05,0.7934635281562805,25.5,25.5,25.5,25.5,25.5,2550.0,1.0
2017-09-07,0.970104992389679,27.0,27.0,27.0,27.0,27.0,29700.0,0.9166666666666666
2017-09-11,0.9907609820365906,27.0,27.02,27.0,27.01,27.01,8104.0,0.8333333333333334
2017-09-13,0.9912692904472351,27.0,27.0,27.0,27.0,27.0,24300.0,1.0
2017-09-18,0.989058792591095,27.2,27.2,27.2,27.2,27.2,13600.0,0.9166666666666666
2017-09-22,0.9507807493209839,27.2,27.2,27.2,27.2,27.2,27200.0,1.0
2017-09-25,0.6841705441474915,27.5,27.5,27.5,27.5,27.5,24420.0,0.9166666666666666
2017-09-28,0.42197853326797485,24.8,30.0,24.8,28.84,28.84,259.6,0.3333333333333333
2017-10-09,0.3275642991065979,27.5,27.5,27.5,27.5,27.5,27.5,1.0
2017-10-10,0.28290197253227234,29.0,29.0,27.5,29.0,29.0,43582.5,0.4166666666666667
2017-10-11,0.5539575815200806,28.0,28.0,28.0,28.0,28.0,28000.0,1.0
2017-10-13,0.909066915512085,28.0,30.0,28.0,28.24,28.24,18438.0,1.0
2017-10-17,0.45742547512054443,28.5,28.5,28.5,28.5,28.5,14250.0,1.0
2017-10-18,0.4628010392189026,30.0,30.0,30.0,30.0,30.0,3000.0,0.25
2017-10-19,0.639003574848175,29.0,29.0,29.0,29.0,29.0,14500.0,0.75
2017-10-23,0.8448654413223267,29.0,30.0,29.0,29.0,29.0,14560.0,0.8333333333333334
2017-10-24,0.4977733790874481,30.0,30.0,30.0,30.0,30.0,18000.0,0.4166666666666667
2017-10-25,0.6771679520606995,30.0,30.0,29.5,29.98,29.98,3118.0,0.6666666666666666
2017-10-26,0.7305525541305542,28.5,28.5,28.5,28.5,28.5,28.5,1.0
2017-10-30,0.7249722480773926,30.0,30.0,29.5,29.58,29.58,17750.0,1.0
2017-11-07,0.6194726228713989,30.0,30.0,30.0,30.0,30.0,3000.0,0.9166666666666666
2017-11-09,0.8232316374778748,31.0,31.0,31.0,31.0,31.0,18631.0,0.6666666666666666
2017-11-10,0.7814268469810486,32.0,32.0,32.0,32.0,32.0,192000.0,0.5833333333333334
2017-11-14,0.7491999864578247,32.0,33.0,32.0,32.0,32.0,67553.0,0.6666666666666666
2017-11-16,0.8805702328681946,32.0,35.0,32.0,33.0,33.07,99.2,0.25
2017-11-23,0.9382822513580322,30.0,30.0,30.0,30.0,30.0,60.0,0.8333333333333334
2017-11-24,0.9757178425788879,30.0,30.0,27.1,27.1,27.1,271.0,1.0
2017-11-29,0.5649871826171875,32.79,32.79,32.79,32.79,32.79,65.58,0.5
2017-11-30,0.3716095983982086,33.5,36.0,30.15,32.97,32.97,1600130.0,0.3333333333333333
2017-12-04,0.39543911814689636,32.97,33.0,33.0,33.0,33.0,99095.5,0.25
2017-12-05,0.8249722123146057,30.01,33.0,30.01,31.65,31.65,273525.0,0.5
2017-12-06,0.9224926829338074,30.5,30.5,30.5,30.5,30.5,19825.0,0.6666666666666666
2017-12-08,0.972000777721405,27.5,30.0,27.5,27.5,27.5,46202.5,1.0
2017-12-11,0.9747886061668396,30.0,30.0,30.0,30.0,30.0,45300.2,1.0
2017-12-12,0.29454654455184937,33.0,33.0,31.0,33.0,33.0,33217.4,0.8333333333333334
2017-12-13,0.4420764744281769,31.01,34.0,31.01,33.0,33.0,630711.0,0.9166666666666666
2017-12-14,0.9811902642250061,32.5,34.5,32.5,33.0,33.0,38182.0,1.0
2017-12-18,0.8741909861564636,30.12,35.0,30.12,34.0,34.0,502615.0,0.8333333333333334
2017-12-22,0.6016519069671631,35.0,35.0,35.0,35.0,35.0,35.0,0.3333333333333333
2017-12-25,0.948744535446167,34.0,34.0,34.0,34.0,34.0,68000.0,0.9166666666666666
2017-12-26,0.8912342190742493,34.0,34.0,34.0,34.0,34.0,34.0,0.8333333333333334
2017-12-29,0.5363458395004272,33.0,35.0,33.0,35.0,35.0,17568.0,0.4166666666666667
2018-01-02,0.6036624312400818,33.0,35.0,33.0,35.0,35.0,12423.0,0.3333333333333333
2018-01-03,0.45899462699890137,31.5,35.0,31.5,34.99,34.99,70370.0,0.3333333333333333
2018-01-04,0.25249969959259033,34.9,35.9,34.9,35.89,35.89,501176.0,0.16666666666666666
2018-01-05,0.5329336524009705,32.3,32.3,32.3,32.3,32.3,161.5,0.5
2018-01-08,0.9009444117546082,29.1,35.53,29.1,32.94,32.94,82546.0,0.5
2018-01-09,0.9784793853759766,29.65,35.5,29.65,29.65,29.65,148286.0,0.8333333333333334
2018-01-10,0.9425200819969177,27.0,31.53,27.0,27.79,27.79,1348000.0,1.0
2018-01-11,0.4821087718009949,30.57,30.57,30.57,30.57,30.57,30.57,0.8333333333333334
2018-01-12,0.3169565796852112,33.0,33.0,33.0,33.0,33.0,33.0,0.6666666666666666
2018-01-15,0.22004248201847076,31.5,36.0,31.5,35.92,35.92,143858.0,0.16666666666666666
2018-01-16,0.5834698677062988,32.4,35.92,32.4,35.49,35.49,88983.8,0.16666666666666666
2018-01-17,0.5152966976165771,33.0,35.5,33.0,33.42,33.42,200.5,0.5
2018-01-18,0.9591262340545654,30.5,30.5,30.5,30.5,30.5,152.5,0.9166666666666666
2018-01-19,0.999180257320404,30.5,30.5,30.5,30.5,30.5,30.5,1.0
2018-01-22,0.9927511215209961,33.55,33.55,33.55,33.55,33.55,67200.6,0.6666666666666666
2018-01-23,0.689850926399231,30.6,36.9,30.6,33.07,33.07,679928.0,1.0
2018-01-24,0.5190581679344177,33.54,35.6,33.54,35.3,35.3,1659330.0,0.5
2018-01-25,0.2564536929130554,36.01,36.1,34.0,36.09,36.09,1020380.0,0.16666666666666666
2018-01-26,0.46340039372444153,34.0,39.0,34.0,35.07,36.09,245.5,0.3333333333333333
2018-01-29,0.7125559449195862,33.5,33.5,33.5,33.5,33.5,33.5,0.6666666666666666
2018-01-30,0.5406171083450317,31.0,36.0,31.0,35.95,35.95,3631.0,0.16666666666666666
2018-01-31,0.9439173340797424,32.5,32.5,32.5,32.5,32.5,32.5,0.8333333333333334
2018-02-01,0.9984817504882812,31.0,31.0,31.0,31.0,31.0,31.0,1.0
2018-02-07,0.8596024513244629,34.0,34.0,33.55,33.64,33.64,168575.0,0.8333333333333334
2018-02-09,0.8133750557899475,33.5,34.6,33.5,33.6,33.6,1515460.0,0.8333333333333334
2018-02-28,0.747804582118988,34.9,34.9,34.81,34.82,34.82,351218.0,0.6666666666666666
2018-03-01,0.5845118165016174,35.2,35.2,35.2,35.2,35.2,3519960.0,0.5833333333333334
2018-03-02,0.27858489751815796,35.2,35.2,35.2,35.2,35.2,35.2,0.5
2018-03-06,0.6823274493217468,35.0,36.5,35.0,36.5,36.5,18285.0,0.5
2018-03-08,0.978649914264679,33.0,33.0,33.0,33.0,33.0,33.0,1.0
2018-03-09,0.7012179493904114,35.5,35.5,34.0,34.0,34.0,37809.5,0.6666666666666666
2018-03-12,0.3321855962276459,37.0,37.0,37.0,37.0,37.0,3700.0,0.3333333333333333
2018-03-15,0.9412285685539246,33.5,33.5,33.5,33.5,33.5,161667.0,0.8333333333333334
2018-03-19,0.5206705927848816,38.0,38.0,38.0,38.0,38.0,19000.0,0.5
2018-03-22,0.2751287817955017,38.0,38.0,36.0,36.1,36.1,114180.0,0.6666666666666666
2018-03-23,0.9928990602493286,32.5,32.5,32.5,32.5,32.5,3250.0,1.0
2018-03-26,0.843092143535614,35.75,35.75,35.75,35.75,35.75,35.75,0.8333333333333334
2018-03-27,0.32662007212638855,39.0,39.0,39.0,39.0,39.0,3900000.0,0.3333333333333333
2018-03-29,0.3571886420249939,38.5,39.2,38.5,38.62,38.62,424800.0,0.3333333333333333
2018-04-02,0.2196572870016098,39.5,39.5,39.5,39.5,39.5,37485.5,0.16666666666666666
2018-04-04,0.5683537721633911,37.1,37.1,37.1,37.1,37.1,490499.0,0.5
2018-04-11,0.9947078824043274,36.0,36.0,33.39,33.4,33.4,721184.0,1.0
2018-04-12,0.9848130345344543,36.74,36.74,36.74,36.74,36.74,3674.0,1.0
2018-04-16,0.778618335723877,37.8,38.01,37.8,37.91,37.91,390871.0,0.6666666666666666
2018-04-17,0.9831141829490662,37.01,37.01,37.01,37.01,37.01,3701000.0,1.0
2018-04-18,0.9982643723487854,37.3,37.3,37.3,37.3,37.3,157928.0,1.0
2018-04-19,0.9987578392028809,39.0,39.0,39.0,39.0,39.0,195000.0,0.16666666666666666
2018-04-23,0.3019392192363739,38.1,39.0,38.1,38.8,38.8,104244.0,0.3333333333333333
2018-04-24,0.1785886436700821,38.4,38.4,38.4,38.4,38.4,76.8,0.3333333333333333
2018-04-25,0.1093900054693222,36.3,39.0,36.3,38.91,38.91,272394.0,0.16666666666666666
2018-04-26,0.5645354986190796,36.3,38.0,36.3,38.0,38.0,304036.0,0.5833333333333334
2018-04-27,0.965970516204834,36.2,38.5,36.2,37.7,37.7,20492.6,0.8333333333333334
2018-05-02,0.8017330765724182,36.7,38.0,36.7,38.0,38.0,380073.0,0.75
2018-05-03,0.9861090183258057,36.1,36.1,36.1,36.1,36.1,36.1,1.0
2018-05-04,0.21521805226802826,33.0,38.6,33.0,38.49,38.49,2477680.0,0.16666666666666666
2018-05-07,0.19734370708465576,34.7,38.5,34.7,38.22,38.22,2014240.0,0.3333333333333333
2018-05-08,0.15227676928043365,38.3,38.3,38.2,38.23,38.23,687221.0,0.16666666666666666
2018-05-10,0.22499419748783112,38.0,38.0,38.0,38.0,38.0,1140040.0,1.0
2018-05-15,0.538092851638794,38.05,38.05,38.05,38.05,38.05,380500.0,1.0
2018-05-16,0.7402991056442261,38.1,38.25,38.1,38.18,38.18,545468.0,0.8333333333333334
2018-05-17,0.7556078433990479,38.5,38.5,38.1,38.12,38.21,926270.0,1.0
2018-05-18,0.26032769680023193,38.2,38.2,38.2,38.2,38.2,223050.0,0.6666666666666666
2018-05-21,0.9895125031471252,38.2,38.2,38.2,38.2,38.2,382000.0,0.75
2018-05-22,0.9240731596946716,38.2,38.2,38.2,38.2,38.2,1528000.0,0.8333333333333334
2018-05-23,0.49820035696029663,38.25,39.0,38.2,38.93,38.93,5254150.0,0.6666666666666666
2018-05-24,0.6651882529258728,38.2,38.8,38.2,38.39,38.2,5521220.0,0.8333333333333334
2018-05-31,0.9956706762313843,35.5,35.5,35.5,35.5,35.5,710036.0,1.0
2018-06-01,0.4588014781475067,39.0,39.05,39.0,39.01,39.01,1365250.0,0.5
2018-06-04,0.38444650173187256,38.8,39.0,38.8,38.96,38.96,272700.0,0.5
2018-06-05,0.19414880871772766,38.8,39.5,38.4,39.18,39.06,547875.0,0.3333333333333333
2018-06-06,0.44013744592666626,39.5,39.78,39.0,39.1,39.1,222950.0,0.5
2018-06-07,0.9890009164810181,38.9,38.9,38.9,38.9,38.9,38900.0,0.9166666666666666
2018-06-08,0.9239985942840576,38.9,39.3,38.9,38.92,38.92,1272830.0,0.8333333333333334
2018-06-11,0.9990778565406799,38.9,38.9,38.9,38.9,38.9,19450.0,1.0
2018-06-13,0.6397959589958191,39.5,39.5,39.5,39.5,39.5,105702.0,0.6666666666666666
2018-06-14,0.8754779696464539,38.8,39.7,38.7,39.38,39.37,282321.0,0.6666666666666666
2018-06-15,0.6953094601631165,39.5,40.0,39.5,39.76,39.76,755500.0,0.5
2018-06-19,0.1177520751953125,38.2,40.0,38.2,40.0,39.99,160382.0,0.25
2018-06-20,0.13913987576961517,40.0,40.0,40.0,40.0,40.0,173360.0,0.16666666666666666
2018-06-22,0.35377123951911926,39.0,40.0,39.0,39.12,39.12,1003890.0,0.5
2018-06-25,0.9847679138183594,39.0,39.0,39.0,39.0,39.0,36699.0,0.9166666666666666
2018-06-26,0.7653039693832397,39.2,39.2,39.1,39.13,39.13,1761000.0,0.6666666666666666
2018-06-27,0.7865089178085327,39.3,39.3,39.3,39.3,39.3,589500.0,0.5
2018-06-28,0.5879465341567993,39.5,39.5,39.0,39.05,39.07,1036950.0,0.5833333333333334
2018-06-29,0.7197346687316895,39.0,39.0,39.0,39.0,39.0,78000.0,0.6666666666666666
2018-07-02,0.09677650779485703,39.5,39.5,39.4,39.41,39.41,443178.0,0.3333333333333333
2018-07-03,0.057592712342739105,39.5,39.5,39.5,39.5,39.5,130350.0,0.16666666666666666
2018-07-04,0.882142186164856,38.4,39.5,38.4,38.67,38.67,6386530.0,1.0
2018-07-05,0.16549049317836761,39.5,39.5,39.0,39.05,39.05,1033840.0,0.5
2018-07-06,0.999314546585083,38.7,39.5,38.7,38.79,38.79,1520750.0,1.0
2018-07-09,0.3039770722389221,39.3,39.3,39.1,39.27,39.27,106118.0,0.3333333333333333
2018-07-10,0.18130511045455933,39.3,39.3,38.7,38.81,38.81,450703.0,0.6666666666666666
2018-07-11,0.25317221879959106,39.3,39.3,38.99,39.02,38.01,68826.3,0.6666666666666666
2018-07-12,0.6306970119476318,39.2,39.2,39.2,39.2,39.2,73264.8,0.6666666666666666
2018-07-13,0.811266303062439,39.2,39.49,38.8,39.4,39.4,969192.0,0.5
2018-07-16,0.9917594790458679,38.0,39.39,38.0,38.44,38.44,3375870.0,0.8333333333333334
2018-07-17,0.24491873383522034,38.5,38.5,38.0,38.1,38.13,3794460.0,1.0
2018-07-18,0.15753580629825592,39.0,39.5,38.0,39.23,39.07,976000.0,1.0
2018-07-19,0.4655728340148926,39.5,39.9,39.5,39.63,39.73,1440620.0,1.0
2018-07-20,0.40916478633880615,39.0,40.0,39.0,39.99,39.99,2340680.0,0.6666666666666666
2018-07-23,0.9434358477592468,40.0,40.0,39.1,39.72,39.72,1411700.0,1.0
2018-07-24,0.4415750503540039,39.99,39.99,39.7,39.93,39.93,448324.0,0.8333333333333334
2018-07-25,0.44930943846702576,39.0,40.5,39.0,40.07,39.73,821623.0,0.6666666666666666
2018-07-26,0.9122644066810608,39.8,40.35,39.8,40.35,40.29,998344.0,0.5
2018-07-27,0.09806616604328156,41.0,43.0,41.0,42.52,41.71,1782840.0,0.16666666666666666
2018-07-30,0.6036331653594971,43.5,44.0,42.0,42.19,42.58,290710.0,0.16666666666666666
2018-08-21,0.2062797099351883,37.97,37.97,37.97,37.97,37.97,369372.0,0.16666666666666666
2018-08-22,0.8928602337837219,36.0,36.0,34.17,34.19,34.19,959989.0,0.3333333333333333
2018-08-29,0.17383736371994019,35.0,35.0,35.0,35.0,35.0,136115.0,0.3333333333333333
2018-08-30,0.705802857875824,31.6,31.6,31.6,31.6,31.6,316.0,0.8333333333333334
2018-08-31,0.7316640615463257,31.6,31.6,29.01,29.17,29.17,466.75,1.0
2018-09-05,0.6879271268844604,32.09,32.09,32.09,32.09,32.09,85038.5,0.8333333333333334
2018-09-10,0.6047244071960449,33.0,33.0,33.0,33.0,33.0,16500.0,0.6666666666666666
2018-09-11,0.31734737753868103,36.3,36.3,36.3,36.3,36.3,162951.0,0.16666666666666666
2018-09-17,0.13687404990196228,32.8,35.0,32.8,34.9,34.9,3664.0,0.16666666666666666
2018-09-18,0.12767542898654938,31.5,34.0,31.5,33.98,33.98,34315.0,0.16666666666666666
2018-09-19,0.154519721865654,30.6,30.6,30.6,30.6,30.6,612.0,0.3333333333333333
2018-09-20,0.798774242401123,30.6,30.6,30.2,30.21,30.21,400806.0,0.3333333333333333
2018-09-21,0.7395792603492737,27.2,31.0,27.2,30.89,30.89,15908.0,0.16666666666666666
2018-09-25,0.9938986301422119,28.9,28.9,28.9,28.9,28.9,28.9,1.0
2018-09-26,0.4681093096733093,30.0,30.0,30.0,30.0,30.0,9900.0,0.5
2018-09-28,0.3704424500465393,31.0,31.0,30.0,30.02,30.02,187540.0,0.5
2018-10-09,0.8519993424415588,29.01,29.01,29.01,29.01,29.01,323636.0,0.8333333333333334
2018-10-11,0.982965886592865,29.0,29.0,29.0,29.0,29.0,58.0,1.0
2018-10-12,0.9889252185821533,29.0,29.4,29.0,29.4,29.4,250457.0,1.0
2018-10-25,0.9864892959594727,32.34,32.34,32.34,32.34,32.34,159048.0,1.0
2018-10-26,0.8205128908157349,35.57,35.57,35.57,35.57,35.57,284560.0,0.6666666666666666
2018-10-29,0.968693733215332,39.0,39.0,34.01,34.11,34.1,1739.5,0.8333333333333334
2018-10-30,0.6959635019302368,34.0,34.0,34.0,34.0,34.0,17000.0,1.0
2018-10-31,0.533663272857666,36.0,36.0,36.0,36.0,36.0,36.0,0.5
2018-11-02,0.24340112507343292,39.6,39.6,39.6,39.6,39.6,179784.0,0.16666666666666666
2018-11-12,0.41304585337638855,35.64,35.64,35.64,35.64,35.64,35.64,0.3333333333333333
2018-11-15,0.4985382556915283,39.16,39.16,39.16,39.16,39.16,19580.0,0.16666666666666666
2018-11-20,0.32879117131233215,35.31,35.31,35.31,35.31,35.31,35.31,0.16666666666666666
2018-11-28,0.9896067976951599,33.02,33.02,33.02,33.02,33.02,33.02,0.3333333333333333
2018-12-07,0.7493118047714233,30.5,30.5,30.5,30.5,30.5,305000.0,0.6666666666666666
2018-12-11,0.8765374422073364,33.5,33.5,33.5,33.5,33.5,16750.0,0.16666666666666666
2018-12-14,0.3427811563014984,33.0,33.0,33.0,33.0,33.0,33.0,0.25
2018-12-17,0.2443641722202301,33.0,33.0,33.0,33.0,33.0,330.0,0.16666666666666666
2018-12-18,0.6579960584640503,30.0,30.0,30.0,30.0,30.0,60.0,0.5833333333333334
2018-12-19,0.9798496961593628,30.0,30.0,30.0,30.0,30.0,30.0,0.6666666666666666
2018-12-20,0.9063234329223633,33.0,33.0,27.01,29.19,29.23,1239470.0,0.8333333333333334
2019-01-04,0.9921062588691711,29.01,29.01,29.01,29.01,29.01,232080.0,1.0
2019-01-08,0.33690202236175537,31.91,31.91,31.91,31.91,31.91,31.91,0.8333333333333334
2019-01-09,0.3674463629722595,35.1,35.1,35.1,35.1,35.1,35.1,0.3333333333333333
2019-01-10,0.6291131377220154,38.6,38.6,38.6,38.6,38.6,38.6,0.16666666666666666
2019-01-11,0.8974533081054688,41.88,41.88,35.05,35.08,41.86,265417.0,0.16666666666666666
2019-01-17,0.5100057721138,33.0,33.0,33.0,33.0,33.0,33.0,0.5
2019-01-21,0.6063374876976013,30.0,30.0,30.0,30.0,30.0,60.0,0.8333333333333334
2019-01-24,0.9993376135826111,27.32,27.32,27.32,27.32,27.32,1114760.0,1.0
2019-01-31,0.9935935139656067,30.06,30.06,30.06,30.06,30.06,2399570.0,1.0
2019-02-21,0.21435706317424774,33.07,33.07,33.07,33.07,33.07,69447.0,1.0
2019-02-22,0.14620305597782135,36.38,36.38,36.38,36.38,36.38,36.38,1.0
2019-02-25,0.2749020755290985,40.02,40.02,40.02,40.02,40.02,400.02,0.8333333333333334
2019-02-26,0.23108302056789398,44.02,44.02,38.0,44.0,44.0,188446.0,0.16666666666666666
2019-02-27,0.36282220482826233,40.0,40.05,40.0,40.34,40.34,120200.0,0.5
2019-02-28,0.781521737575531,37.0,37.0,37.0,37.0,37.0,37.0,0.8333333333333334
2019-03-04,0.381352961063385,40.6,40.7,40.6,40.6,40.6,812041.0,0.16666666666666666
2019-03-05,0.3384280204772949,36.54,41.0,36.54,40.59,40.59,446.54,0.3333333333333333
2019-03-06,0.9928560853004456,36.53,41.0,36.53,36.61,36.61,1465550.0,1.0
2019-03-07,0.3289574980735779,40.27,40.27,40.27,40.27,40.27,1409490.0,0.6666666666666666
2019-03-08,0.26825717091560364,40.0,40.0,38.0,39.9,39.9,838.0,0.6666666666666666
2019-03-14,0.41144827008247375,36.0,37.2,36.0,37.2,37.2,197642.0,0.8333333333333334
2019-03-18,0.16568225622177124,40.8,40.8,40.8,40.8,40.8,204000.0,0.3333333333333333
2019-03-19,0.1547223925590515,41.8,41.8,41.0,41.26,41.26,236854.0,0.16666666666666666
2019-03-22,0.2877943515777588,40.5,40.5,40.5,40.5,40.5,3056700.0,0.3333333333333333
2019-03-25,0.9900328516960144,36.45,36.45,36.45,36.45,36.45,182.25,1.0
2019-03-26,0.7087016105651855,39.98,40.0,39.98,39.98,39.98,2094120.0,0.6666666666666666
2019-03-27,0.3457164466381073,40.0,40.0,40.0,40.0,40.0,95120.0,0.6666666666666666
2019-03-28,0.27638331055641174,40.11,40.11,40.11,40.11,40.11,40.11,0.5
2019-03-29,0.07187937200069427,40.88,40.88,40.88,40.88,40.88,420982.0,0.25
2019-04-03,0.967282772064209,36.72,36.72,36.72,36.72,36.72,36.72,1.0
2019-04-04,0.10137789696455002,33.05,40.39,33.05,39.72,39.72,436.95,0.3333333333333333
2019-04-08,0.0757833868265152,35.75,42.59,35.75,40.88,40.88,817.6,0.16666666666666666
2019-04-11,0.5031759738922119,38.01,38.01,38.01,38.01,38.01,38.01,0.5
2019-04-12,0.9679448008537292,37.18,37.18,37.18,37.18,37.18,37.18,1.0
2019-04-17,0.9724605083465576,35.0,37.22,35.0,37.22,37.22,137749.0,0.75
2019-04-18,0.4728587567806244,37.22,37.22,37.22,37.22,37.22,37.22,0.6666666666666666
2019-04-19,0.5307775139808655,40.8,40.8,40.8,40.8,40.8,40.8,0.3333333333333333
2019-04-22,0.08939632773399353,40.8,40.8,40.8,40.8,40.8,12729.6,0.25
2019-04-24,0.05941183120012283,42.0,42.0,40.2,40.8,40.8,1224.0,0.16666666666666666
2019-04-25,0.9841101765632629,36.72,36.72,36.72,36.72,36.72,1836.0,0.6666666666666666
2019-04-26,0.9981528520584106,33.05,33.05,33.05,33.05,33.05,141487.0,1.0
2019-04-29,0.9429547786712646,36.36,36.36,36.36,36.36,36.36,72.72,1.0
2019-04-30,0.609322190284729,38.0,40.0,38.0,40.0,40.0,267238.0,0.6666666666666666
2019-05-06,0.9918936491012573,38.0,38.0,38.0,38.0,38.0,304000.0,1.0
2019-05-07,0.28614428639411926,40.5,40.5,40.5,40.5,40.5,81000.0,0.16666666666666666
2019-05-08,0.6433596014976501,43.88,43.88,40.0,40.15,40.15,361809.0,0.3333333333333333
2019-05-09,0.9107463955879211,39.2,39.86,39.2,39.33,39.33,953197.0,0.8333333333333334
2019-05-10,0.9383800029754639,40.27,40.58,40.27,40.28,40.28,124908.0,0.16666666666666666
2019-05-13,0.12495157122612,39.85,39.9,39.85,39.9,39.9,20348.5,0.8333333333333334
2019-05-14,0.12196332216262817,39.93,39.93,39.93,39.93,39.93,39.93,0.8333333333333334
2019-05-15,0.975364625453949,38.0,38.0,35.94,37.31,37.31,1119400.0,1.0
2019-05-16,0.8744497299194336,40.03,40.03,40.03,40.03,40.03,60085.0,1.0
2019-05-17,0.09521463513374329,40.01,41.0,40.01,40.06,40.06,420600.0,0.8333333333333334
2019-05-20,0.12943725287914276,41.6,41.6,41.6,41.6,41.6,665600.0,0.16666666666666666
2019-05-21,0.29078757762908936,40.9,41.3,40.9,41.09,41.09,883500.0,0.16666666666666666
2019-05-23,0.38829293847084045,41.2,41.2,39.6,40.6,40.6,1521470.0,0.5
2019-05-24,0.07554683089256287,40.8,40.86,40.8,40.86,40.86,1804620.0,0.16666666666666666
2019-05-27,0.28975236415863037,40.0,40.1,40.0,40.01,40.01,223521.0,0.6666666666666666
2019-05-28,0.8673526644706726,40.0,40.5,40.0,40.06,40.06,332546.0,0.5
2019-05-29,0.06493207067251205,40.3,40.65,40.3,40.46,40.46,3472790.0,0.3333333333333333
2019-05-30,0.02589791640639305,40.06,41.6,40.05,40.71,40.71,95592.4,0.16666666666666666
2019-06-06,0.19485437870025635,38.8,38.8,38.8,38.8,38.8,970000.0,0.9166666666666666
2019-06-11,0.7028138041496277,38.8,38.8,38.8,38.8,38.8,640200.0,0.8333333333333334
2019-06-12,0.18241317570209503,40.0,40.0,39.05,39.05,39.05,226140.0,0.6666666666666666
2019-06-13,0.49141430854797363,39.0,39.0,39.0,39.0,39.0,1560000.0,0.8333333333333334
2019-06-14,0.29896003007888794,39.0,41.0,39.0,39.36,39.36,1948340.0,0.8333333333333334
2019-06-18,0.043612439185380936,40.5,40.5,40.5,40.5,40.5,40500.0,0.16666666666666666
2019-06-20,0.5390791893005371,38.37,38.37,38.37,38.37,38.37,767400.0,1.0
2019-06-24,0.06472788006067276,39.0,40.5,39.0,40.26,40.26,406600.0,0.5
2019-06-25,0.04248248040676117,40.4,40.49,40.2,40.3,40.3,666180.0,0.5
2019-06-26,0.08540243655443192,40.2,40.2,40.2,40.2,40.2,40079.4,0.8333333333333334
2019-06-27,0.6583079099655151,40.3,40.3,40.1,40.21,40.21,402050.0,0.6666666666666666
2019-06-28,0.0861264020204544,42.57,44.15,40.25,42.1,42.1,100402.0,0.16666666666666666
2019-07-01,0.8747363090515137,40.1,40.25,40.1,40.25,40.25,2052600.0,0.6666666666666666
2019-07-02,0.053688894957304,40.55,40.55,40.55,40.55,40.55,1893680.0,0.25
2019-07-03,0.3005363643169403,40.0,40.0,40.0,40.0,40.0,178800.0,0.9166666666666666
2019-07-04,0.5823691487312317,40.0,40.0,40.0,40.0,40.0,20000.0,1.0
2019-07-08,0.875503420829773,40.5,40.99,40.5,40.55,40.55,4037790.0,0.16666666666666666
2019-07-09,0.1140320673584938,40.2,40.5,40.2,40.5,40.5,162498.0,0.25
2019-07-10,0.0813220739364624,40.5,40.5,40.5,40.5,40.5,81.0,0.16666666666666666
2019-07-17,0.28059259057044983,40.2,40.5,40.2,40.22,40.22,1367400.0,0.5
2019-07-18,0.2618519365787506,40.3,40.5,40.3,40.35,40.35,268315.0,0.5
2019-07-19,0.6637584567070007,40.0,40.55,40.0,40.16,40.16,846231.0,0.6666666666666666
2019-07-22,0.9021509885787964,39.5,39.5,39.5,39.5,39.5,39.5,0.75
2019-07-23,0.5277441143989563,35.55,40.3,35.55,39.5,39.5,3077100.0,0.8333333333333334
2019-07-24,0.9117231369018555,40.8,40.8,40.8,40.8,40.8,251573.0,0.3333333333333333
2019-07-25,0.09939363598823547,44.88,44.88,44.88,44.88,44.88,1720160.0,0.16666666666666666
2019-07-26,0.0736222043633461,40.39,40.39,40.39,40.39,40.39,40.39,0.5
2019-07-30,0.8424673676490784,36.35,40.0,36.35,36.4,36.4,1412240.0,1.0
2019-07-31,0.39724186062812805,40.04,40.04,40.04,40.04,40.04,40.04,1.0
2019-08-01,0.3503648638725281,40.06,40.06,40.06,40.06,40.06,203000.0,1.0
2019-08-02,0.44589847326278687,41.0,41.1,41.0,41.09,41.09,205469.0,0.6666666666666666
2019-08-05,0.03876329958438873,44.8,44.8,44.8,44.8,44.8,1375360.0,0.16666666666666666
2019-08-12,0.19455213844776154,40.32,40.32,40.32,40.32,40.32,40.32,0.8333333333333334
2019-08-13,0.3606763780117035,43.0,44.3,43.0,43.12,43.12,47341.4,0.3333333333333333
2019-08-14,0.7130171060562134,40.58,40.58,40.58,40.58,40.58,292176.0,0.8333333333333334
2019-08-20,0.6776387691497803,42.0,42.0,41.1,41.25,41.25,247500.0,0.6666666666666666
2019-08-27,0.9519554972648621,40.0,41.8,40.0,40.06,40.06,954109.0,1.0
2019-08-28,0.9799380302429199,41.0,41.16,41.1,41.12,41.12,1233680.0,1.0
2019-09-04,0.05152539163827896,40.0,44.0,40.0,43.99,43.99,176020.0,0.16666666666666666
2019-09-05,0.756614625453949,40.0,42.5,40.0,42.27,42.27,465.0,1.0
2019-09-19,0.33185359835624695,43.0,43.5,43.0,43.19,43.19,225632.0,0.5
2019-09-20,0.757299542427063,43.0,43.0,42.0,42.86,42.86,729000.0,0.8333333333333334
2019-09-24,0.6457788944244385,43.01,43.01,43.01,43.01,43.01,16816.9,0.6666666666666666
2019-09-25,0.3154056966304779,44.0,44.0,43.0,43.26,43.26,467200.0,0.6666666666666666
2019-09-27,0.21566584706306458,44.5,44.5,44.5,44.5,44.5,53400.0,0.5
2019-09-30,0.898168683052063,40.05,40.05,40.05,40.05,40.05,40050.0,1.0
2019-10-10,0.5166589617729187,42.0,43.63,42.0,43.6,43.6,2223.5,0.6666666666666666
2019-10-11,0.826684832572937,42.5,42.5,41.0,42.28,42.28,515800.0,1.0
2019-10-15,0.09193502366542816,46.51,46.51,43.0,45.17,45.17,219510.0,0.3333333333333333
2019-10-16,0.06116728484630585,48.0,48.0,43.0,47.79,47.79,1143540.0,0.16666666666666666
2019-10-17,0.13930131494998932,43.01,43.01,43.01,43.01,43.01,4301.0,1.0
2019-10-18,0.9803836345672607,43.6,44.0,43.5,43.95,43.89,213730.0,1.0
2019-10-21,0.8742239475250244,45.0,45.0,44.5,44.64,44.64,313400.0,0.75
2019-10-22,0.1308118849992752,44.5,45.0,44.5,44.73,44.73,492000.0,0.5
2019-10-23,0.2994965612888336,41.01,44.95,41.01,44.64,44.64,498111.0,0.5
2019-10-24,0.1480734944343567,44.88,44.95,44.88,44.92,44.92,361697.0,0.25
2019-10-25,0.07312187552452087,44.9,44.94,44.9,44.92,44.92,224580.0,0.16666666666666666
2019-10-28,0.9741008281707764,44.5,44.5,44.5,44.5,44.5,197090.0,0.3333333333333333
2019-10-29,0.6016747951507568,40.06,43.0,40.06,40.07,40.07,102583.0,0.6666666666666666
2019-10-30,0.9972521662712097,36.16,36.16,36.16,36.16,36.16,829076.0,1.0
2019-11-01,0.6500376462936401,39.78,39.78,39.78,39.78,39.78,79.56,1.0
2019-11-04,0.9727658629417419,43.0,43.0,43.0,43.0,43.0,43.0,1.0
2019-11-06,0.07405085861682892,46.99,47.25,43.3,46.77,46.77,904005.0,0.16666666666666666
2019-11-07,0.5076212882995605,44.0,44.0,44.0,44.0,44.0,880000.0,0.8333333333333334
2019-11-08,0.026688871905207634,46.49,46.49,46.39,46.48,46.48,122627.0,0.16666666666666666
2019-11-11,0.1364937275648117,42.01,45.5,42.01,44.39,44.39,582499.0,0.3333333333333333
2019-11-12,0.018021250143647194,44.97,44.98,44.96,44.97,44.97,488583.0,0.16666666666666666
2019-11-13,0.616322934627533,41.01,44.88,41.01,43.4,43.4,557295.0,1.0
2019-11-14,0.19240760803222656,41.0,44.86,41.0,44.13,44.13,1413890.0,0.6666666666666666
2019-11-15,0.4087725579738617,41.0,47.0,40.5,44.21,44.21,7849600.0,0.6666666666666666
2019-11-18,0.9329528212547302,44.97,44.97,44.0,44.0,44.12,4025640.0,0.9166666666666666
2019-11-19,0.9998895525932312,44.2,44.5,44.0,44.0,44.02,1958400.0,1.0
2019-11-20,0.332347571849823,44.0,44.6,44.0,44.53,44.04,15573800.0,0.8333333333333334
2019-11-21,0.7598932981491089,44.2,44.86,44.0,44.35,44.31,715832.0,1.0
2019-11-22,0.11582434177398682,44.0,45.5,44.0,45.49,44.41,2740840.0,0.16666666666666666
2019-11-25,0.8824675679206848,45.88,46.0,44.8,44.99,44.99,2126610.0,0.6666666666666666
2019-11-26,0.8800511956214905,45.5,45.5,44.76,44.96,44.96,3487690.0,0.8333333333333334
2019-11-27,0.14987699687480927,45.5,45.5,44.89,45.0,45.0,3808630.0,0.6666666666666666
2019-11-28,0.4928080141544342,45.99,47.0,44.0,45.22,45.22,1267310.0,0.5
2019-12-30,0.662461519241333,41.8,41.8,41.8,41.8,41.8,451398.0,0.6666666666666666
2019-12-31,0.2878483235836029,45.95,45.95,45.95,45.95,45.95,45950.0,0.3333333333333333
2020-01-02,0.03316251188516617,49.98,49.98,49.98,49.98,49.98,492753.0,0.16666666666666666
2020-01-03,0.9994732737541199,44.98,44.98,44.98,44.98,44.98,44.98,0.16666666666666666
2020-01-07,0.9445436596870422,40.5,40.5,40.5,40.5,40.5,40.5,0.5
2020-01-09,0.9981877207756042,36.48,36.48,36.48,36.48,36.48,36480.0,1.0
2020-01-10,0.999994158744812,33.0,40.13,33.0,40.13,33.0,325331.0,0.5
2020-01-13,0.20891976356506348,44.14,44.14,44.14,44.14,44.14,4414.0,0.16666666666666666
2020-01-14,0.017206881195306778,48.5,48.5,42.0,42.0,48.43,521061.0,0.16666666666666666
2020-01-15,0.21583929657936096,37.85,37.85,37.85,37.85,37.85,1892.5,0.3333333333333333
2020-01-20,0.5587171316146851,37.8,37.8,35.5,37.14,37.14,260.0,0.5
2020-01-22,0.9999974966049194,35.03,35.03,35.03,35.03,35.03,35.03,0.6666666666666666
2020-02-24,0.970371425151825,35.0,35.0,31.53,31.54,31.54,335862.0,1.0
2020-02-26,0.6229801774024963,34.69,34.69,34.69,34.69,34.69,34.69,1.0
2020-02-27,0.9627491235733032,38.16,38.16,38.16,38.16,38.16,38.16,1.0
2020-02-28,0.6514325737953186,41.98,41.98,41.98,41.98,41.98,100.0,0.6666666666666666
2020-03-03,0.08516395837068558,46.18,46.18,46.18,46.18,46.18,923.6,0.16666666666666666
2020-03-04,0.06612485647201538,49.95,49.95,45.0,45.0,45.0,428727.0,0.16666666666666666
2020-03-06,0.10545936971902847,42.0,42.0,42.0,42.0,42.0,840.0,0.3333333333333333
2020-03-09,0.3012802004814148,38.51,38.51,38.51,38.51,38.51,73900.7,0.6666666666666666
2020-03-11,0.9969788193702698,35.0,35.0,35.0,35.0,35.0,232960.0,1.0
2020-03-12,0.998693585395813,38.5,38.5,38.5,38.5,38.5,770.0,0.6666666666666666
2020-03-13,0.17781303822994232,40.0,40.0,40.0,40.0,40.0,800.0,0.4166666666666667
2020-03-16,0.409905344247818,43.5,43.5,43.5,43.5,43.5,870.0,0.16666666666666666
2020-03-17,0.2842416763305664,47.8,47.8,40.0,40.0,40.0,306340.0,0.5
2020-03-18,0.3710618019104004,36.66,36.66,36.66,36.66,36.66,56823.0,0.8333333333333334
2020-03-20,0.9987015128135681,33.5,33.5,33.5,33.5,33.5,160800.0,1.0
2020-03-23,0.9201424717903137,36.85,36.85,36.85,36.85,36.85,73.7,0.8333333333333334
2020-03-24,0.1546090543270111,40.54,40.54,40.54,40.54,40.54,40.54,0.5
2020-03-25,0.13231396675109863,44.0,44.0,44.0,44.0,44.0,44.0,0.25
2020-03-26,0.11056052148342133,44.0,44.0,44.0,44.0,44.0,214720.0,0.3333333333333333
2020-03-27,0.1788807213306427,40.0,40.0,40.0,40.0,40.0,40.0,0.6666666666666666
2020-03-31,0.6667079925537109,36.01,36.01,36.01,36.01,36.01,36010.0,1.0
2020-04-02,0.9019868969917297,33.0,39.0,33.0,39.0,33.44,128750.0,1.0
2020-04-03,0.11962034553289413,42.0,42.0,42.0,42.0,42.0,2100.0,0.6666666666666666
2020-04-07,0.08872748911380768,44.5,44.5,44.5,44.5,44.5,2225.0,0.3333333333333333
2020-04-08,0.08006807416677475,48.88,48.88,48.88,48.88,48.88,152017.0,0.16666666666666666
2020-04-09,0.2305176705121994,44.0,44.0,44.0,44.0,44.0,4400.0,0.16666666666666666
2020-04-10,0.6783501505851746,40.5,40.5,40.5,40.5,40.5,4050.0,0.5
2020-04-14,0.8481526374816895,39.6,39.6,39.6,39.6,39.6,910.8,0.6666666666666666
2020-04-16,0.9963548183441162,36.0,36.0,36.0,36.0,36.0,9000.0,1.0
2020-04-20,0.948249101638794,32.5,39.0,32.5,39.0,39.0,104650.0,1.0
2020-04-21,0.8116509914398193,42.0,42.0,42.0,42.0,42.0,4200.0,0.8333333333333334
2020-04-24,0.120854951441288,46.0,46.0,46.0,46.0,46.0,19688.0,0.5
2020-04-27,0.29968488216400146,49.5,49.5,49.5,49.5,49.5,101426.0,0.16666666666666666
2020-04-28,0.21335630118846893,44.55,44.55,44.55,44.55,44.55,3029.4,0.3333333333333333
2020-05-07,0.7596829533576965,40.1,40.1,40.1,40.1,40.1,40.1,1.0
2020-05-08,0.07271439582109451,36.09,44.11,36.09,44.11,44.11,93797.9,0.3333333333333333
2020-05-12,0.09077060967683792,48.47,48.47,48.47,48.47,48.47,53220.1,0.16666666666666666
2020-05-13,0.7731646299362183,43.62,43.62,43.62,43.62,43.62,26172.0,0.3333333333333333
2020-05-14,0.3154456317424774,43.62,43.62,43.62,43.62,43.62,26172.0,0.25
2020-05-15,0.2861955761909485,43.62,43.62,43.62,43.62,43.62,26172.0,0.16666666666666666
2020-05-18,0.7273216247558594,43.62,43.62,39.26,41.44,41.44,41440.0,0.5
2020-05-20,0.9941654205322266,38.0,38.0,38.0,38.0,38.0,38000.0,0.9166666666666666
2020-05-21,0.2044219821691513,41.8,41.8,41.8,41.8,41.8,155203.0,0.4166666666666667
2020-05-22,0.997958242893219,38.0,38.0,38.0,38.0,38.0,38.0,1.0
2020-05-25,0.9977430701255798,38.1,38.1,38.1,38.1,38.1,838200.0,1.0
2020-05-26,0.4452410340309143,35.19,41.8,35.19,41.8,35.59,58654.1,0.6666666666666666
2020-05-27,0.5139816999435425,40.0,41.8,38.0,40.05,40.05,138360.0,0.6666666666666666
2020-05-29,0.29225802421569824,41.9,41.9,41.9,41.9,41.9,41.9,0.6666666666666666
2020-06-02,0.9885126352310181,46.05,46.05,37.75,38.59,45.66,51865.2,1.0
2020-06-04,0.22502470016479492,34.75,42.3,34.75,42.3,35.14,41319.0,0.6666666666666666
2020-06-05,0.04972553625702858,46.5,46.5,39.01,43.04,44.71,59863.7,0.5
2020-06-08,0.9961987733840942,38.9,38.9,38.9,38.9,38.9,1945.0,1.0
2020-06-09,0.40702441334724426,35.01,42.0,35.01,41.99,35.72,34972.6,0.5
2020-06-10,0.12477663159370422,45.0,45.0,45.0,45.0,45.0,7920.0,0.3333333333333333
2020-06-12,0.0301867313683033,49.5,49.5,49.58,49.51,41.43,184830.0,0.16666666666666666
2020-06-15,0.4941113293170929,39.5,39.55,39.5,39.5,39.5,79039.5,0.5
2020-06-16,0.4587456285953522,35.6,43.45,35.6,39.2,39.19,406732.0,0.5
2020-06-17,0.09050985425710678,41.0,41.0,39.0,40.33,40.33,60500.0,0.16666666666666666
2020-06-18,0.18944254517555237,36.3,44.3,36.3,39.87,39.87,26354.3,0.3333333333333333
2020-06-19,0.43272194266319275,35.88,41.78,35.88,38.59,38.59,10341.5,0.6666666666666666
2020-07-03,0.2213827669620514,38.81,38.81,38.81,38.81,38.81,38.81,0.5
2020-07-06,0.9982353448867798,34.93,34.93,34.93,34.93,34.93,10269.4,1.0
2020-07-07,0.9982667565345764,38.42,38.42,38.42,38.42,38.42,38.42,0.8333333333333334
2020-07-09,0.8969066143035889,41.5,41.5,41.5,41.5,41.5,41.5,0.16666666666666666
2020-07-20,0.6242687106132507,40.81,40.81,40.81,40.81,40.81,612150.0,0.16666666666666666
2020-07-23,0.987800121307373,36.73,36.73,36.73,36.73,36.73,246091.0,1.0
2020-07-24,0.28171199560165405,40.38,40.38,40.38,40.38,40.38,323040.0,0.5833333333333334
2020-07-27,0.38745439052581787,40.38,40.38,40.38,40.38,40.38,242280.0,0.6666666666666666
2020-07-28,0.04994774982333183,40.2,40.38,40.2,40.32,40.32,403160.0,1.0
2020-07-29,0.9943497180938721,40.36,40.36,40.36,40.36,40.36,201800.0,1.0
2020-07-30,0.09492772072553635,40.5,40.8,40.5,40.73,40.73,267342.0,0.3333333333333333
2020-07-31,0.4181339144706726,40.8,40.8,40.6,40.68,40.68,203400.0,0.6666666666666666
2020-08-03,0.20368704199790955,40.8,40.8,40.8,40.8,40.8,61200.0,0.3333333333333333
2020-08-04,0.4983016848564148,40.8,40.8,40.6,40.72,40.72,203600.0,0.3333333333333333
2020-08-05,0.22404633462429047,40.5,40.6,40.5,40.52,40.52,263350.0,0.5
2020-08-06,0.2490171641111374,40.6,40.6,40.2,40.51,40.51,230880.0,0.5
2020-08-07,0.1988813579082489,36.8,42.0,36.8,42.0,42.0,840368.0,0.16666666666666666
2020-08-10,0.3013785481452942,38.0,40.08,38.0,40.62,40.62,2235660.0,0.3333333333333333
2020-08-11,0.20480039715766907,36.8,36.8,36.8,36.8,36.8,368.0,0.8333333333333334
2020-08-12,0.9995693564414978,35.0,40.48,35.0,35.69,35.69,915184.0,1.0
2020-08-13,0.2341538965702057,38.6,38.6,38.6,38.6,38.6,386.0,1.0
2020-08-14,0.036713168025016785,40.75,40.75,40.75,40.75,40.75,203750.0,0.16666666666666666
2020-08-17,0.05877631902694702,40.5,40.5,40.1,40.21,40.21,1300940.0,0.25
2020-08-18,0.6733579039573669,39.62,39.62,39.62,39.62,39.62,1188640.0,0.8333333333333334
2020-08-19,0.08346192538738251,40.0,40.1,40.0,40.04,40.04,51054.2,0.5
2020-08-20,0.27725306153297424,40.2,40.2,40.0,40.17,40.17,241000.0,0.3333333333333333
2020-08-21,0.039663515985012054,40.25,40.25,39.0,40.21,40.21,1809290.0,0.16666666666666666
2020-08-24,0.8836156129837036,39.5,39.5,39.5,39.5,39.5,1633090.0,1.0
2020-08-25,0.07978054136037827,40.0,40.0,40.0,40.0,40.0,223320.0,0.3333333333333333
2020-08-26,0.6043703556060791,39.65,40.0,39.65,39.75,39.75,1021700.0,0.5
2020-08-27,0.32718634605407715,40.0,40.0,39.6,39.74,39.74,1197960.0,0.6666666666666666
2020-08-28,0.11901525408029556,39.74,39.74,39.62,39.63,39.63,665772.0,1.0
2020-08-31,0.118442602455616,40.09,40.09,40.05,40.09,40.09,4916380.0,0.5
2020-09-01,0.7643948793411255,40.98,40.98,39.61,39.84,39.84,147444.0,0.8333333333333334
2020-09-02,0.9966844916343689,39.88,39.88,39.61,39.65,39.65,237970.0,1.0
2020-09-03,0.7179069519042969,40.0,40.0,40.0,40.0,40.0,40000.0,0.75
2020-09-04,0.07050187140703201,39.5,40.92,39.5,40.12,40.12,835281.0,0.5
2020-09-07,0.0497376024723053,40.79,40.79,40.79,40.79,40.79,81580.0,0.16666666666666666
2020-09-09,0.8059043288230896,39.7,40.98,39.66,40.66,40.66,1972100.0,0.16666666666666666
2020-09-10,0.4182954728603363,40.0,40.0,39.96,40.0,40.0,332636.0,0.75
2020-09-11,0.9993868470191956,39.95,39.95,39.95,39.95,39.95,3995.0,1.0
2020-09-14,0.9282325506210327,40.0,40.0,40.0,40.0,40.0,45000.0,1.0
2020-09-15,0.3049888014793396,40.5,40.5,40.0,40.19,40.19,318780.0,1.0
2020-09-17,0.13708293437957764,40.0,40.5,40.0,40.29,40.29,685000.0,1.0
2020-09-21,0.9439283013343811,39.69,40.88,39.69,40.35,40.35,165092.0,1.0
2020-09-22,0.19254064559936523,40.98,40.98,40.98,40.98,40.98,122940.0,0.8333333333333334
2020-09-23,0.960495114326477,40.9,41.2,40.9,41.03,41.03,750834.0,0.8333333333333334
2020-09-24,0.9242452383041382,40.5,40.98,40.5,40.8,40.8,530450.0,1.0
2020-09-25,0.488357275724411,40.0,41.45,40.0,41.26,41.26,94900.0,0.6666666666666666
2020-09-28,0.3278965651988983,41.01,41.99,41.01,41.82,41.82,241370.0,0.5
2020-09-29,0.225440114736557,41.5,41.99,41.5,41.84,41.84,155672.0,0.3333333333333333
2020-09-30,0.10321414470672607,42.0,42.0,41.99,42.0,42.0,378170.0,0.16666666666666666
2020-10-12,0.3719407021999359,41.0,41.0,41.0,41.0,41.0,82000.0,0.9166666666666666
2020-10-14,0.4874363839626312,41.01,41.01,41.01,41.01,41.01,44085.8,0.8333333333333334
2020-10-15,0.4881586730480194,41.46,41.46,41.46,41.46,41.46,500256.0,0.6666666666666666
2020-10-16,0.6485989093780518,41.46,42.5,40.09,41.0,41.0,5107140.0,0.8333333333333334
2020-10-19,0.5676048398017883,41.5,42.0,40.02,41.23,41.23,952494.0,0.6666666666666666
2020-10-20,0.7678932547569275,42.4,42.4,40.5,41.52,41.52,1412140.0,0.5
2020-10-21,0.2418312281370163,42.0,42.48,42.0,42.44,42.44,209714.0,0.16666666666666666
2020-10-22,0.08247190713882446,42.1,42.1,42.1,42.1,42.1,55487.8,0.16666666666666666
2020-10-23,0.138837531208992,40.01,41.99,40.0,40.28,40.28,2587270.0,0.5
2020-10-26,0.8616604804992676,40.0,40.5,40.0,40.15,40.15,5822690.0,0.8333333333333334
2020-10-27,0.44552451372146606,41.0,41.0,40.2,40.62,40.62,3196260.0,0.6666666666666666
2020-10-28,0.9999793767929077,40.2,40.5,40.2,40.24,40.24,4564720.0,0.6666666666666666
2020-10-29,0.4386804401874542,40.6,40.6,40.0,40.13,40.13,17000500.0,0.6666666666666666
2020-11-02,0.007810037583112717,42.3,42.5,41.0,41.49,41.49,622400.0,0.16666666666666666
2020-11-04,0.950893759727478,39.0,41.4,39.0,41.35,41.35,417650.0,0.3333333333333333
2020-11-05,0.25099292397499084,37.23,40.99,37.23,40.65,40.65,4471.3,0.3333333333333333
2020-11-06,0.6503190994262695,36.59,36.59,36.59,36.59,36.59,365.9,0.6666666666666666
2020-11-09,0.14846734702587128,34.0,40.2,34.0,40.05,40.05,8210.0,0.3333333333333333
2020-11-10,0.20731665194034576,41.46,41.46,41.41,41.44,41.44,414350.0,0.16666666666666666
2020-11-11,0.999998152256012,37.3,37.3,37.3,37.3,37.3,186.5,0.16666666666666666
2020-11-12,0.40310466289520264,33.6,33.6,33.6,33.6,33.6,336.0,0.3333333333333333
2020-11-13,0.6616173386573792,30.3,30.3,30.3,30.3,30.3,606.0,0.6666666666666666
2020-11-16,0.9789353013038635,28.6,28.6,28.6,28.6,28.6,3003.0,1.0
2020-11-18,0.9849011301994324,29.5,29.5,29.5,29.5,29.5,314264.0,1.0
2020-11-19,0.9905552268028259,32.45,32.45,32.45,32.45,32.45,162.25,1.0
2020-11-20,0.9957289695739746,35.7,35.7,35.7,35.7,35.7,178.5,1.0
2020-11-23,0.5608077049255371,39.27,39.27,39.27,39.27,39.27,196.35,1.0
2020-11-24,0.9615612030029297,39.73,39.73,39.73,39.73,39.73,153993.0,1.0
2020-11-25,0.25364047288894653,41.5,41.5,41.5,41.5,41.5,207500.0,0.25
2020-11-26,0.8669844269752502,41.49,41.49,41.45,41.47,41.47,414700.0,0.8333333333333334
2020-11-30,0.9998993873596191,41.45,41.45,41.45,41.45,41.45,207250.0,1.0
2020-12-02,0.31108447909355164,41.5,41.5,41.5,41.5,41.5,207500.0,0.25
2020-12-04,0.5580838918685913,41.49,41.49,41.49,41.49,41.49,207450.0,0.5
2020-12-07,0.4044460356235504,41.49,41.49,41.49,41.49,41.49,207450.0,0.4166666666666667
2020-12-08,0.47472286224365234,41.49,41.49,41.49,41.49,41.49,207450.0,0.5
2020-12-09,0.38247397541999817,41.5,41.5,41.5,41.5,41.5,166000.0,0.3333333333333333
2020-12-21,0.7624511122703552,39.73,41.5,39.73,39.8,39.8,1082230.0,0.6666666666666666
2020-12-23,0.9878140687942505,35.82,35.82,35.82,35.82,35.82,165882.0,1.0
2020-12-28,0.8625815510749817,39.0,39.0,39.0,39.0,39.0,9555.0,1.0
2021-01-08,0.27385708689689636,41.5,41.5,41.5,41.5,41.5,332000.0,0.5
2021-01-12,0.292906790971756,41.5,41.5,41.5,41.5,41.5,352750.0,0.4166666666666667
2021-01-13,0.21754100918769836,41.5,41.5,41.5,41.5,41.5,62250.0,0.4166666666666667
2021-01-14,0.18513800203800201,41.5,41.5,41.5,41.5,41.5,249000.0,0.4166666666666667
2021-01-15,0.08976786583662033,41.5,41.5,41.5,41.5,41.5,373500.0,0.3333333333333333
2021-01-18,0.4261963665485382,41.5,41.45,41.45,41.45,41.45,165800.0,0.6666666666666666
2021-01-19,0.21807827055454254,41.45,41.45,41.45,41.45,41.45,248700.0,0.5833333333333334
2021-01-21,0.04310360923409462,41.5,41.5,41.5,41.5,41.5,332000.0,0.25
2021-01-22,0.20441101491451263,41.5,41.5,41.5,41.5,41.5,332000.0,0.25
2021-01-26,0.4776211380958557,41.45,41.45,41.45,41.45,41.45,331600.0,0.3333333333333333
2021-01-28,0.21332597732543945,41.4,41.4,41.4,41.4,41.4,331200.0,0.6666666666666666
2021-01-29,0.6162505745887756,39.73,39.73,39.73,39.73,39.73,2357380.0,1.0
2021-02-03,0.9058727622032166,40.5,40.5,40.5,40.5,40.5,183506.0,1.0
2021-02-04,0.11599992215633392,41.5,41.5,41.5,41.5,41.5,41500.0,0.5
2021-02-05,0.08819492906332016,41.41,41.41,41.41,41.41,41.41,114706.0,0.8333333333333334
2021-02-08,0.062301166355609894,41.41,41.5,41.5,41.5,41.5,83000.0,0.4166666666666667
2021-02-18,0.18864721059799194,41.5,41.5,41.5,41.5,41.5,83000.0,0.5
2021-02-22,0.06860990077257156,42.0,42.0,42.0,42.0,42.0,84000.0,0.25
2021-02-24,0.14883452653884888,41.45,41.45,41.45,41.45,41.45,82900.0,0.5833333333333334
2021-02-25,0.9520914554595947,41.35,41.35,41.35,41.35,41.35,82700.0,0.9166666666666666
2021-02-26,0.27441951632499695,41.35,41.35,41.35,41.35,41.35,82700.0,0.8333333333333334
2021-03-04,0.06327670067548752,42.0,42.0,42.0,42.0,42.0,84000.0,0.3333333333333333
2021-03-08,0.5818817019462585,41.45,41.45,41.45,41.45,41.45,82900.0,0.8333333333333334
2021-03-22,0.2337144911289215,41.5,41.5,41.5,41.5,41.5,145250.0,0.5833333333333334
2021-03-23,0.1885949969291687,41.5,41.5,41.5,41.5,41.5,41500.0,0.5
2021-11-26,0.9843959212303162,42.68,42.68,40.0,40.07,40.07,3699828.52,1.0
2021-11-29,0.11753024160861969,43.0,43.0,43.0,43.0,43.0,430.0,0.3333333333333333
2021-11-30,0.3355509042739868,43.0,43.0,43.0,43.0,43.0,430.0,0.4166666666666667
2021-12-01,0.8334496021270752,40.5,40.5,40.5,40.5,40.5,993546.0,0.8333333333333334
2021-12-02,0.6181797385215759,40.5,43.0,40.5,40.5,40.5,810430.0,0.9166666666666666
2021-12-03,0.4616129994392395,43.0,43.0,43.0,43.0,43.0,430.0,0.6666666666666666
2021-12-06,0.665740966796875,40.5,43.0,40.5,40.5,40.5,1215860.0,1.0
2021-12-07,0.10573862493038177,43.5,43.5,43.5,43.5,43.5,435.0,0.4166666666666667
2021-12-08,0.32247355580329895,43.5,43.5,43.5,43.5,43.5,435.0,0.3333333333333333
2021-12-09,0.18705672025680542,43.88,43.88,43.6,43.66,43.66,436.56,0.16666666666666666
2021-12-10,0.8747571706771851,41.5,41.5,41.0,41.17,41.17,63190.0,1.0
2021-12-13,0.24386046826839447,43.0,43.0,41.5,42.25,42.25,253500.0,0.5
2021-12-14,0.3618565499782562,42.8,42.8,42.3,42.35,42.35,23546.8,0.5
2021-12-16,0.41391393542289734,42.3,42.5,41.5,42.2,42.2,169940.5,0.6666666666666666
2021-12-17,0.7530274987220764,42.45,42.45,42.45,42.45,42.45,424.5,0.6666666666666666
2021-12-20,0.7224239110946655,42.0,42.0,42.0,42.0,42.0,462.0,0.8333333333333334
2021-12-22,0.47990137338638306,40.5,42.5,40.5,40.5,40.5,2025425.0,0.8333333333333334
2021-12-23,0.5251628160476685,42.77,42.77,42.77,42.77,42.77,427.7,0.6666666666666666
2021-12-27,0.9188268780708313,42.5,42.5,42.5,42.5,42.5,425.0,0.8333333333333334
2021-12-28,0.10357005894184113,43.0,43.0,43.0,43.0,43.0,430.0,0.3333333333333333
2021-12-30,0.020855048671364784,43.2,43.2,43.2,43.2,43.2,5875.2,0.16666666666666666
2021-12-31,0.9677265882492065,39.0,39.0,39.0,39.0,39.0,390.0,1.0
2022-01-04,0.2898695170879364,42.9,42.9,42.9,42.9,42.9,429.0,0.6666666666666666
2022-01-05,0.13611125946044922,42.9,42.9,42.9,42.9,42.9,429.0,0.5833333333333334
2022-01-06,0.9890883564949036,42.9,42.9,42.9,42.9,42.9,429.0,0.5
2022-01-07,0.20718565583229065,43.0,43.0,43.0,43.0,43.0,430.0,0.3333333333333333
2022-01-10,0.04388665780425072,43.37,43.37,43.37,43.37,43.37,433.7,0.16666666666666666
2022-01-11,0.8481869101524353,43.28,43.28,42.0,42.06,42.06,8832.8,0.8333333333333334
2022-01-12,0.24211373925209045,42.5,42.5,42.5,42.5,42.5,425.0,0.4166666666666667
2022-01-13,0.22989419102668762,42.5,42.5,42.5,42.5,42.5,425.0,0.4166666666666667
2022-01-14,0.15368019044399261,42.5,42.5,42.5,42.5,42.5,425.0,0.3333333333333333
2022-01-17,0.4524421989917755,42.5,42.5,42.0,42.3,42.3,104305.0,0.6666666666666666
2022-01-18,0.385248601436615,42.3,42.3,42.0,42.03,42.03,462.3,0.8333333333333334
2022-01-19,0.9175930023193359,42.5,42.5,42.5,42.5,42.5,255.0,0.5
2022-01-24,0.6807659864425659,42.5,42.5,42.5,42.5,42.5,850.0,0.5833333333333334
2022-01-25,0.8992214202880859,42.5,42.5,41.5,41.76,41.76,85605.0,1.0
2022-01-26,0.13504855334758759,2.5,42.5,42.5,42.5,42.5,425.0,0.8333333333333334
2022-01-27,0.09557200968265533,42.5,42.5,42.5,42.5,42.5,42925.0,0.9166666666666666
2022-01-28,0.04421200603246689,42.5,42.5,42.5,42.5,42.5,425.0,1.0
2022-02-09,0.9635466933250427,44.0,44.0,44.0,44.0,44.0,440.0,0.8333333333333334
2022-02-10,0.9918661713600159,44.0,44.0,44.0,44.0,44.0,440.0,0.75
2022-02-14,0.7108961939811707,44.0,44.0,44.0,44.0,44.0,440.0,0.8333333333333334
2022-02-15,0.07303077727556229,44.0,44.5,44.0,44.33,44.33,133000.0,0.3333333333333333
2022-02-16,0.19442565739154816,44.33,44.33,44.2,44.21,44.21,530.53,0.5
2022-02-17,0.4061635434627533,44.18,44.18,44.18,44.18,44.18,441.8,0.6666666666666666
2022-02-18,0.9417881965637207,43.98,43.98,43.98,43.98,43.98,439.8,1.0
2022-02-22,0.9913328886032104,45.0,45.0,45.0,45.0,45.0,22950.0,0.75
2022-02-23,0.999559760093689,44.0,44.0,44.0,44.0,44.0,41316.0,1.0
2022-02-24,0.9913715124130249,45.0,45.0,45.0,45.0,45.0,450.0,1.0
2022-02-28,0.9747743010520935,46.0,46.0,46.0,46.0,46.0,460.0,0.9166666666666666
2022-03-01,0.993181586265564,46.0,46.0,46.0,46.0,46.0,46000.0,1.0
2022-03-02,0.9578802585601807,48.0,48.0,48.0,48.0,48.0,480.0,1.0
2022-03-03,0.9939380288124084,48.0,50.0,48.0,49.68,49.68,17834.0,1.0
2022-03-07,0.9963588714599609,45.4,53.0,45.4,50.32,50.32,855.4,1.0
2022-03-08,0.40719130635261536,55.0,55.0,50.0,53.67,53.67,805.0,1.0
2022-03-09,0.07623063772916794,55.0,55.0,53.0,54.12,54.12,920605.0,1.0
2022-03-10,0.8955596089363098,56.0,56.0,54.0,55.06,55.06,58472.0,1.0
2022-03-11,0.9149796962738037,56.0,57.0,56.0,56.37,56.37,133476.0,0.8333333333333334
2022-03-14,0.4735824167728424,58.0,58.0,56.37,56.7,56.7,51370.85,0.8333333333333334
2022-03-15,0.6935659050941467,58.0,58.0,55.5,56.07,56.07,1514.0,1.0
2022-03-16,0.879064679145813,58.0,58.0,57.95,57.98,57.98,724750.0,1.0
2022-03-17,0.10677038133144379,60.0,60.0,60.0,60.0,60.0,210840.0,0.3333333333333333
2022-03-18,0.11747004091739655,60.0,60.0,60.0,60.0,60.0,210840.0,0.25
2022-03-21,0.3913898766040802,57.0,60.0,56.0,58.25,58.25,1165.0,0.5
2022-03-22,0.07081130892038345,60.0,60.0,60.0,60.0,60.0,600.0,0.16666666666666666
