Date,pred
2014-04-09,0.6200271
2014-04-10,0.49929538
2014-04-11,0.3782928
2014-04-14,0.20023721
2014-04-15,0.6507769
2014-04-16,0.63468176
2014-04-17,0.65447176
2014-04-18,0.5750782
2014-04-21,0.6050811
2014-04-22,0.59676284
2014-04-23,0.5641268
2014-04-24,0.5426316
2014-04-25,0.56050956
2014-04-28,0.5592115
2014-04-29,0.4741716
2014-04-30,0.50636107
2014-05-05,0.4855789
2014-05-06,0.4137328
2014-05-07,0.48085064
2014-05-08,0.5440967
2014-05-09,0.5191675
2014-05-12,0.2956039
2014-05-13,0.38499853
2014-05-14,0.4710247
2014-05-15,0.50350386
2014-05-16,0.64537215
2014-05-19,0.6433526
2014-05-20,0.39118195
2014-05-21,0.45088407
2014-05-22,0.4956206
2014-05-23,0.44522727
2014-05-25,0.47469673
2014-05-26,0.39334345
2014-05-27,0.43378067
2014-05-28,0.44929346
2014-05-29,0.5526316
2014-05-30,0.53593093
2014-06-03,0.44584206
2014-06-04,0.6042455
2014-06-05,0.5477577
2014-06-06,0.47462368
2014-06-09,0.3463611
2014-06-10,0.404549
2014-06-11,0.51852304
2014-06-12,0.49845433
2014-06-13,0.5453594
2014-06-16,0.43480173
2014-06-17,0.28232163
2014-06-18,0.35332575
2014-06-19,0.5186511
2014-06-20,0.34193456
2014-06-23,0.32001674
2014-06-24,0.40309757
2014-06-25,0.6531006
2014-06-26,0.37342176
2014-06-27,0.3185021
2014-06-30,0.42932543
2014-07-01,0.14198683
2014-07-02,0.56694674
2014-07-03,0.6244994
2014-07-04,0.33703122
2014-07-07,0.15820071
2014-07-08,0.3933599
2014-07-09,0.41145235
2014-07-10,0.49510905
2014-07-11,0.57930917
2014-07-14,0.61405414
2014-07-15,0.50583863
2014-07-16,0.5779525
2014-07-17,0.5661211
2014-07-18,0.5243498
2014-07-21,0.21878734
2014-07-22,0.38580042
2014-07-23,0.38291144
2014-07-24,0.35846886
2014-07-25,0.21593371
2014-07-28,0.4186978
2014-07-29,0.44288173
2014-07-30,0.5198297
2014-07-31,0.4570426
2014-08-01,0.5335304
2014-08-04,0.4535338
2014-08-05,0.43314233
2014-08-06,0.44541627
2014-08-07,0.27985308
2014-08-08,0.2308506
2014-08-11,0.0067297295
2014-08-12,0.05061464
2014-08-13,0.1869773
2014-08-14,0.65392524
2014-08-15,0.14910206
2014-08-18,0.14757034
2014-08-19,0.093687974
2014-08-20,0.37784413
2014-08-21,0.3215763
2014-08-22,0.16905098
2014-08-25,0.13249737
2014-08-26,0.23932093
2014-08-27,0.23718947
2014-08-28,0.26803607
2014-08-29,0.23174956
2014-09-01,0.15725033
2014-09-02,0.5153353
2014-09-03,0.24159503
2014-09-04,0.15489882
2014-09-05,0.23075947
2014-09-09,0.19174993
2014-09-10,0.3657472
2014-09-11,0.2526543
2014-09-12,0.30683458
2014-09-15,0.15059671
2014-09-16,0.22369751
2014-09-17,0.32384008
2014-09-18,0.3102594
2014-09-19,0.30183262
2014-09-22,0.1968447
2014-09-23,0.30415943
2014-09-24,0.33450967
2014-09-25,0.48382562
2014-09-26,0.38843736
2014-09-29,0.34491122
2014-09-30,0.4157108
2014-10-08,0.4477933
2014-10-09,0.7607729
2014-10-10,0.6208541
2014-10-13,0.46436608
2014-10-14,0.6120261
2014-10-15,0.6251861
2014-10-16,0.56563413
2014-10-17,0.65565515
2014-10-20,0.44254813
2014-10-21,0.64154696
2014-10-22,0.25663394
2014-10-23,0.68609905
2014-10-24,0.6098603
2014-10-27,0.38915503
2014-10-28,0.44902462
2014-10-29,0.5988564
2014-10-30,0.5580344
2014-10-31,0.60649586
2014-11-04,0.60147315
2014-11-05,0.6662222
2014-11-06,0.66582006
2014-11-07,0.65302426
2014-11-10,0.41512936
2014-11-12,0.5712744
2014-11-13,0.62478817
2014-11-14,0.5828145
2014-11-17,0.40820697
2014-11-18,0.50556386
2014-11-19,0.5995015
2014-11-20,0.45690846
2014-11-21,0.39905125
2014-11-24,0.31923345
2014-11-25,0.35232672
2014-11-26,0.51589125
2014-11-27,0.25741053
2014-11-28,0.5915057
2014-12-01,0.6987647
2014-12-02,0.44370216
2014-12-03,0.7044329
2014-12-04,0.5942475
2014-12-05,0.42495698
2014-12-08,0.45010963
2014-12-09,0.6097649
2014-12-10,0.6052335
2014-12-11,0.62108135
2014-12-12,0.5644562
2014-12-15,0.57603824
2014-12-16,0.5635601
2014-12-17,0.5346111
2014-12-18,0.50581384
2014-12-19,0.49802327
2014-12-22,0.62666565
2014-12-23,0.68820846
2014-12-24,0.45713863
2014-12-25,0.60261726
2014-12-26,0.4981431
2014-12-29,0.5802304
2014-12-30,0.45887393
2014-12-31,0.5671087
2015-01-05,0.13174492
2015-01-06,0.3268003
2015-01-07,0.15551597
2015-01-08,0.25560546
2015-01-09,0.24672925
2015-01-12,0.3204686
2015-01-13,0.2967814
2015-01-14,0.19544296
2015-01-15,0.15470093
2015-01-16,0.2467682
2015-01-19,0.40654823
2015-01-20,0.3445349
2015-01-21,0.26177746
2015-01-22,0.056819063
2015-01-23,0.29451895
2015-01-26,0.32879835
2015-01-27,0.2279532
2015-01-28,0.25467736
2015-01-29,0.12499969
2015-01-30,0.44685423
2015-02-02,0.13040759
2015-02-03,0.32678685
2015-02-04,0.14960863
2015-02-05,0.21081191
2015-02-06,0.22291985
2015-02-09,0.25920993
2015-02-10,0.25982946
2015-02-11,0.3725954
2015-02-12,0.24814871
2015-02-13,0.2927093
2015-02-16,0.38062355
2015-02-17,0.049547594
2015-03-02,0.1472498
2015-03-03,0.38135713
2015-03-04,0.088708244
2015-03-05,0.5030024
2015-03-06,0.53564733
2015-03-09,0.5640081
2015-03-10,0.49103227
2015-03-11,0.48517746
2015-03-12,0.44807044
2015-03-13,0.48197088
2015-03-16,0.57383555
2015-03-17,0.567971
2015-03-18,0.44142872
2015-03-19,0.59073895
2015-03-20,0.42095196
2015-03-23,0.6028162
2015-03-24,0.5575091
2015-03-25,0.50740755
2015-03-26,0.38774678
2015-03-27,0.33166924
2015-03-30,0.2822438
2015-03-31,0.61576736
2015-04-01,0.5883357
2015-04-02,0.40299863
2015-04-03,0.4902838
2015-04-07,0.396178
2015-04-08,0.57705134
2015-04-09,0.59715575
2015-04-10,0.5978864
2015-04-13,0.3730215
2015-04-14,0.43173152
2015-04-15,0.5258574
2015-04-16,0.4438368
2015-04-17,0.48712978
2015-04-20,0.42907712
2015-04-21,0.48949382
2015-04-22,0.3632903
2015-04-23,0.4166392
2015-04-24,0.28070775
2015-04-27,0.44999158
2015-04-28,0.19567569
2015-04-29,0.4374459
2015-04-30,0.3502336
2015-05-04,0.3172551
2015-05-05,0.5826537
2015-05-06,0.5691118
2015-05-07,0.6324155
2015-05-08,0.5563661
2015-05-11,0.50331455
2015-05-12,0.60573494
2015-05-13,0.6227817
2015-05-14,0.5248884
2015-05-15,0.57989806
2015-05-18,0.45374176
2015-05-19,0.44819176
2015-05-20,0.2765836
2015-05-21,0.2927634
2015-05-22,0.39854044
2015-05-25,0.4130582
2015-05-26,0.46778795
2015-05-27,0.56513983
2015-05-28,0.39016098
2015-05-29,0.46559247
2015-06-01,0.44342703
2015-06-02,0.45655957
2015-06-03,0.4906568
2015-06-04,0.7784304
2015-06-05,0.6228893
2015-06-08,0.5176515
2015-06-09,0.51903504
2015-06-11,0.4582537
2015-06-12,0.47612002
2015-06-15,0.35964286
2015-06-16,0.43402988
2015-06-17,0.41702735
2015-06-18,0.46353263
2015-06-19,0.50658935
2015-06-23,0.40812132
2015-06-24,0.41140598
2015-06-25,0.37077695
2015-06-26,0.41973066
2015-06-29,0.3002058
2015-06-30,0.5470393
2015-07-02,0.51457983
2015-07-03,0.04420261
2015-07-06,0.20641953
2015-07-07,0.2684613
2015-07-08,0.223476
2015-07-09,0.2664261
2015-07-10,0.32497162
2015-07-13,0.83271056
2015-07-14,0.6211447
2015-07-15,0.8432132
2015-07-16,1.0
2015-07-17,0.662449
2015-07-20,0.663198
2015-07-21,0.656934
2015-07-22,0.6815781
2015-07-23,0.6541417
2015-07-24,0.67853713
2015-07-27,0.10580182
2015-07-28,0.30235243
2015-07-29,0.59586835
2015-07-30,0.58017343
2015-07-31,0.50175506
2015-08-03,0.22482833
2015-08-04,0.485617
2015-08-05,0.14219832
2015-08-06,0.16761717
2015-08-07,0.22985157
2015-08-10,0.6017555
2015-08-12,0.3559613
2015-08-13,0.4029259
2015-08-14,0.4066761
2015-08-17,0.55732375
2015-08-18,0.3102367
2015-08-19,0.6436589
2015-08-20,0.3365106
2015-08-21,0.49390084
2015-08-24,0.40914273
2015-08-25,0.4767695
2015-08-26,0.5277237
2015-08-27,0.5763181
2015-08-28,0.266624
2015-08-31,0.38160884
2015-09-01,0.66198754
2015-09-02,0.48687652
2015-09-07,0.44393623
2015-09-08,0.5481047
2015-09-09,0.5833902
2015-09-10,0.45913026
2015-09-11,0.44100887
2015-09-14,0.53077537
2015-09-15,0.4926696
2015-09-16,0.5232471
2015-09-17,0.4146074
2015-09-18,0.45734164
2015-09-21,0.32465246
2015-09-22,0.55138004
2015-09-23,0.51004016
2015-09-24,0.63441503
2015-09-25,0.86096317
2015-09-28,0.50641114
2015-09-29,0.5410145
2015-09-30,0.675888
2015-10-08,0.542057
2015-10-09,0.54662514
2015-10-12,0.5140607
2015-10-13,0.5522066
2015-10-14,0.5612355
2015-10-15,0.48299274
2015-10-16,0.4852894
2015-10-19,0.5613528
2015-10-20,0.68744195
2015-10-21,0.34220034
2015-10-22,0.5859456
2015-10-23,0.40449825
2015-10-26,0.5143119
2015-10-27,0.5347166
2015-10-28,0.49183202
2015-10-29,0.46747586
2015-10-30,0.3647994
2015-11-02,0.50703824
2015-11-03,0.69405234
2015-11-04,0.47712642
2015-11-05,0.5972983
2015-11-06,0.4493077
2015-11-09,0.47799635
2015-11-10,0.37680042
2015-11-11,0.28079075
2015-11-12,0.34032038
2015-11-13,0.46998253
2015-11-16,0.37267476
2015-11-17,0.37992543
2015-11-18,0.45543724
2015-11-19,0.6850153
2015-11-20,0.31398976
2015-11-23,0.4071213
2015-11-24,0.55796695
2015-11-25,0.71584517
2015-11-26,0.6383982
2015-11-27,0.47762972
2015-11-30,0.5427274
2015-12-01,0.5143262
2015-12-02,0.52304095
2015-12-03,0.5450356
2015-12-04,0.23110849
2015-12-07,0.444605
2015-12-08,0.527764
2015-12-09,0.5332605
2015-12-10,0.54901534
2015-12-14,0.46964353
2015-12-15,0.44327775
2015-12-16,0.4605782
2015-12-17,0.3448133
2015-12-18,0.2866836
2015-12-21,0.2973724
2015-12-22,0.33151627
2015-12-23,0.47930312
2015-12-24,0.46373284
2015-12-25,0.35122105
2015-12-28,0.4594675
2015-12-29,0.36138096
2015-12-30,0.6352173
2015-12-31,0.6631339
2016-01-04,0.34763455
2016-01-05,0.038025707
2016-01-06,0.49735412
2016-01-07,0.4301502
2016-01-08,0.22668329
2016-01-11,0.5572088
2016-01-12,0.39440617
2016-01-13,0.24950737
2016-01-14,0.37403622
2016-01-15,0.48936355
2016-01-18,0.5411833
2016-01-19,0.5317685
2016-01-20,0.502986
2016-01-21,0.44794694
2016-01-22,0.5161446
2016-01-25,0.38631842
2016-01-26,0.2576842
2016-01-27,0.2517276
2016-01-28,0.24399391
2016-01-29,0.19592479
2016-02-01,0.4064131
2016-02-02,0.5401993
2016-02-03,0.2958183
2016-02-04,0.29390174
2016-02-05,0.5252748
2016-02-15,0.35702533
2016-02-16,0.48370582
2016-02-17,0.37744898
2016-02-18,0.46620587
2016-02-19,0.5815193
2016-02-22,0.6742773
2016-02-23,0.6398591
2016-02-24,0.49358532
2016-02-25,0.52791
2016-02-26,0.592668
2016-02-29,0.70403653
2016-03-01,0.62373716
2016-03-02,0.45132607
2016-03-03,0.40431052
2016-03-04,0.31002408
2016-03-07,0.42609268
2016-03-08,0.42631122
2016-03-09,0.5426124
2016-03-10,0.5454234
2016-03-11,0.5897938
2016-03-14,0.5167118
2016-03-15,0.45874056
2016-03-16,0.095772125
2016-03-17,0.5635747
2016-03-18,0.51811725
2016-03-21,0.5609749
2016-03-22,0.5515887
2016-03-23,0.60523844
2016-03-24,0.46847612
2016-03-25,0.52231014
2016-03-28,0.49361062
2016-03-29,0.39017564
2016-03-30,0.49901804
2016-03-31,0.26161948
2016-04-01,0.62241584
2016-04-05,0.4139312
2016-04-06,0.5073709
2016-04-07,0.4936004
2016-04-08,0.5550103
2016-04-11,0.36654398
2016-04-12,0.43426797
2016-04-13,0.38473618
2016-04-14,0.39995733
2016-04-15,0.39330587
2016-04-18,0.40954942
2016-04-19,0.50504506
2016-04-20,0.45620424
2016-04-21,0.60500264
2016-04-22,0.5744676
2016-04-25,0.39145416
2016-04-26,0.3021015
2016-04-27,0.34640503
2016-04-28,0.5258645
2016-04-29,0.58567977
2016-05-03,0.30671158
2016-05-04,0.1494549
2016-05-05,0.13022234
2016-05-06,0.4515458
2016-05-09,0.6318227
2016-05-10,0.5044972
2016-05-11,0.49753445
2016-05-12,0.4798695
2016-05-13,0.6492275
2016-05-16,0.5733666
2016-05-17,0.4191626
2016-05-18,0.4292161
2016-05-19,0.55132395
2016-05-20,0.4976988
2016-05-23,0.4843303
2016-05-24,0.059490137
2016-05-25,0.12936267
2016-05-26,0.5052834
2016-05-27,0.44388446
2016-05-30,0.10846613
2016-05-31,0.12706104
2016-06-01,0.1801827
2016-06-02,0.30823925
2016-06-03,0.37389758
2016-06-06,0.4225509
2016-06-07,0.20664166
2016-06-08,0.25258118
2016-06-13,0.1470325
2016-06-14,0.09839224
2016-06-15,0.3257525
2016-06-16,0.35667613
2016-06-17,0.31059903
2016-06-20,0.20091623
2016-06-21,0.280321
2016-06-22,0.18630622
2016-06-23,0.3712558
2016-06-24,0.32351154
2016-06-27,0.15548655
2016-06-28,0.19070584
2016-06-29,0.29030368
2016-06-30,0.32541883
2016-07-01,0.24389529
2016-07-04,0.48361212
2016-07-05,0.10385879
2016-07-06,0.2655334
2016-07-07,0.32920203
2016-07-08,0.3358311
2016-07-11,0.39868993
2016-07-12,0.5495211
2016-07-13,0.4507365
2016-07-14,0.37382814
2016-07-15,0.3645652
2016-07-18,0.19571953
2016-07-19,0.09080059
2016-07-20,0.0
2016-07-21,0.13589212
2016-07-22,0.12518892
2016-07-25,0.28031826
2016-07-26,0.05251561
2016-07-27,0.44004494
2016-07-28,0.47757128
2016-07-29,0.41190302
2016-08-01,0.20643046
2016-08-02,0.16780084
2016-08-03,0.19150877
2016-08-04,0.16720511
2016-08-05,0.1939934
2016-08-08,0.26542887
2016-08-09,0.11047398
2016-08-10,0.11211984
2016-08-11,0.17088413
2016-08-12,0.2352052
2016-08-15,0.077247664
2016-08-16,0.3723274
2016-08-17,0.13951136
2016-08-18,0.14039677
2016-08-19,0.2509373
2016-08-22,0.13307509
2016-08-23,0.2835965
2016-08-24,0.14224972
2016-08-25,0.15649463
2016-08-26,0.33151868
2016-08-29,0.04504811
2016-08-30,0.19463289
2016-08-31,0.2836763
2016-09-01,0.17196283
2016-09-02,0.33388323
2016-09-05,0.2719188
2016-09-06,0.060352493
2016-09-07,0.16813025
2016-09-08,0.14375047
2016-09-09,0.20679402
2016-09-12,0.1618307
2016-09-13,0.10260315
2016-09-14,0.1949315
2016-09-19,0.20454411
2016-09-20,0.18990251
2016-09-21,0.14394191
2016-09-22,0.15754507
2016-09-23,0.22175497
2016-09-26,0.19929817
2016-09-27,0.26669046
2016-09-28,0.21331078
2016-09-29,0.16224924
2016-09-30,0.22934952
2016-10-10,0.26104632
2016-10-11,0.18837461
2016-10-12,0.27129802
2016-10-13,0.29201096
2016-10-14,0.25088042
2016-10-17,0.18757932
2016-10-18,0.21324898
2016-10-19,0.20018852
2016-10-20,0.16400778
2016-10-21,0.1640768
2016-10-24,0.085489176
2016-10-25,0.106541626
2016-10-26,0.20599788
2016-10-27,0.25636724
2016-10-28,0.28096566
2016-10-31,0.2182354
2016-11-01,0.23646227
2016-11-02,0.24194491
2016-11-03,0.22030741
2016-11-04,0.18593144
2016-11-07,0.13582017
2016-11-08,0.1522282
2016-11-09,0.24956018
2016-11-10,0.18012208
2016-11-11,0.17690341
2016-11-14,0.2091308
2016-11-15,0.26084605
2016-11-16,0.23609895
2016-11-17,0.22811869
2016-11-18,0.22920498
2016-11-21,0.26399037
2016-11-22,0.21794891
2016-11-23,0.23950985
2016-11-24,0.18685803
2016-11-25,0.17713286
2016-11-28,0.2515829
2016-11-29,0.24631506
2016-11-30,0.23776385
2016-12-01,0.22771919
2016-12-02,0.22759005
2016-12-05,0.34611773
2016-12-06,0.362899
2016-12-07,0.32810324
2016-12-08,0.30547714
2016-12-09,0.20855804
2016-12-12,0.46294934
2016-12-13,0.35583064
2016-12-14,0.3184777
2016-12-26,0.2752812
2016-12-27,0.40005612
2016-12-28,0.36319673
2016-12-29,0.31946367
2016-12-30,0.3399885
2017-01-03,0.4779123
2017-01-04,0.5483934
2017-01-05,0.3371068
2017-01-06,0.45063734
2017-01-09,0.35107952
2017-01-10,0.482747
2017-01-11,0.5127119
2017-01-12,0.5380159
2017-01-13,0.5418493
2017-01-16,0.39419004
2017-01-17,0.48499545
2017-01-18,0.4164557
2017-01-19,0.34832627
2017-01-20,0.59324116
2017-01-23,0.4010417
2017-01-24,0.28492263
2017-01-25,0.5298905
2017-01-26,0.4475819
2017-02-03,0.44366658
2017-02-06,0.46436223
2017-02-07,0.4498683
2017-02-08,0.44441852
2017-02-09,0.48413542
2017-02-10,0.5463363
2017-02-13,0.2999038
2017-02-14,0.354074
2017-02-15,0.43545625
2017-02-16,0.43823296
2017-02-17,0.5323259
2017-02-20,0.4407033
2017-02-21,0.47147316
2017-02-22,0.7384878
2017-02-23,0.3286643
2017-02-24,0.4822704
2017-02-27,0.38715553
2017-02-28,0.36848912
2017-03-01,0.46421042
2017-03-02,0.48210123
2017-03-03,0.5384156
2017-03-06,0.2865057
2017-03-07,0.4911591
2017-03-08,0.47504094
2017-03-09,0.56636506
2017-03-10,0.4736671
2017-03-13,0.3173321
2017-03-14,0.32717478
2017-03-15,0.48216936
2017-03-16,0.60970783
2017-03-17,0.5458148
2017-03-20,0.34050936
2017-03-21,0.35133934
2017-03-22,0.44708502
2017-03-23,0.46596768
2017-03-24,0.47085023
2017-03-27,0.3082697
2017-03-28,0.3579118
2017-03-29,0.40500984
2017-03-30,0.61172104
2017-03-31,0.5704617
2017-04-05,0.45726234
2017-04-06,0.47406057
2017-04-07,0.5274222
2017-04-10,0.24579614
2017-04-11,0.306292
2017-04-12,0.26540515
2017-04-13,0.17004281
2017-04-14,0.43810326
2017-04-17,0.33288425
2017-04-18,0.31251597
2017-04-19,0.3507651
2017-04-20,0.38571003
2017-04-21,0.37300935
2017-04-24,0.43122748
2017-04-25,0.5422295
2017-04-26,0.4039866
2017-04-27,0.5377794
2017-04-28,0.48442596
2017-05-02,0.23546919
2017-05-03,0.2614754
2017-05-04,0.18893078
2017-05-05,0.27558374
2017-05-08,0.40116265
2017-05-09,0.46925282
2017-05-10,0.4076657
2017-05-11,0.35562253
2017-05-12,0.2567498
2017-05-15,0.37426043
2017-05-16,0.43471482
2017-05-17,0.20153537
2017-05-18,0.25463912
2017-05-19,0.5121391
2017-05-22,0.586126
2017-05-23,0.44303197
2017-05-24,0.37796053
2017-05-25,0.391895
2017-05-26,0.44777572
2017-05-31,0.43761608
2017-06-01,0.42767358
2017-06-02,0.6438455
2017-06-05,0.49739614
2017-06-06,0.43457446
2017-06-07,0.30503666
2017-06-08,0.35495847
2017-06-09,0.5963843
2017-06-12,0.6118149
2017-06-13,0.40557212
2017-06-14,0.42183515
2017-06-15,0.32265946
2017-06-16,0.29257724
2017-06-19,0.39627114
2017-06-20,0.4926834
2017-06-21,0.36697727
2017-06-22,0.32264853
2017-06-23,0.5379837
2017-06-26,0.48733398
2017-06-27,0.35003757
2017-06-28,0.2713785
2017-06-29,0.3007395
2017-06-30,0.41298035
2017-07-03,0.47804987
2017-07-04,0.5093443
2017-07-05,0.28405276
2017-07-06,0.5316801
2017-07-07,0.52953154
2017-07-10,0.3441182
2017-07-11,0.60127854
2017-07-12,0.35889402
2017-07-13,0.15034504
2017-07-14,0.62565106
2017-07-17,0.62187046
2017-07-18,0.480777
2017-07-19,0.3832414
2017-07-20,0.29263255
2017-07-21,0.29932675
2017-07-24,0.59674466
2017-07-25,0.48625475
2017-07-26,0.42225787
2017-07-27,0.5507289
2017-07-28,0.6510901
2017-07-31,0.7141947
2017-08-01,0.24515381
2017-08-02,0.15237866
2017-08-03,0.1309109
2017-08-04,0.3652056
2017-08-07,0.13324723
2017-08-08,0.16006002
2017-08-09,0.12617293
2017-08-10,0.18574812
2017-08-11,0.26588422
2017-08-14,0.09748761
2017-08-15,0.056171197
2017-08-16,0.12647441
2017-08-17,0.16186875
2017-08-18,0.37241754
2017-08-21,0.0721029
2017-08-22,0.07030207
2017-08-23,0.10481276
2017-08-24,0.25197396
2017-08-25,0.39445844
2017-08-28,0.049737494
2017-08-29,0.04688152
2017-08-30,0.090447806
2017-08-31,0.17178412
2017-09-01,0.25444996
2017-09-04,0.017269976
2017-09-05,0.3523131
2017-09-06,0.19228618
2017-09-07,0.1474669
2017-09-08,0.21184355
2017-09-11,0.38712662
2017-09-12,0.3294685
2017-09-13,0.40699646
2017-09-14,0.29389772
2017-09-15,0.2467882
2017-09-18,0.12585247
2017-09-19,0.22008938
2017-09-20,0.17817605
2017-09-21,0.20150581
2017-09-22,0.24742931
2017-09-25,0.13288394
2017-09-26,0.12146499
2017-09-27,0.17869294
2017-09-28,0.24472362
2017-09-29,0.53456
2017-10-09,0.21284282
2017-10-10,0.1632324
2017-10-11,0.16512787
2017-10-12,0.22101086
2017-10-13,0.40671277
2017-10-16,0.22462142
2017-10-17,0.18987057
2017-10-18,0.16638951
2017-10-19,0.24585846
2017-10-20,0.2667563
2017-10-23,0.13634129
2017-10-24,0.14461017
2017-10-25,0.17451423
2017-10-26,0.14606884
2017-10-27,0.25629005
2017-10-30,0.30249783
2017-10-31,0.16153759
2017-11-01,0.22520688
2017-11-02,0.1548162
2017-11-03,0.34293213
2017-11-06,0.34044722
2017-11-07,0.6026507
2017-11-08,0.4000646
2017-11-09,0.22666493
2017-11-10,0.31304896
2017-11-13,0.6087167
2017-11-14,0.5439433
2017-11-15,0.36916468
2017-11-16,0.16407806
2017-11-17,0.6668881
2017-11-20,0.5346844
2017-11-21,0.45940188
2017-11-22,0.35286576
2017-11-23,0.44604522
2017-11-24,0.4535909
2017-11-27,0.31304917
2017-11-28,0.2934283
2017-11-29,0.24287874
2017-11-30,0.23863608
2017-12-01,0.21368736
2017-12-04,0.3179395
2017-12-05,0.41999328
2017-12-06,0.29883927
2017-12-07,0.26524264
2017-12-08,0.19954953
2017-12-11,0.36094525
2017-12-12,0.49379653
2017-12-13,0.3766456
2017-12-14,0.28174597
2017-12-15,0.25498602
2017-12-18,0.36969674
2017-12-19,0.46950772
2017-12-20,0.3666581
2017-12-21,0.24820852
2017-12-22,0.1937367
2017-12-25,0.3977235
2017-12-26,0.43572122
2017-12-27,0.35202417
2017-12-28,0.36095965
2017-12-29,0.3879106
2018-01-02,0.29665944
2018-01-03,0.35249564
2018-01-04,0.24127355
2018-01-05,0.20825674
2018-01-08,0.28069055
2018-01-09,0.3925114
2018-01-10,0.44519854
2018-01-11,0.41426432
2018-01-12,0.3130483
2018-01-15,0.3715906
2018-01-16,0.36033225
2018-01-17,0.26865768
2018-01-18,0.25940418
2018-01-19,0.22584066
2018-01-22,0.33492905
2018-01-23,0.5551456
2018-01-24,0.30452716
2018-01-25,0.35389313
2018-01-26,0.21308438
2018-01-29,0.2853298
2018-01-30,0.38424948
2018-01-31,0.39483148
2018-02-01,0.25137502
2018-02-02,0.21048832
2018-02-05,0.24267665
2018-02-06,0.21121833
2018-02-07,0.35907003
2018-02-08,0.28021652
2018-02-09,0.31466356
2018-02-12,0.22430947
2018-02-13,0.15742145
2018-02-14,0.39725572
2018-02-22,0.57494915
2018-02-23,0.24298528
2018-02-26,0.1596475
2018-02-27,0.23284206
2018-02-28,0.3119497
2018-03-01,0.17554107
2018-03-02,0.32481933
2018-03-05,0.2905522
2018-03-06,0.23856261
2018-03-07,0.24921781
2018-03-08,0.24537405
2018-03-09,0.30475262
2018-03-12,0.3594406
2018-03-13,0.16609898
2018-03-14,0.26073837
2018-03-16,0.29349968
2018-03-19,0.25101104
2018-03-20,0.2114912
2018-03-21,0.33300403
2018-03-22,0.35428965
2018-03-23,0.24097466
2018-03-26,0.30020228
2018-03-27,0.19410233
2018-03-28,0.27868694
2018-03-29,0.23085314
2018-03-30,0.29233143
2018-04-02,0.31351548
2018-04-03,0.37522784
2018-04-04,0.38334018
2018-04-09,0.37311292
2018-04-10,0.37270513
2018-04-11,0.22135106
2018-04-12,0.3318635
2018-04-13,0.5064691
2018-04-16,0.20312956
2018-04-17,0.16560063
2018-04-18,0.25774786
2018-04-19,0.43583876
2018-04-20,0.32838356
2018-04-23,0.27837065
2018-04-24,0.2605203
2018-04-25,0.26558104
2018-04-26,0.27722278
2018-04-27,0.3723463
2018-05-02,0.23948291
2018-05-03,0.28501347
2018-05-04,0.5352151
2018-05-07,0.28103954
2018-05-08,0.2241933
2018-05-09,0.24290901
2018-05-10,0.2821442
2018-05-11,0.35015595
2018-05-14,0.30978766
2018-05-15,0.26257753
2018-05-16,0.1528508
2018-05-17,0.22497618
2018-05-18,0.3489869
2018-05-21,0.27423182
2018-05-22,0.22349545
2018-05-23,0.1450307
2018-05-24,0.23606881
2018-05-28,0.3745158
2018-05-29,0.1804314
2018-05-30,0.6811312
2018-05-31,0.3193307
2018-06-01,0.22979847
2018-06-04,0.48542544
2018-06-05,0.36951244
2018-06-06,0.24156731
2018-06-07,0.33053553
2018-06-08,0.4989796
2018-06-11,0.2625954
2018-06-12,0.260326
2018-06-13,0.28982797
2018-06-14,0.23940018
2018-06-15,0.20593292
2018-06-19,0.42964718
2018-06-20,0.19703373
2018-06-21,0.24833655
2018-06-22,0.19410643
2018-06-25,0.17280418
2018-06-26,0.39638293
2018-06-27,0.18193129
2018-06-28,0.21314219
2018-06-29,0.22890413
2018-07-02,0.32445592
2018-07-03,0.29326335
2018-07-04,0.36852837
2018-07-05,0.17565116
2018-07-06,0.5343311
2018-07-09,0.401018
2018-07-10,0.19456291
2018-07-11,0.15904713
2018-07-12,0.176971
2018-07-13,0.20198035
2018-07-16,0.34561256
2018-07-17,0.17287837
2018-07-18,0.11123299
2018-07-19,0.22504896
2018-07-20,0.24142268
2018-07-23,0.24854353
2018-07-24,0.16021779
2018-07-25,0.04121557
2018-07-26,0.6521538
2018-07-27,0.29176524
2018-07-30,0.19916728
2018-07-31,0.36117294
2018-08-01,0.17275006
2018-08-02,0.2502523
2018-08-03,0.37067032
2018-08-06,0.17648488
2018-08-07,0.16026837
2018-08-08,0.37933686
2018-08-09,0.5148887
2018-08-10,0.72251683
2018-08-13,0.5591029
2018-08-14,0.53906554
2018-08-15,0.57248205
2018-08-16,0.64031434
2018-08-17,0.70297724
2018-08-20,0.5478103
2018-08-21,0.49845684
2018-08-22,0.5996898
2018-08-23,0.53406924
2018-08-24,0.5632113
2018-08-27,0.316755
2018-08-28,0.20116948
2018-08-29,0.37186688
2018-08-30,0.62097967
2018-08-31,0.64137506
2018-09-03,0.41082403
2018-09-04,0.37797377
2018-09-05,0.5443573
2018-09-06,0.42211074
2018-09-07,0.45800212
2018-09-10,0.25874645
2018-09-11,0.351756
2018-09-12,0.19953716
2018-09-13,0.26088706
2018-09-14,0.66931045
2018-09-17,0.27407417
2018-09-18,0.45598456
2018-09-19,0.2620776
2018-09-20,0.33715883
2018-09-21,0.1498517
2018-09-25,0.46234217
2018-09-26,0.39104703
2018-09-27,0.20121942
2018-09-28,0.20391297
2018-10-08,0.2492424
2018-10-09,0.3547527
2018-10-10,0.4771512
2018-10-11,0.3943948
2018-10-12,0.2930804
2018-10-15,0.52428144
2018-10-16,0.32415318
2018-10-17,0.46909237
2018-10-18,0.46726134
2018-10-19,0.4645234
2018-10-22,0.28514904
2018-10-23,0.42614755
2018-10-24,0.4451129
2018-10-25,0.49794668
2018-10-26,0.49024138
2018-10-29,0.35998848
2018-10-30,0.5954687
2018-10-31,0.52608013
2018-11-01,0.7224787
2018-11-02,0.72654665
2018-11-05,0.587474
2018-11-06,0.51963973
2018-11-07,0.41275504
2018-11-08,0.23680404
2018-11-09,0.4038531
2018-11-12,0.4517926
2018-11-13,0.39770392
2018-11-14,0.42352426
2018-11-15,0.4035934
2018-11-16,0.30262247
2018-11-19,0.2600487
2018-11-20,0.3767469
2018-11-21,0.5378416
2018-11-22,0.7334854
2018-11-23,0.7024617
2018-11-26,0.4544859
2018-11-27,0.32799974
2018-11-28,0.47984722
2018-11-29,0.3951333
2018-11-30,0.2893434
2018-12-03,0.23841053
2018-12-04,0.43584543
2018-12-05,0.59724325
2018-12-06,0.65074146
2018-12-07,0.42951626
2018-12-10,0.29534408
2018-12-11,0.47239822
2018-12-12,0.4944558
2018-12-13,0.43452227
2018-12-14,0.40578768
2018-12-17,0.43082944
2018-12-18,0.436892
2018-12-19,0.44445106
2018-12-20,0.55131596
2018-12-21,0.24840161
2018-12-24,0.36801672
2018-12-25,0.4392326
2018-12-26,0.52887774
2018-12-27,0.37458485
2018-12-28,0.5927508
2019-01-02,0.47249573
2019-01-03,0.3004729
2019-01-04,0.3819706
2019-01-07,0.377844
2019-01-08,0.28655922
2019-01-09,0.23613739
2019-01-10,0.41435444
2019-01-11,0.49741
2019-01-14,0.4880428
2019-01-15,0.4197711
2019-01-16,0.5438364
2019-01-17,0.4888764
2019-01-18,0.40297207
2019-01-21,0.3278236
2019-01-22,0.27388614
2019-01-23,0.5742679
2019-01-24,0.14712062
2019-02-15,0.37503904
2019-02-18,0.47362453
2019-02-19,0.37619564
2019-02-20,0.5434278
2019-02-21,0.1991868
2019-02-22,0.3285033
2019-02-25,0.4492042
2019-02-26,0.31908908
2019-02-27,0.43973517
2019-02-28,0.47794577
2019-03-01,0.24921843
2019-03-04,0.23898935
2019-03-05,0.45521638
2019-03-06,0.24690941
2019-03-07,0.39095852
2019-03-08,0.5288561
2019-03-11,0.17991853
2019-03-12,0.34747094
2019-03-13,0.24479795
2019-03-14,0.5004783
2019-03-15,0.47272533
2019-03-18,0.3209111
2019-04-01,0.42420986
2019-04-02,0.20351255
2019-04-03,0.34605038
2019-04-04,0.29762483
2019-04-08,0.23315981
2019-04-09,0.2668027
2019-04-10,0.11847555
2019-04-11,0.15266335
2019-04-12,0.28419724
2019-04-15,0.18019006
2019-04-16,0.15975127
2019-04-17,0.17265373
2019-04-18,0.2835057
2019-04-19,0.18219493
2019-04-22,0.17141531
2019-04-23,0.2080996
2019-04-24,0.148375
2019-04-25,0.2512389
2019-04-26,0.14525911
2019-04-29,0.21739367
2019-04-30,0.18135062
2019-05-06,0.23122644
2019-05-07,0.12117921
2019-05-08,0.12899916
2019-05-09,0.25662866
2019-05-10,0.22925565
2019-05-13,0.13422354
2019-05-14,0.18357381
2019-05-15,0.28585166
2019-05-16,0.19813095
2019-05-17,0.33637148
2019-05-20,0.11534123
2019-05-21,0.21338925
2019-05-22,0.07230295
2019-05-23,0.16422457
2019-05-24,0.17150612
2019-05-27,0.23980564
2019-05-28,0.2309685
2019-05-29,0.49791023
2019-05-30,0.47286436
2019-05-31,0.5694617
2019-06-03,0.59791535
2019-06-04,0.62596273
2019-06-05,0.6356771
2019-06-06,0.743147
2019-06-10,0.61391926
2019-06-11,0.5092383
2019-06-12,0.2762189
2019-06-13,0.27717355
2019-06-14,0.13967124
2019-06-17,0.13608594
2019-06-18,0.19822761
2019-06-19,0.31736293
2019-06-20,0.22416314
2019-06-21,0.29586256
2019-06-24,0.19661507
2019-06-25,0.24933195
2019-06-26,0.19016346
2019-06-27,0.11928654
2019-06-28,0.22886598
2019-07-01,0.18384117
2019-07-02,0.2729312
2019-07-03,0.2767442
2019-07-04,0.4056542
2019-07-05,0.31481943
2019-07-08,0.33039695
2019-07-09,0.38187394
2019-07-10,0.41696885
2019-07-11,0.66379166
2019-07-12,0.48833647
2019-07-15,0.45332778
2019-07-16,0.6762652
2019-07-17,0.50391287
2019-07-18,0.51430327
2019-07-19,0.6078503
2019-07-22,0.5488882
2019-07-23,0.6375136
2019-07-24,0.5719405
2019-07-25,0.7030174
2019-07-26,0.59675926
2019-07-29,0.4924136
2019-07-30,0.57251227
2019-07-31,0.5790414
2019-08-01,0.5715128
2019-08-02,0.7702529
2019-08-05,0.5500855
2019-08-06,0.519967
2019-08-07,0.5955133
2019-08-08,0.78382033
2019-08-09,0.69939166
2019-08-12,0.6534944
2019-08-13,0.72894007
2019-08-14,0.5797654
2019-08-15,0.33511406
2019-08-16,0.39305648
2019-08-19,0.059786662
2019-08-20,0.7223334
2019-08-21,0.4516948
2019-08-22,0.65012234
2019-08-23,0.54597193
2019-08-26,0.66376704
2019-08-27,0.7090474
2019-08-28,0.6641934
2019-08-29,0.62660676
2019-08-30,0.5718476
2019-09-02,0.72442
2019-09-03,0.64671546
2019-09-04,0.6059492
2019-09-05,0.7301645
2019-09-06,0.64699
2019-09-09,0.56848085
2019-09-10,0.60658824
2019-09-11,0.63449264
2019-09-12,0.6800664
2019-09-16,0.43592274
2019-09-17,0.5150694
2019-09-18,0.66433156
2019-09-19,0.51455736
2019-09-20,0.70071864
2019-09-23,0.35797495
2019-09-24,0.46476367
2019-09-25,0.52827495
2019-09-26,0.54199773
2019-09-27,0.5457031
2019-09-30,0.38633755
2019-10-08,0.5551195
2019-10-09,0.63456666
2019-10-10,0.7347133
2019-10-11,0.59712434
2019-10-14,0.4956098
2019-10-15,0.56567806
2019-10-16,0.60309744
2019-10-17,0.642175
2019-10-18,0.8027225
2019-10-21,0.67877877
2019-10-22,0.6007852
2019-10-23,0.6513602
2019-10-24,0.68851537
2019-10-25,0.68699646
2019-10-28,0.49981663
2019-10-29,0.6185407
2019-10-30,0.53109294
2019-10-31,0.5659066
2019-11-01,0.5754156
2019-11-04,0.45842338
2019-11-05,0.57419896
2019-11-06,0.4726349
2019-11-07,0.6225769
2019-11-08,0.48139396
2019-11-11,0.37988967
2019-11-12,0.5763674
2019-11-13,0.68953675
2019-11-14,0.69827384
2019-11-15,0.4818018
2019-11-18,0.48754588
2019-11-19,0.6823217
2019-11-20,0.2891814
2019-11-21,0.5424367
2019-11-22,0.47226152
2019-11-25,0.42022365
2019-11-26,0.38001153
2019-11-27,0.2598687
2019-11-28,0.19727927
2019-11-29,0.5024199
2019-12-02,0.21937445
2019-12-16,0.59706265
2019-12-17,0.65223116
2019-12-18,0.59777737
2019-12-19,0.27480984
2019-12-20,0.8632258
2019-12-23,0.4355729
2019-12-24,0.49203032
2019-12-25,0.43765306
2019-12-26,0.4820317
2019-12-27,0.34729004
2019-12-30,0.45616448
2019-12-31,0.29894397
2020-01-02,0.4499483
2020-01-03,0.15144357
2020-01-06,0.5986269
2020-01-07,0.32902604
2020-01-08,0.48084235
2020-01-09,0.43603855
2020-01-10,0.40303126
2020-01-13,0.40685517
2020-01-14,0.52815485
2020-01-15,0.35908988
2020-01-16,0.6180094
2020-01-17,0.33950493
2020-01-20,0.61253035
2020-01-21,0.43343842
2020-01-22,0.45812243
2020-01-23,0.33598077
2020-03-23,0.49169317
2020-03-24,0.23341551
2020-03-25,0.26601672
2020-03-26,0.5779214
2020-03-27,0.3590527
2020-03-30,0.48520675
2020-03-31,0.4652722
2020-04-01,0.40950376
2020-04-03,0.42344436
2020-04-07,0.23996845
2020-04-08,0.38034403
2020-04-09,0.26691395
2020-04-10,0.33476788
2020-04-13,0.41863167
2020-04-14,0.39113054
2020-04-15,0.49784097
2020-04-16,0.5274804
2020-04-17,0.44663528
2020-04-20,0.32417652
2020-04-21,0.6236056
2020-04-22,0.39259908
2020-04-23,0.4447579
2020-04-24,0.41275677
2020-04-27,0.45217752
2020-04-28,0.490201
2020-04-29,0.46480983
2020-04-30,0.31548136
2020-05-06,0.30076033
2020-05-07,0.28449365
2020-05-08,0.20236029
2020-05-11,0.33918872
2020-05-12,0.26555628
2020-05-13,0.265951
2020-05-14,0.26678616
2020-05-15,0.19426931
2020-05-18,0.4118071
2020-05-19,0.35284644
2020-05-20,0.37162387
2020-05-21,0.29292068
2020-05-22,0.20410049
2020-05-25,0.30795196
2020-05-26,0.28161022
2020-07-01,0.18258086
2020-07-02,0.19991623
2020-07-03,0.5345574
2020-07-06,0.28323895
2020-07-07,0.24012277
2020-07-08,0.3301562
2020-07-09,0.27664044
2020-07-10,0.3525013
2020-07-13,0.3535378
2020-07-14,0.3289212
2020-07-15,0.27530935
2020-07-16,0.28142363
2020-07-17,0.2109782
2020-07-20,0.23638374
2020-07-21,0.33268267
2020-07-22,0.32971165
2020-07-23,0.3460832
2020-07-24,0.5027561
2020-07-27,0.41383597
2020-07-28,0.36764246
2020-07-29,0.35118598
2020-07-30,0.33739546
2020-07-31,0.38191032
2020-08-03,0.305118
2020-08-04,0.25197428
2020-08-05,0.3584385
2020-08-06,0.40906605
2020-08-07,0.32512397
2020-08-10,0.28864583
2020-08-11,0.27817914
2020-08-12,0.29853824
2020-08-13,0.33409527
2020-08-14,0.48296002
2020-08-17,0.18321793
2020-08-18,0.2563696
2020-08-19,0.4925306
2020-08-20,0.4403067
2020-08-21,0.48975906
2020-08-24,0.59856325
2020-08-25,0.5532664
2020-08-26,0.55238193
2020-08-27,0.50349677
2020-08-28,0.45454952
2020-08-31,0.5634877
2020-09-01,0.5420128
2020-09-02,0.51596326
2020-09-03,0.45619217
2020-09-04,0.518517
2020-09-07,0.36510554
2020-09-08,0.45658407
2020-09-09,0.622418
2020-09-10,0.4849934
2020-09-11,0.53567415
2020-09-14,0.6274265
2020-09-15,0.5923411
2020-09-16,0.4317222
2020-09-17,0.45067576
2020-09-18,0.54581255
2020-10-09,0.70004624
2020-10-12,0.42769447
2020-10-13,0.4631242
2020-10-14,0.49313757
2020-10-15,0.53479105
2020-10-16,0.2894548
2020-10-19,0.34063047
2020-10-20,0.5062785
2020-10-21,0.5050447
2020-10-22,0.21952733
2020-10-23,0.2888754
2020-10-26,0.40786868
2020-10-27,0.42264336
2020-10-28,0.47920394
2020-10-29,0.50751066
2020-10-30,0.70027786
2020-11-02,0.55265856
2020-11-03,0.5865128
2020-11-04,0.60020834
2020-11-05,0.59659487
2020-11-06,0.6933399
2020-11-09,0.6187332
2020-11-10,0.6697837
2020-11-11,0.55734885
2020-11-12,0.27779883
2020-11-13,0.775599
2020-11-16,0.6187098
2020-11-17,0.3858385
2020-11-18,0.6873091
2020-11-19,0.5787236
2020-11-20,0.56856316
2020-11-23,0.42885068
2020-11-24,0.30610174
2020-11-25,0.44648966
2020-11-26,0.6616769
2020-11-27,0.7332928
2020-11-30,0.48930252
2020-12-01,0.2443772
2020-12-02,0.3208392
2020-12-03,0.4476586
2020-12-04,0.5102599
2020-12-07,0.54036385
2020-12-08,0.36886057
2020-12-09,0.3153903
2020-12-10,0.40684924
2020-12-11,0.4672796
2020-12-14,0.7103856
2020-12-15,0.4239385
2020-12-16,0.5403904
2020-12-17,0.46546012
2020-12-18,0.44794372
2020-12-21,0.4522702
2020-12-22,0.28602588
2020-12-23,0.18152046
2020-12-24,0.2244424
2020-12-25,0.20475027
2020-12-28,0.41443494
2020-12-29,0.59279364
2020-12-30,0.5303098
2020-12-31,0.48224485
2021-01-04,0.4955597
2021-01-07,0.3899976
2021-01-08,0.31843913
2021-01-11,0.20203784
2021-01-12,0.1887225
2021-01-13,0.23259768
2021-01-14,0.23520532
2021-01-15,0.30097517
2021-01-18,0.2809924
2021-01-19,0.19565101
2021-01-20,0.25913766
2021-01-21,0.41500202
2021-01-22,0.24430329
2021-01-25,0.25112468
2021-01-26,0.287966
2021-01-27,0.66050744
2021-01-28,0.14238504
2021-01-29,0.33983713
2021-02-01,0.8232018
2021-02-02,0.40274912
2021-02-03,0.32742804
2021-02-04,0.30953014
2021-02-05,0.16426146
2021-02-08,0.22880748
2021-02-09,0.38465512
2021-02-10,0.2737154
2021-02-18,0.56044406
2021-02-19,0.38116497
2021-02-22,0.52055824
2021-02-23,0.5596086
2021-02-24,0.59941894
2021-02-25,0.18258902
2021-02-26,0.15606871
2021-03-01,0.1944223
2021-03-03,0.5230299
2021-03-04,0.41600505
2021-03-05,0.224125
