Date,Open,High,Low,Close,Adj Close,Volume
2014-04-02,21,22,21,22,21,10710400
2014-04-03,24.2,24.2,24.2,24.2,24.2,1245530
2014-04-04,26.62,26.62,26.62,26.62,26.62,8092670
2014-04-08,29.25,29.25,29.25,29.25,29.25,2976900
2014-04-09,25.03,27,25.03,27,25.03,1941890
2014-04-10,24.5,26,24.5,26,24.5,1606700
2014-04-11,24,24.89,24,24.89,24,2803660
2014-04-14,24.5,24.51,24.5,24.51,24.5,1427740
2014-04-15,25.3,26.1,25.3,26.1,25.3,1600130
2014-04-16,25.2,25.7,25.2,25.7,25.2,1912900
2014-04-17,25.5,25.7,25.5,25.7,25.5,2457820
2014-04-18,25.2,25.2,25.2,25.2,25.2,1944260
2014-04-21,25.08,25.4,25.08,25.4,25.08,2481980
2014-04-22,24.6,24.85,24.6,24.85,24.6,2882400
2014-04-23,24.6,24.6,24.6,24.6,24.6,1609730
2014-04-24,24,24.55,24,24.55,24,1183300
2014-04-25,24.3,24.5,24.3,24.5,24.3,1344410
2014-04-28,25,25,25,25,25,1404900
2014-04-29,23.99,24.5,23.99,24.5,23.99,1527790
2014-04-30,24.45,24.45,24.45,24.45,24.45,2034940
2014-05-05,24,24.36,24,24.36,24,1228300
2014-05-06,23.99,24.1,23.99,24.1,23.99,1012620
2014-05-07,23.96,23.96,23.96,23.96,23.96,1032290
2014-05-08,23.85,24,23.85,24,23.85,1079320
2014-05-09,23.73,23.76,23.73,23.76,23.73,915799
2014-05-12,23.71,23.71,23.71,23.71,23.71,847552
2014-05-13,23.51,24.17,23.51,24.17,23.51,1652710
2014-05-14,23.53,23.9,23.53,23.9,23.53,1787700
2014-05-15,23.76,24.3,23.76,24.3,23.76,1118140
2014-05-16,25,25,25,25,25,1006100
2014-05-19,24.3,36,24.3,36,24.3,1095170
2014-05-20,24.21,24.21,24.21,24.21,24.21,871286
2014-05-21,24.24,24.24,24.24,24.24,24.24,1168390
2014-05-22,24,24.65,24,24.65,24,949944
2014-05-23,24,24,24,24,24,1051270
2014-05-25,24,24,24,24,24,1051270
2014-05-26,24.3,24.3,24.3,24.3,24.3,1267470
2014-05-27,23.85,24.1,23.85,24.1,23.85,1008860
2014-05-28,23.75,24,23.75,24,23.75,939924
2014-05-29,23.83,24.23,23.83,24.23,23.83,1168710
2014-05-30,24,24.01,24,24.01,24,1014490
2014-06-03,23.91,24,23.91,24,23.91,930709
2014-06-04,23.9,24.5,23.9,24.5,23.9,966504
2014-06-05,23.98,23.98,23.98,23.98,23.98,902551
2014-06-06,23.4,23.9,23.4,23.9,23.4,1104260
2014-06-09,23.65,23.95,23.65,23.95,23.65,949125
2014-06-10,23.8,23.8,23.8,23.8,23.8,1208900
2014-06-11,23.6,23.8,23.6,23.8,23.6,1641760
2014-06-12,23.75,23.8,23.75,23.8,23.75,992439
2014-06-13,23.75,23.7,23.75,23.7,23.75,992721
2014-06-16,24,24,24,24,24,989599
2014-06-17,23,23,23,23,23,1264090
2014-06-18,22.01,23,22.01,23,22.01,989034
2014-06-19,23,23.25,23,23.25,23,1125830
2014-06-20,22.96,23,22.96,23,22.96,808088
2014-06-23,22.92,23,22.92,23,22.92,1198840
2014-06-24,23.45,23.45,23.45,23.45,23.45,865396
2014-06-25,25.16,25.16,25.16,25.16,25.16,954992
2014-06-26,21,23.48,21,23.48,21,1136790
2014-06-27,23,23,23,23,23,953669
2014-06-30,24.4,24.4,24.4,24.4,24.4,1420090
2014-07-01,22.85,22.88,22.85,22.88,22.85,774384
2014-07-02,23.8,23.8,23.8,23.8,23.8,1192930
2014-07-03,24.3,24.3,24.3,24.3,24.3,1206180
2014-07-04,23,23.48,23,23.48,23,1018540
2014-07-07,23,23.19,23,23.19,23,880997
2014-07-08,23.5,23.91,23.5,23.91,23.5,879542
2014-07-09,23.22,23.3,23.22,23.3,23.22,1109810
2014-07-10,23.5,23.5,23.5,23.5,23.5,858468
2014-07-11,24.3,24.3,24.3,24.3,24.3,971329
2014-07-14,23.64,25,23.64,25,23.64,893560
2014-07-15,23.9,24.5,23.9,24.5,23.9,1025880
2014-07-16,24,24.5,24,24.5,24,785453
2014-07-17,23.9,24.05,23.9,24.05,23.9,1027780
2014-07-18,24.5,24.5,24.5,24.5,24.5,775213
2014-07-21,23.5,23.65,23.5,23.65,23.5,1003990
2014-07-22,21.5,23.83,21.5,23.83,21.5,742939
2014-07-23,23.12,23.65,23.12,23.65,23.12,992117
2014-07-24,21.18,23.8,21.18,23.8,21.18,1280040
2014-07-25,23.13,23.25,23.13,23.25,23.13,656495
2014-07-28,22.8,23.79,22.8,23.79,22.8,641926
2014-07-29,23.53,24,23.53,24,23.53,632730
2014-07-30,23.99,24,23.99,24,23.99,726502
2014-07-31,23.6,23.92,23.6,23.92,23.6,613574
2014-08-01,23.95,25,23.95,25,23.95,529922
2014-08-04,25.4,25.4,25.4,25.4,25.4,311730
2014-08-05,20.87,23.3,20.87,23.3,20.87,442327
2014-08-06,25,25,25,25,25,650546
2014-08-07,22.3,23.06,22.3,23.06,22.3,369449
2014-08-08,23.08,23.08,23.08,23.08,23.08,372828
2014-08-11,23,23.05,23,23.05,23,219483
2014-08-12,23,23,23,23,23,298138
2014-08-13,22.88,23,22.88,23,22.88,260573
2014-08-14,24.9,24.9,24.9,24.9,24.9,147393
2014-08-15,22.82,22.99,22.82,22.99,22.82,896879
2014-08-18,23.88,23.88,23.88,23.88,23.88,615953
2014-08-19,23.2,23.2,23.2,23.2,23.2,162918
2014-08-20,22.58,23.6,22.58,23.6,22.58,156892
2014-08-21,23.5,23.5,23.5,23.5,23.5,100039
2014-08-22,23,23,23,23,23,102208
2014-08-25,22.5,23.5,22.5,23.5,22.5,547229
2014-08-26,22.91,23.9,22.91,23.9,22.91,196191
2014-08-27,22.95,23.48,22.95,23.48,22.95,135535
2014-08-28,22.5,23.5,22.5,23.5,22.5,364538
2014-08-29,23.48,23.95,23.48,23.95,23.48,890388
2014-09-01,23.7,23.98,23.7,23.98,23.7,154705
2014-09-02,21.41,24.49,21.41,24.49,21.41,182966
2014-09-03,23.8,23.99,23.8,23.99,23.8,1104600
2014-09-04,23,23.95,23,23.95,23,220284
2014-09-05,23.81,24,23.81,24,23.81,284193
2014-09-09,23.97,23.97,23.97,23.97,23.97,302150
2014-09-10,23.85,24.05,23.85,24.05,23.85,492935
2014-09-11,24,24.1,24,24.1,24,261701
2014-09-12,24.1,24.29,24.1,24.29,24.1,167777
2014-09-15,23.7,24.25,23.7,24.25,23.7,159553
2014-09-16,24,24.3,24,24.3,24,230468
2014-09-17,23.95,24.35,23.95,24.35,23.95,377295
2014-09-18,24.13,24.5,24.13,24.5,24.13,220656
2014-09-19,24.45,24.5,24.45,24.5,24.45,506975
2014-09-22,24.21,24.5,24.21,24.5,24.21,287415
2014-09-23,24.14,24.55,24.14,24.55,24.14,670812
2014-09-24,24.55,24.55,24.55,24.55,24.55,399150
2014-09-25,24.7,24.7,24.7,24.7,24.7,253570
2014-09-26,24.65,24.65,24.65,24.65,24.65,273233
2014-09-29,24.59,25.09,24.59,25.09,24.59,775810
2014-09-30,24.99,25,24.99,25,24.99,1180980
2014-10-08,25.08,25.14,25.08,25.14,25.08,362080
2014-10-09,25.79,25.79,25.79,25.79,25.79,256115
2014-10-10,25,25.8,25,25.8,25,567384
2014-10-13,25.7,25.7,25.7,25.7,25.7,151059
2014-10-14,25.5,25.91,25.5,25.91,25.5,166047
2014-10-15,25.7,25.87,25.7,25.87,25.7,720059
2014-10-16,25.6,25.65,25.6,25.65,25.6,191005
2014-10-17,25.37,25.9,25.37,25.9,25.37,313877
2014-10-20,25.7,25.8,25.7,25.8,25.7,254554
2014-10-21,25.99,25.99,25.99,25.99,25.99,1108480
2014-10-22,25,25,25,25,25,197475
2014-10-23,25,25.4,25,25.4,25,149353
2014-10-24,25,25.3,25,25.3,25,386438
2014-10-27,25.02,25.2,25.02,25.2,25.02,315525
2014-10-28,24.99,25.1,24.99,25.1,24.99,430610
2014-10-29,25,25.3,25,25.3,25,592499
2014-10-30,25,25.1,25,25.1,25,322506
2014-10-31,25.01,25.22,25.01,25.22,25.01,458461
2014-11-04,25.3,25.3,25.3,25.3,25.3,182730
2014-11-05,25.3,25.3,25.3,25.3,25.3,193191
2014-11-06,25.1,25.1,25.1,25.1,25.1,245076
2014-11-07,25.2,25.2,25.2,25.2,25.2,433561
2014-11-10,25,25,25,25,25,7500
2014-11-12,24.31,24.8,24.31,24.8,24.31,678790
2014-11-13,24.9,24.9,24.9,24.9,24.9,577445
2014-11-14,24.9,24.9,24.9,24.9,24.9,279745
2014-11-17,24.6,24.6,24.6,24.6,24.6,195704
2014-11-18,24.4,24.6,24.4,24.6,24.4,400777
2014-11-19,24.31,24.8,24.31,24.8,24.31,678790
2014-11-20,24.4,24.41,24.4,24.41,24.4,264539
2014-11-21,24.11,24.15,24.11,24.15,24.11,28960
2014-11-24,24.2,24.2,24.2,24.2,24.2,127311
2014-11-25,24,24.05,24,24.05,24,475258
2014-11-26,24.1,24.45,24.1,24.45,24.1,1489600
2014-11-27,24.15,24.3,24.15,24.3,24.15,48450
2014-11-28,24.5,24.5,24.5,24.5,24.5,748164
2014-12-01,25.2,25.2,25.2,25.2,25.2,276645
2014-12-02,24.2,24.23,24.2,24.23,24.2,101764
2014-12-03,24.3,25,24.3,25,24.3,368053
2014-12-04,24.5,24.5,24.5,24.5,24.5,1007710
2014-12-05,23.5,24.35,23.5,24.35,23.5,963627
2014-12-08,24.22,24.35,24.22,24.35,24.22,475335
2014-12-09,24.24,24.5,24.24,24.5,24.24,689932
2014-12-10,24.35,24.4,24.35,24.4,24.35,661261
2014-12-11,24.15,24.35,24.15,24.35,24.15,839338
2014-12-12,24.3,24.44,24.3,24.44,24.3,1018900
2014-12-15,24.22,24.35,24.22,24.35,24.22,838140
2014-12-16,23.45,24.35,23.45,24.35,23.45,1613510
2014-12-17,24.3,24.32,24.3,24.32,24.3,1217300
2014-12-18,23.2,24.1,23.2,24.1,23.2,1411360
2014-12-19,24.09,24.2,24.09,24.2,24.09,825137
2014-12-22,24.14,24.2,24.14,24.2,24.14,730614
2014-12-23,23.54,24.98,23.54,24.98,23.54,1071100
2014-12-24,24,24.15,24,24.15,24,847339
2014-12-25,23.91,24.38,23.91,24.38,23.91,293908
2014-12-26,24.01,24.15,24.01,24.15,24.01,387002
2014-12-29,24.5,24.5,24.5,24.5,24.5,1365910
2014-12-30,23.85,24.28,23.85,24.28,23.85,770520
2014-12-31,24.2,24.2,24.2,24.2,24.2,1466640
2015-01-05,24.06,24.06,24.06,24.06,24.06,145979
2015-01-06,24.17,24.17,24.17,24.17,24.17,694917
2015-01-07,24.1,24.1,24.1,24.1,24.1,121316
2015-01-08,24.25,24.6,24.25,24.6,24.25,137626
2015-01-09,24.24,24.25,24.24,24.25,24.24,502028
2015-01-12,24.17,24.25,24.17,24.25,24.17,385165
2015-01-13,24.13,24.13,24.13,24.13,24.13,334763
2015-01-14,24.14,24.19,24.14,24.19,24.14,197894
2015-01-15,24.1,24.24,24.1,24.24,24.1,72508.3
2015-01-16,24.06,24.08,24.06,24.08,24.06,479467
2015-01-19,24.13,24.8,24.13,24.8,24.13,122180
2015-01-20,24.07,24.07,24.07,24.07,24.07,692701
2015-01-21,24,24.15,24,24.15,24,651285
2015-01-22,24,24,24,24,24,14424
2015-01-23,24.11,24.14,24.11,24.14,24.11,494702
2015-01-26,24.08,24.13,24.08,24.13,24.08,543467
2015-01-27,24.08,24.08,24.08,24.08,24.08,78876
2015-01-28,24.08,24.08,24.08,24.08,24.08,327721
2015-01-29,24.17,24.17,24.17,24.17,24.17,38597.1
2015-01-30,24.15,24.49,24.15,24.49,24.15,1630570
2015-02-02,24.2,24.2,24.2,24.2,24.2,24200
2015-02-03,24.2,24.2,24.2,24.2,24.2,444177
2015-02-04,24.09,24.09,24.09,24.09,24.09,21199.2
2015-02-05,24.09,24.1,24.09,24.1,24.09,69399.2
2015-02-06,24.12,24.12,24.12,24.12,24.12,354058
2015-02-09,24,24.08,24,24.08,24,362783
2015-02-10,24.1,24.1,24.1,24.1,24.1,181581
2015-02-11,21.65,24.14,21.65,24.14,21.65,1036590
2015-02-12,24.1,24.14,24.1,24.14,24.1,385950
2015-02-13,24.1,24.16,24.1,24.16,24.1,470705
2015-02-16,24.14,24.16,24.14,24.16,24.14,412512
2015-02-17,21.44,21.44,21.44,21.44,21.44,64320
2015-03-02,23.58,23.58,23.58,23.58,23.58,75456
2015-03-03,24.1,24.21,24.1,24.21,24.1,634161
2015-03-04,23.34,23.34,23.34,23.34,23.34,3501
2015-03-05,24.06,25,24.06,25,24.06,579786
2015-03-06,24.05,26.9,24.05,26.9,24.05,795839
2015-03-09,25,27,25,27,25,1255920
2015-03-10,24.9,26,24.9,26,24.9,730029
2015-03-11,22.61,26,22.61,26,22.61,2704750
2015-03-12,25.5,26,25.5,26,25.5,671982
2015-03-13,24.4,26.8,24.4,26.8,24.4,139289
2015-03-16,25.4,26.8,25.4,26.8,25.4,198798
2015-03-17,26.8,26.8,26.8,26.8,26.8,2723850
2015-03-18,24.5,26.7,24.5,26.7,24.5,769323
2015-03-19,26.58,26.9,26.58,26.9,26.58,1333630
2015-03-20,25.1,26.3,25.1,26.3,25.1,1125280
2015-03-23,26.79,26.79,26.79,26.79,26.79,850964
2015-03-24,26.78,26.78,26.78,26.78,26.78,295331
2015-03-25,26.29,26.3,26.29,26.3,26.29,1819220
2015-03-26,23.36,26,23.36,26,23.36,1601250
2015-03-27,23.31,25.85,23.31,25.85,23.31,591653
2015-03-30,20.98,25.64,20.98,25.64,20.98,1782690
2015-03-31,26.2,26.41,26.2,26.41,26.2,285293
2015-04-01,25.64,26.1,25.64,26.1,25.64,333846
2015-04-02,23.08,25.9,23.08,25.9,23.08,704825
2015-04-03,22.98,25.55,22.98,25.55,22.98,2704440
2015-04-07,24.5,25.58,24.5,25.58,24.5,1354780
2015-04-08,25.49,25.49,25.49,25.49,25.49,1752460
2015-04-09,25.5,26,25.5,26,25.5,1241970
2015-04-10,25.99,25.99,25.99,25.99,25.99,520059
2015-04-13,24,25.55,24,25.55,24,1099600
2015-04-14,25,25.65,25,25.65,25,2140880
2015-04-15,25.5,25.65,25.5,25.65,25.5,2097290
2015-04-16,24.85,25.6,24.85,25.6,24.85,935432
2015-04-17,24.5,25.5,24.5,25.5,24.5,321500
2015-04-20,25.6,25.63,25.6,25.63,25.6,776783
2015-04-21,25.32,25.6,25.32,25.6,25.32,758033
2015-04-22,25.6,25.6,25.6,25.6,25.6,440020
2015-04-23,26.48,26.48,26.48,26.48,26.48,399396
2015-04-24,25.48,25.49,25.48,25.49,25.48,1176960
2015-04-27,26.35,26.35,26.35,26.35,26.35,1110140
2015-04-28,25.17,25.5,25.17,25.5,25.17,63508.6
2015-04-29,25.8,26,25.8,26,25.8,63598.8
2015-04-30,25.5,25.88,25.5,25.88,25.5,711661
2015-05-04,26.34,26.35,26.34,26.35,26.34,1590760
2015-05-05,26.35,28.74,26.35,28.74,26.35,2584580
2015-05-06,28.69,28.69,28.69,28.69,28.69,472469
2015-05-07,27.4,29.1,27.4,29.1,27.4,528580
2015-05-08,27.65,28,27.65,28,27.65,1305390
2015-05-11,27.91,28.48,27.91,28.48,27.91,3972910
2015-05-12,24.46,27.2,24.46,27.2,24.46,3972910
2015-05-13,27,27.2,27,27.2,27,350640
2015-05-14,25.5,26.88,25.5,26.88,25.5,153268
2015-05-15,26.68,26.68,26.68,26.68,26.68,72706.5
2015-05-18,25.5,26.45,25.5,26.45,25.5,39821.5
2015-05-19,25.45,26.19,25.45,26.19,25.45,178426
2015-05-20,25.5,25.55,25.5,25.55,25.5,186723
2015-05-21,26,26,26,26,26,143038
2015-05-22,26.81,26.98,26.81,26.98,26.81,1987050
2015-05-25,26.5,26.5,26.5,26.5,26.5,338470
2015-05-26,26.1,26.1,26.1,26.1,26.1,835667
2015-05-27,27.14,27.14,27.14,27.14,27.14,960498
2015-05-28,23.12,25.6,23.12,25.6,23.12,2567770
2015-05-29,23.8,25.5,23.8,25.5,23.8,1622500
2015-06-01,25.3,25.35,25.3,25.35,25.3,1374140
2015-06-02,22.77,25.75,22.77,25.75,22.77,3087380
2015-06-03,25.5,25.5,25.5,25.5,25.5,1022940
2015-06-04,27.5,27.5,27.5,27.5,27.5,475943
2015-06-05,26.25,26.25,26.25,26.25,26.25,590317
2015-06-08,25.5,25.8,25.5,25.8,25.5,697559
2015-06-09,25.8,25.8,25.8,25.8,25.8,591865
2015-06-11,25.5,25.7,25.5,25.7,25.5,364087
2015-06-12,25.4,25.4,25.4,25.4,25.4,122703
2015-06-15,22.99,25.3,22.99,25.3,22.99,842957
2015-06-16,25.2,25.4,25.2,25.4,25.2,133708
2015-06-17,25.2,25.2,25.2,25.2,25.2,729364
2015-06-18,25.49,25.49,25.49,25.49,25.49,502574
2015-06-19,25.35,25.45,25.35,25.45,25.35,16694.5
2015-06-23,25.2,25.2,25.2,25.2,25.2,428400
2015-06-24,25.2,25.2,25.2,25.2,25.2,441000
2015-06-25,25.2,25.2,25.2,25.2,25.2,403200
2015-06-26,25,25.19,25,25.19,25,427383
2015-06-29,25,25.09,25,25.09,25,794829
2015-06-30,25.78,25.78,25.78,25.78,25.78,305875
2015-07-02,26.5,26.5,26.5,26.5,26.5,997103
2015-07-03,24,24.5,24,24.5,24,5287430
2015-07-06,22.9,25,22.9,25,22.9,6649910
2015-07-07,22.5,25.43,22.5,25.43,22.5,7754860
2015-07-08,24.5,25.2,24.5,25.2,24.5,14036200
2015-07-09,25,25.28,25,25.28,25,21392700
2015-07-10,23.05,25.99,23.05,25.99,23.05,29598300
2015-07-13,25.3,28.4,25.3,28.4,25.3,7656220
2015-07-14,25.6,28,25.6,28,25.6,9491590
2015-07-15,28.4,28.45,28.4,28.45,28.4,25804100
2015-07-16,28.03,28.03,28.03,28.03,28.03,17478600
2015-07-17,27.9,27.9,27.9,27.9,27.9,2672370
2015-07-20,27.88,27.89,27.88,27.89,27.88,1792530
2015-07-21,27.55,27.55,27.55,27.55,27.55,7355960
2015-07-22,27.29,27.29,27.29,27.29,27.29,2509430
2015-07-23,24.28,27.6,24.28,27.6,24.28,1406720
2015-07-24,27.5,27.5,27.5,27.5,27.5,2113210
2015-07-27,24.5,24.5,24.5,24.5,24.5,10215.5
2015-07-28,24.49,24.99,24.49,24.99,24.49,1569770
2015-07-29,26.93,26.93,26.93,26.93,26.93,2825710
2015-07-30,24,25.98,24,25.98,24,1684600
2015-07-31,24,24.5,24,24.5,24,616786
2015-08-03,22.05,25,22.05,25,22.05,654200
2015-08-04,25,25.9,25,25.9,25,125048
2015-08-05,21.39,24.74,21.39,24.74,21.39,385152
2015-08-06,21.2,25.3,21.2,25.3,21.2,71642.9
2015-08-07,25.5,25.5,25.5,25.5,25.5,40700
2015-08-10,27,27,27,27,27,42400
2015-08-12,25.5,25.5,25.5,25.5,25.5,335098
2015-08-13,25.45,25.45,25.45,25.45,25.45,233951
2015-08-14,25.3,25.45,25.3,25.45,25.3,656625
2015-08-17,22.73,26.69,22.73,26.69,22.73,774936
2015-08-18,25.1,25.1,25.1,25.1,25.1,50200
2015-08-19,27.49,27.49,27.49,27.49,27.49,379251
2015-08-20,25,25.65,25,25.65,25,847123
2015-08-21,25.5,25.8,25.5,25.8,25.5,230700
2015-08-24,25.6,25.6,25.6,25.6,25.6,413467
2015-08-25,24,25,24,25,24,567703
2015-08-26,25,25,25,25,25,587500
2015-08-27,25.45,25.45,25.45,25.45,25.45,39992.6
2015-08-28,24,24.5,24,24.5,24,656800
2015-08-31,24.5,24.5,24.5,24.5,24.5,646611
2015-09-01,25.25,25.25,25.25,25.25,25.25,399563
2015-09-02,24.7,24.7,24.7,24.7,24.7,1382.94
2015-09-07,24.5,24.6,24.5,24.6,24.5,386224
2015-09-08,24.6,24.6,24.6,24.6,24.6,649465
2015-09-09,25,25,25,25,25,2570.69
2015-09-10,24,24.9,24,24.9,24,681219
2015-09-11,24.5,24.7,24.5,24.7,24.5,668097
2015-09-14,24.8,24.8,24.8,24.8,24.8,414582
2015-09-15,24,24.2,24,24.2,24,528400
2015-09-16,24.5,24.5,24.5,24.5,24.5,1856650
2015-09-17,23,24.4,23,24.4,23,3280420
2015-09-18,24.4,24.4,24.4,24.4,24.4,5779800
2015-09-21,23,24,23,24,23,3340490
2015-09-22,23.8,23.85,23.8,23.85,23.8,4850880
2015-09-23,23.35,23.35,23.35,23.35,23.35,2575610
2015-09-24,23.2,23.2,23.2,23.2,23.2,1745630
2015-09-25,25,25.1,25,25.1,25,345136
2015-09-28,24.45,24.45,24.45,24.45,24.45,352211
2015-09-29,23.2,24.99,23.2,24.99,23.2,2639220
2015-09-30,23.2,26.96,23.2,26.96,23.2,1934210
2015-10-08,26.5,26.5,26.5,26.5,26.5,973813
2015-10-09,23,23.5,23,23.5,23,334071
2015-10-12,23.4,23.4,23.4,23.4,23.4,1489770
2015-10-13,23.3,23.3,23.3,23.3,23.3,1471260
2015-10-14,23.25,23.25,23.25,23.25,23.25,1830220
2015-10-15,23.13,23.15,23.13,23.15,23.13,1549190
2015-10-16,23.18,23.18,23.18,23.18,23.18,1314560
2015-10-19,23.11,23.11,23.11,23.11,23.11,1490960
2015-10-20,22.9,24.8,22.9,24.8,22.9,911926
2015-10-21,23.15,23.15,23.15,23.15,23.15,29076.4
2015-10-22,23.57,23.58,23.57,23.58,23.57,1165150
2015-10-23,23.2,23.2,23.2,23.2,23.2,1129620
2015-10-26,23.1,23.2,23.1,23.2,23.1,1055840
2015-10-27,23.15,23.15,23.15,23.15,23.15,1229510
2015-10-28,21,23.19,21,23.19,21,923576
2015-10-29,23.15,23.15,23.15,23.15,23.15,1308550
2015-10-30,21.21,23.05,21.21,23.05,21.21,1326310
2015-11-02,23.1,23.2,23.1,23.2,23.1,929816
2015-11-03,24.18,24.18,24.18,24.18,24.18,1069830
2015-11-04,23.1,23.1,23.1,23.1,23.1,985461
2015-11-05,23.25,23.25,23.25,23.25,23.25,408983
2015-11-06,23.16,23.16,23.16,23.16,23.16,841872
2015-11-09,23.13,23.13,23.13,23.13,23.13,22859.3
2015-11-10,20,22.55,20,22.55,20,2022.55
2015-11-11,22.3,22.3,22.3,22.3,22.3,20501.5
2015-11-12,22.55,22.55,22.55,22.55,22.55,22.55
2015-11-13,23.79,23.79,23.79,23.79,23.79,348476
2015-11-16,23.1,23.15,23.1,23.15,23.1,533652
2015-11-17,23,23.1,23,23.1,23,513518
2015-11-18,23.01,23.01,23.01,23.01,23.01,345150
2015-11-19,23.9,23.9,23.9,23.9,23.9,348685
2015-11-20,23.05,23.05,23.05,23.05,23.05,2451840
2015-11-23,23.1,23.1,23.1,23.1,23.1,1988030
2015-11-24,23.13,23.13,23.13,23.13,23.13,1443310
2015-11-25,23.73,23.73,23.73,23.73,23.73,720614
2015-11-26,23.2,23.2,23.2,23.2,23.2,232000
2015-11-27,23.11,23.11,23.11,23.11,23.11,233410
2015-11-30,23.11,23.11,23.11,23.11,23.11,244970
2015-12-01,23.05,23.05,23.05,23.05,23.05,677686
2015-12-02,23.01,23.01,23.01,23.01,23.01,698653
2015-12-03,23.05,23.05,23.05,23.05,23.05,351730
2015-12-04,22.18,22.18,22.18,22.18,22.18,271255
2015-12-07,22.5,22.5,22.5,22.5,22.5,247500
2015-12-08,22.95,22.95,22.95,22.95,22.95,359289
2015-12-09,22.96,22.96,22.96,22.96,22.96,376580
2015-12-10,23.2,23.2,23.2,23.2,23.2,239206
2015-12-14,22.8,23,22.8,22.95,22.95,621884
2015-12-15,23,23,23,23,23,374110
2015-12-16,22.81,22.81,22.81,22.81,22.81,228.1
2015-12-17,22.55,22.55,22.55,22.55,22.55,53925.1
2015-12-18,22.6,22.6,22.6,22.6,22.6,81589.4
2015-12-21,22.41,22.41,22.41,22.41,22.41,260122
2015-12-22,22.6,22.6,22.6,22.6,22.6,473793
2015-12-23,22.79,22.79,22.79,22.79,22.79,447942
2015-12-24,22.81,22.81,22.81,22.81,22.81,402676
2015-12-25,22.86,22.86,22.86,22.86,22.86,430634
2015-12-28,23.07,23.07,23.07,23.07,23.07,1395690
2015-12-29,22.24,22.24,22.24,22.24,22.24,868931
2015-12-30,23.08,23.08,23.08,23.08,23.08,1484730
2015-12-31,24.4,24.4,24.4,24.4,24.4,4457150
2016-01-04,22.6,22.6,22.6,22.6,22.6,81589.4
2016-01-05,21,21,21,21,21,225959
2016-01-06,23.08,23.08,23.08,23.08,23.08,503294
2016-01-07,23.7,23.7,23.7,23.7,23.7,192941
2016-01-08,23,23,23,23,23,230379
2016-01-11,22.5,23.2,22.5,23.7,22.67,195058
2016-01-12,23,23.01,22.8,22.89,22.87,281702
2016-01-13,22,23,22,22.9,22.74,228981
2016-01-14,23,23,22.8,22.8,22.83,960112
2016-01-15,22.7,22.9,22,22.8,22.54,1602400
2016-01-18,22,23.1,22,22.82,22.93,2034230
2016-01-19,22.8,22.95,22.75,22.81,22.82,2044560
2016-01-20,22.81,22.81,22.81,22.81,22.81,1940420
2016-01-21,22.64,22.64,22.64,22.64,22.64,1701840
2016-01-22,22.8,22.8,22.8,22.8,22.8,1696710
2016-01-25,22.5,22.5,22.5,22.5,22.5,896978
2016-01-26,22.31,22.31,22.31,22.31,22.31,515100
2016-01-27,22,22.51,22,22.51,22.13,17927.1
2016-01-28,22.2,22.5,22.2,22.4,22.35,132740
2016-01-29,22.2,22.2,22.2,22.2,22.2,44400
2016-02-01,22.25,22.5,22.25,22.46,22.44,247479
2016-02-02,23.3,23.34,22.3,23.4,23.21,736593
2016-02-03,23.45,23.5,22.6,23,23.31,372202
2016-02-04,23,23.5,21,21.4,23.25,608652
2016-02-05,23.46,23.5,23.46,23.5,23.5,305442
2016-02-15,23.05,23.05,23,23,23.05,132904
2016-02-16,23.5,23.5,23.5,23.5,23.5,84600
2016-02-17,23.5,23.5,23.1,23.41,23.4,4710360
2016-02-18,23.5,23.5,23.38,23.44,23.4,4959950
2016-02-19,23.45,23.47,23.45,23.46,23.46,4925700
2016-02-22,23.6,23.7,23.6,23.6,23.64,5177900
2016-02-23,24.43,24.43,22.75,23.4,23.34,4235280
2016-02-24,22.82,22.82,22.82,22.82,22.82,4254940
2016-02-25,22.8,23.5,22.8,23.36,23.34,4622960
2016-02-26,23.43,23.43,23.3,23.32,23.35,4715800
2016-02-29,23.6,23.6,23.4,23.45,23.52,4704000
2016-03-01,22.8,23,22.7,22.71,22.74,2574960
2016-03-02,23.49,23.5,22.6,22.68,22.73,3902690
2016-03-03,23,23,21.9,21.96,22.37,3945480
2016-03-04,22.9,22.9,21.6,22.06,21.99,191962
2016-03-07,22.06,22.2,22.06,22.2,22.14,162075
2016-03-08,22.5,22.5,21.59,22.25,21.85,354050
2016-03-09,22.25,23.2,21.6,22.29,22.76,1047000
2016-03-10,23.49,23.8,20.06,22.2,21.8,1295170
2016-03-11,22.25,22.35,21.5,22.32,21.95,630474
2016-03-14,23.15,23.15,21.6,22.12,21.88,1078660
2016-03-15,22.12,22.49,21.38,22.05,21.79,390620
2016-03-16,22.88,22.88,20.05,21.68,21.5,5108740
2016-03-17,22.4,22.4,21.5,21.98,21.66,32713.1
2016-03-18,22.5,22.5,22,22,22,671741
2016-03-21,22.8,22.8,21.8,22.05,22.12,1736650
2016-03-22,22.78,22.78,21.9,22.07,22.18,3266410
2016-03-23,22,21,21.9,22.1,22.02,883200
2016-03-24,22.5,22.5,21.7,22.05,22.15,1096890
2016-03-25,22.4,22.4,21.8,22.05,22.05,470899
2016-03-28,22.55,22.55,21.67,21.92,21.99,1112880
2016-03-29,22.59,22.59,21.71,21.73,21.74,458796
2016-03-30,21.75,22,21.7,21.9,21.9,1206990
2016-03-31,22.15,22.19,21.5,21.53,21.62,544212
2016-04-01,23.68,23.68,21.93,22.07,22.65,1254130
2016-04-05,23,23,21.6,21.95,21.82,55483.5
2016-04-06,22.8,23.2,21.6,21.95,22.93,1263510
2016-04-07,22.8,22,20.8,21.76,21.79,804927
2016-04-08,22.4,22.4,21.61,21.77,21.78,236411
2016-04-11,21.95,21.95,21.74,21.77,21.78,11759.7
2016-04-12,21.8,21.8,21.51,21.75,21.64,127629
2016-04-13,21.74,21.75,21.61,21.63,21.63,425813
2016-04-14,21.63,22.3,20,21.55,20.8,2055890
2016-04-15,21.35,21.39,21.3,21.3,21.35,21822.2
2016-04-18,21.58,21.58,20,20.01,20.23,1530030
2016-04-19,20.01,21,20.01,21,20.51,4101
2016-04-20,21.49,21.49,20.9,20.09,20.51,14873.4
2016-04-21,20.01,20.95,20,20.9,20.06,642993
2016-04-22,19.99,20.8,19.99,20.01,20.08,349375
2016-04-25,20.01,20.01,19,20,19.12,432061
2016-04-26,18,20,18,18.25,18.14,1741980
2016-04-27,18,18.99,18,18.99,18,12619
2016-04-28,16.64,19.5,16.64,18.49,17.48,1104660
2016-04-29,16.64,19.5,16.64,18.4,16.77,1450020
2016-05-03,18.4,18.4,16.56,17.14,16.78,1830260
2016-05-04,15.43,17,15.43,15.66,15.45,3935690
2016-05-05,14.09,17.21,14.09,16.6,14.21,1154720
2016-05-06,16.48,16.8,16.4,16.63,16.52,137597
2016-05-09,16.5,18.2,16.4,18,17.83,1287040
2016-05-10,17.95,17.99,16.5,17.6,17.16,898169
2016-05-11,17.3,17.35,16.8,17.25,17.23,1407750
2016-05-12,17.49,17.49,17,17.28,17.23,347502
2016-05-13,17.2,17.48,17.2,17.43,17.37,246746
2016-05-16,16,17.89,16,17.18,17.59,2447210
2016-05-17,17.98,17.98,17,17.24,17.27,152214
2016-05-18,16.5,17.26,16.5,17.15,17.18,341916
2016-05-19,17.15,17.15,16.9,16.97,17.01,488633
2016-05-20,16.2,17.1,16.15,16.31,16.3,438546
2016-05-23,15.6,16.5,15.1,15.78,15.28,1943960
2016-05-24,16.15,16.15,14.6,14.66,14.99,1360880
2016-05-25,15.8,16.13,14,15.73,15.73,35438.4
2016-05-26,16,16,15.5,15.64,15.64,423113
2016-05-27,16.3,16.3,15,15.5,15.22,762297
2016-05-30,15.6,15.6,15.38,15.39,15.39,392039
2016-05-31,14.81,15.6,14.81,15.33,15.17,500923
2016-06-01,15.76,15.76,15.49,15.5,15.54,323356
2016-06-02,15.3,15.74,15.3,15.58,15.52,789170
2016-06-03,16.5,16.5,15.62,16.28,15.84,569157
2016-06-06,15.5,16.66,15.5,16.61,16.43,858298
2016-06-07,15.7,16.5,15.1,16.5,15.64,473247
2016-06-08,15.78,17,15.79,15.79,16.77,934301
2016-06-13,16.5,16.5,15.8,15.83,15.83,498750
2016-06-14,15.7,16,15.7,16,15.7,228736
2016-06-15,16,16.8,16,16.49,16.22,291472
2016-06-16,16.5,16.5,15.99,16.07,16.07,49150.9
2016-06-17,16.7,16.7,16.02,16.02,16.02,64096.7
2016-06-20,16.12,16.5,16.12,16.42,16.39,157361
2016-06-21,16.5,16.6,16.5,16.58,16.55,686700
2016-06-22,16.6,16.6,16.5,16.51,16.5,56975.5
2016-06-23,16.5,16.65,16.65,16.56,16.55,134254
2016-06-24,16.4,16.65,15.7,16.07,16.2,110543
2016-06-27,15.05,16.7,15.05,16.67,16.65,11723.4
2016-06-28,16.51,16.6,16.51,16.6,16.56,57882.4
2016-06-29,16.7,16.8,16.61,16.61,16.74,95128.5
2016-06-30,16.65,16.7,16.5,16.7,16.52,51621.2
2016-07-01,16.7,16.89,16.7,16.81,16.76,270699
2016-07-04,16.6,16.7,16.55,16.6,16.6,1496460
2016-07-05,17.3,17.4,16.61,16.73,16.6,104828
2016-07-06,16.95,16.95,16,16.73,16.79,125288
2016-07-07,16.5,16.83,16.5,16.82,16.51,503427
2016-07-08,17.4,17.4,16.79,16.84,17.1,306154
2016-07-11,16.88,16.88,15.8,15.98,16.15,1124110
2016-07-12,15.2,15.2,14.9,14.98,15,2484680
2016-07-13,14.8,14.88,13.48,13.48,13.85,2525260
2016-07-14,12.13,12.13,12.13,12.13,12.13,404887
2016-07-15,10.92,10.92,10.92,10.92,10.92,976040
2016-07-18,10.81,10.81,10.81,10.81,10.81,1752140
2016-07-19,10.07,10.07,10.07,10.07,10.07,1704020
2016-07-20,10.59,10.59,10.59,10.59,10.59,794917
2016-07-21,10.48,10.48,10.48,10.48,10.48,226640
2016-07-22,10.38,11.53,10.38,10.38,10.59,6355200
2016-07-25,10.28,11.42,10.28,11.33,11.19,1830750
2016-07-26,12.46,12.46,12,12.46,12.46,578728
2016-07-27,13.71,13.71,13.71,13.71,13.71,4371200
2016-07-28,14.87,15.08,13.57,14.34,14.21,3691400
2016-07-29,14.2,14.2,14.2,14.2,14.2,1267790
2016-08-01,14.06,14.06,14.06,14.06,14.06,340350
2016-08-02,13.92,13.92,13.92,13.92,13.92,3814.08
2016-08-03,13.78,13.78,13.78,13.78,13.78,185451
2016-08-04,13.64,13.64,13.64,13.64,13.64,13053.5
2016-08-05,13.5,13.5,13.5,13.5,13.5,115668
2016-08-08,13.37,14.38,13.37,14.18,13.51,1011850
2016-08-09,14.04,15.49,14.04,14.78,14.08,600659
2016-08-10,14.63,14.63,14.63,14.63,14.63,87545.9
2016-08-11,14.8,14.8,14.8,14.8,14.8,115.84
2016-08-12,14.34,14.34,14.34,14.34,14.34,372.84
2016-08-15,14.2,14.2,14.2,14.2,14.2,284412
2016-08-16,14.06,14.54,14.06,16.6,14.96,508045
2016-08-17,13.92,14.17,13.92,14.09,14,660992
2016-08-18,13.95,14.48,13.95,14.23,14.26,599138
2016-08-19,15.6,15.6,14.3,14.58,14.61,164813
2016-08-22,14.3,14.85,14.43,14.81,14.68,276818
2016-08-23,15.79,15.82,14.66,14.99,15.05,886320
2016-08-24,15.4,15.87,14.84,15.09,15.34,581042
2016-08-25,15.79,16.49,14.94,14.94,15.5,1074220
2016-08-26,15.3,15.3,14.79,14.79,14.79,254729
2016-08-29,14.64,15,14.64,14.64,14.64,98322.8
2016-08-30,14.49,15.49,14.49,15.08,14.82,557725
2016-08-31,15.55,15.55,14.96,15.44,15.33,1272450
2016-09-01,15.29,16.36,15.29,15.44,15.34,641988
2016-09-02,15.14,15.14,15.14,15.14,15.14,5435.26
2016-09-05,15.7,16.1,14.99,14.99,15.54,612806
2016-09-06,14.87,15.36,14.84,14.85,14.87,92831.6
2016-09-07,15.05,15.34,14.7,14.87,14.87,427028
2016-09-08,15.58,15.58,14.72,14.72,14.72,281881
2016-09-09,15.74,15.74,14.98,15.1,15.29,157435
2016-09-12,15.56,15.7,14.95,15.28,15.28,305472
2016-09-13,15.13,15.5,15.13,15.6,15.28,61233
2016-09-14,15.5,15.73,15.25,15.7,15.57,458110
2016-09-19,16.58,16.58,15.54,15.63,16.18,562748
2016-09-20,15.47,15.99,15.47,15.85,15.54,533801
2016-09-21,16.54,16.54,15.96,16,15.82,42741.1
2016-09-22,16.48,16.48,15.84,15.85,16.41,393562
2016-09-23,15.69,16.3,15.69,16.21,15.86,543263
2016-09-26,16.05,16.62,16.05,16.6,16.24,344469
2016-09-27,16.43,16.75,16.43,16.69,16.61,497614
2016-09-28,16.53,16.75,16.52,16.7,16.66,341945
2016-09-29,17.89,17.89,16.53,16.68,16.67,104603
2016-09-30,16.51,16.69,16.51,16.69,16.52,59194.7
2016-10-10,16.69,16.69,16.52,16.67,16.6,245368
2016-10-11,16.5,16.8,16.5,16.79,16.62,100923
2016-10-12,16.85,16.85,16.62,16.62,16.62,805007
2016-10-13,16.45,16.68,16.45,16.68,16.45,97614.8
2016-10-14,16.51,16.51,16.51,16.51,16.51,53129.2
2016-10-17,16.35,16.35,16.35,16.35,16.35,1406.1
2016-10-18,16.83,16.83,16.3,16.4,16.76,1927.8
2016-10-19,16.88,16.88,16.24,16.26,16.26,8194.24
2016-10-20,16.5,16.5,16.1,16.1,16.11,13482.2
2016-10-21,16.7,16.7,15.94,15.94,15.96,7245.8
2016-10-24,16.2,16.2,15.78,15.78,15.78,20214.6
2016-10-25,16.79,16.79,15.62,15.71,15.69,3968.38
2016-10-26,15.55,15.55,15.55,15.55,15.55,13030.9
2016-10-27,15.39,16.99,15.39,16.99,15.42,18009.1
2016-10-28,16.82,16.82,16.82,16.82,16.82,336.4
2016-10-31,16.65,16.65,16.65,16.65,16.65,16.65
2016-11-01,16.48,16.48,16.48,16.48,16.48,13447.7
2016-11-02,16.32,16.32,16.32,16.32,16.32,10069.4
2016-11-03,16.16,16.16,16.16,16.16,16.16,3361.28
2016-11-04,16,16,16,16,16,71344
2016-11-07,15.84,16,15.84,15.84,15.86,46186.9
2016-11-08,16.15,16.15,15.68,15.68,16.15,2535.08
2016-11-09,17.25,17.25,15.52,16.49,16.28,25423
2016-11-10,16.33,16.33,16.33,16.33,16.33,66348.8
2016-11-11,16.17,16.17,16.17,16.17,16.17,41411.4
2016-11-14,17.65,17.65,16.17,16.49,16.22,208589
2016-11-15,16.34,16.97,16.33,16.93,16.54,199146
2016-11-16,17.5,17.5,16.76,16.76,16.88,194563
2016-11-17,16.59,17.14,16.59,17.14,16.61,21129
2016-11-18,16.97,16.97,16.97,16.97,16.97,58529.5
2016-11-21,18.4,18.4,16.8,17.05,17.23,211102
2016-11-22,18.17,18.17,16.88,16.88,16.93,23730.1
2016-11-23,18,18,16.71,16.72,16.85,244871
2016-11-24,17.97,17.97,16.55,16.55,16.68,68986.4
2016-11-25,17.05,17.05,16.38,16.55,16.55,165616
2016-11-28,17.09,18.1,16.38,17.69,17.02,291866
2016-11-29,18.05,18.17,17.53,17.96,17.88,82475.2
2016-11-30,17.78,17.97,17.78,17.88,17.78,98035.4
2016-12-01,18.3,18.3,17.7,18,17.91,6877.37
2016-12-02,19.2,19.2,17.82,18.55,18.5,251838
2016-12-05,20.11,20.32,18.36,19.2,19.17,238134
2016-12-06,19.6,19.6,19.01,19.2,19.01,238134
2016-12-07,18.82,18.82,18.82,18.82,18.82,640275
2016-12-08,19.16,19.16,18.63,18.63,18.63,55555.2
2016-12-09,18.44,18.44,18.44,18.44,18.44,31403.3
2016-12-12,20.05,20.28,18.26,19.81,19,284126
2016-12-13,19.61,19.61,19.61,19.61,19.61,125190
2016-12-14,19.41,19.41,19.41,19.41,19.41,25757.1
2016-12-26,21.08,21.08,17.47,18.75,18.17,12190
2016-12-27,19.1,19.68,19.02,19.4,19.07,22048.8
2016-12-28,21.34,21.34,18,19.68,18.17,36073.2
2016-12-29,18.4,19.5,18.35,19.06,18.46,35368.3
2016-12-30,20,20,18.55,19.84,19.28,169593
2017-01-03,21.8,21.8,18.05,19.44,18.9,18573.8
2017-01-04,19.5,19.5,18.55,19.41,18.77,63245.6
2017-01-05,19.41,19.41,18.5,18.6,18.67,145039
2017-01-06,18.32,18.91,18.32,18.91,18.4,58754.8
2017-01-09,18.02,19.39,18.02,18.52,18.52,203776
2017-01-10,17.2,19,17.2,18.94,17.71,267482
2017-01-11,19.29,19.29,18.06,18.79,18.07,336749
2017-01-12,19.26,19.26,18.31,18.87,18.52,340161
2017-01-13,19.49,19.49,18.32,18.7,18.32,360144
2017-01-16,20.57,20.57,16.92,18.5,17.73,373987
2017-01-17,20.1,20.35,18.2,18.5,19.46,298720
2017-01-18,16.72,20.35,16.72,18.49,17.43,360593
2017-01-19,19.2,19.2,17.95,18.29,18.29,61309.8
2017-01-20,19.88,19.88,17.9,18.29,19.36,263454
2017-01-23,18.5,18.5,18.5,18.5,18.5,129.5
2017-01-24,19.34,19.34,17.51,17.63,17.63,951.75
2017-01-25,18.68,18.68,18.68,18.68,18.68,93.4
2017-01-26,17.5,18.95,17.5,18.95,18.04,288.7
2017-02-03,17.51,18,17.51,18,18,177.55
2017-02-06,18,18.52,17.8,18.33,18.09,30900.7
2017-02-07,18.4,18.4,17.98,18.03,18.03,18501.9
2017-02-08,18,18.05,17.89,17.9,17.97,6144.61
2017-02-09,18.4,18.4,17.9,18.15,18.15,18186
2017-02-10,19.97,19.97,17.3,17.95,18.15,6769.93
2017-02-13,17.4,18.1,17,17.29,17.45,10031.2
2017-02-14,17.29,19,17.29,17.44,17.44,11338.3
2017-02-15,17.8,18.2,17.72,17.63,17.66,6146.68
2017-02-16,17.5,17.61,17.5,17.58,17.55,11441.6
2017-02-17,19.29,19.29,17.5,17.52,17.62,26552.2
2017-02-20,17.7,17.9,17.45,17.89,17.67,18920.8
2017-02-21,17.45,17.88,17.45,17.83,17.83,8647.3
2017-02-22,18.15,18.15,17.28,19.97,17.46,19175.8
2017-02-23,18.78,18.78,17.78,17.63,16.5,34113.9
2017-02-24,17.68,17.68,17.68,17.68,17.68,10696.4
2017-02-27,17.61,17.65,17.6,17.65,17.61,616.45
2017-02-28,18.18,18.18,16.7,17.44,16.91,20084.1
2017-03-01,16.6,17.48,16.6,17.48,17.14,2502.16
2017-03-02,17.68,17.68,16.8,17.48,16.98,14159.8
2017-03-03,18.39,18.39,16.9,17.21,16.96,36611.8
2017-03-06,17.99,17.99,16,16.8,16.74,73689.4
2017-03-07,18.48,18.48,17.7,17.72,17.72,903.48
2017-03-08,19.49,19.49,19.49,17.4,17.48,15697.8
2017-03-09,18.98,18.98,16.61,18,16.67,55301
2017-03-10,16.61,18.28,16.6,17.34,16.77,14289.6
2017-03-13,17.67,17.67,16.8,17.26,17,209189
2017-03-14,16,17.56,16,17.29,16.95,17406
2017-03-15,19,19,17,17.32,17.55,89001.4
2017-03-16,18.66,18.66,16.95,18,17.57,67038.7
2017-03-17,19.68,19.68,17.3,17.3,17.51,190028
2017-03-20,19,19.03,16.9,17.35,17.25,232857
2017-03-21,18.9,18.9,17,17.31,17.35,206790
2017-03-22,17.31,17.48,17,17,17.08,475899
2017-03-23,18.49,18.49,16.76,16.86,17.5,697863
2017-03-24,15.8,18.05,15.21,16.7,16.09,402167
2017-03-27,15.5,17.04,15.6,16.99,16.94,229387
2017-03-28,15.8,17.05,15.3,16.93,15.99,354286
2017-03-29,16.5,16.96,16.2,16.54,16.54,206775
2017-03-30,16.54,17.03,15.3,16.95,16.52,597261
2017-03-31,18.3,18.3,16.12,16.6,16.96,343192
2017-04-05,17.9,17.9,16.5,16.55,17.82,167152
2017-04-06,15.5,16.55,15.55,16.55,16.1,179145
2017-04-07,17,17,16.01,16.03,16.58,637564
2017-04-10,16.2,16.48,16,16,16.12,184093
2017-04-11,16,16.19,15.51,15.89,15.95,551255
2017-04-12,15.7,15.7,14.6,15.3,15.01,1399910
2017-04-13,15.2,15.2,14.51,14.81,14.68,1734200
2017-04-14,15,15,13.5,14.59,14.13,709297
2017-04-17,15.95,15.95,14.5,15.25,14.68,760242
2017-04-18,15.66,15.66,14.6,15.34,15.15,1764940
2017-04-19,15.48,15.87,15.48,15.52,15.64,1056590
2017-04-20,15.36,15.6,15.36,15.54,15.45,328409
2017-04-21,15.04,16.08,15.04,15.9,15.91,2013150
2017-04-24,17.33,17.33,15.61,16.08,15.91,2013150
2017-04-25,16.9,16.94,16.09,16.77,16.59,756247
2017-04-26,15.1,17.8,15.1,16.96,16.62,223492
2017-04-27,15.51,17,15.15,16.54,15.61,1269650
2017-04-28,15.5,17.99,15.55,16.29,16.22,576583
2017-05-02,17.29,17.29,16.1,16.12,16.3,149882
2017-05-03,15.5,17.18,14.51,15.84,15.75,473120
2017-05-04,15.8,16.7,14.5,16.21,15.41,3220080
2017-05-05,16.47,16.47,16,16.2,16.22,2079970
2017-05-08,16.88,16.88,16.2,16.29,16.56,838120
2017-05-09,16.77,16.77,16.34,16.5,16.77,628366
2017-05-10,16.89,16.89,16.19,16.48,16.48,1088370
2017-05-11,16.7,16.7,16.2,16.23,16.39,804894
2017-05-12,16.39,16.5,16.3,16.34,16.4,1841540
2017-05-15,16.4,16.41,16.32,16.33,16.36,785073
2017-05-16,15.5,16.4,15.5,16.37,15.85,1471030
2017-05-17,16.45,16.46,16.32,16.4,16.4,3805340
2017-05-18,16.11,16.55,16.11,16.48,16.48,4107410
2017-05-19,16,16.9,16.46,16.85,16.23,419092
2017-05-22,17.3,17.79,16.5,16.91,16.91,1765610
2017-05-23,15.71,17,15.71,16.91,16.91,1553740
2017-05-24,17.15,17.15,16.67,16.84,16.94,544594
2017-05-25,16.5,17.08,15.81,16.92,16.92,1906480
2017-05-26,16.9,16.9,16.48,16.7,16.72,1813850
2017-05-31,16.5,16.73,16.5,16.71,16.71,665618
2017-06-01,16.75,17,16.51,16.63,16.63,978806
2017-06-02,16.46,16.5,16.2,16.28,16.28,266621
2017-06-05,16.74,16.74,16.11,16.11,16.11,888309
2017-06-06,16,16.15,15.5,16.09,16.09,1656560
2017-06-07,16.98,16.98,15.6,15.78,15.78,1018050
2017-06-08,15.56,16.4,15.46,15.81,15.81,386365
2017-06-09,15.5,15.95,15.5,15.85,15.85,454831
2017-06-12,16.47,16.47,15.5,15.94,15.94,1834380
2017-06-13,15.5,16.76,15.42,15.46,15.46,2572920
2017-06-14,16.5,16.5,14,15.65,15.65,1479850
2017-06-15,15.65,15.88,15.55,15.64,15.64,1796150
2017-06-16,14.1,15.98,14.1,15.65,15.65,3282200
2017-06-19,16.39,16.39,15.41,15.6,15.6,2241890
2017-06-20,14.08,15.6,14.08,15.4,15.4,2334300
2017-06-21,15.19,15.55,15.01,15.33,15.33,2440130
2017-06-22,14.25,16.21,14,14.71,14.71,3727920
2017-06-23,14.99,14.99,14.3,14.36,14.36,3330720
2017-06-26,14.4,14.5,13.9,13.9,13.9,2418340
2017-06-27,12.51,14.19,12.51,13.99,13.99,1964710
2017-06-28,13.99,13.99,13.32,13.68,13.68,2410520
2017-06-29,13.8,13.8,13.25,13.44,13.44,2144540
2017-06-30,13.5,13.7,13.5,13.58,13.58,1850810
2017-07-03,13.5,13.78,13.41,13.67,13.67,1494700
2017-07-04,13.67,14.5,13.67,14.07,14.07,1690610
2017-07-05,14.1,14.34,13.65,13.95,13.95,4756140
2017-07-06,13.61,14.38,13.6,14,14,2091380
2017-07-07,14.2,14.2,13.96,14,14,1405010
2017-07-10,13.11,14.54,13.11,13.92,13.92,798789
2017-07-11,13.5,14,13.5,14,14,2413330
2017-07-12,13.1,13.97,13.02,13.8,13.8,4099340
2017-07-13,13.95,13.96,13.85,13.91,13.91,7381030
2017-07-14,13.21,13.99,13.21,13.9,13.9,2502350
2017-07-17,13.95,13.97,13.45,13.88,13.88,2451090
2017-07-18,13.51,13.95,13.3,13.65,13.65,2049040
2017-07-19,13.85,13.85,12.99,13.19,13.19,5489590
2017-07-20,12.62,13.33,12.41,12.88,13.19,846222
2017-07-21,13.7,13.7,12.68,13.45,13.45,4619140
2017-07-24,13.3,13.8,13.01,13.48,13.48,8379340
2017-07-25,12.55,13.4,12.55,13.22,13.22,2594800
2017-07-26,13,13.75,13,13.32,13.32,5074310
2017-07-27,13.4,13.44,13.28,13.31,13.31,5437540
2017-07-28,12.85,13.31,12.35,13.11,13.11,4014570
2017-07-31,13.89,13.89,12.75,13.01,13.01,6506760
2017-08-01,12.5,13.18,12,12.28,12.28,1566680
2017-08-02,12.3,13.2,11.5,11.56,11.56,2000810
2017-08-03,11.5,12.34,12,11.26,12,778993
2017-08-04,12.23,12.23,12.23,12.23,12.23,382001
2017-08-07,12.78,12.78,11.81,12.29,12.23,12353.8
2017-08-08,12.69,12.69,12.02,12.41,12.41,111634
2017-08-09,12.21,12.43,12.2,12.43,12.43,11345.8
2017-08-10,12.69,12.69,12.39,12.4,12.4,5677.29
2017-08-11,12.78,12.8,12.49,12.56,12.56,35865
2017-08-14,12.87,12.87,12.2,12.83,12.83,80909.7
2017-08-15,12.98,12.98,12.2,12.45,12.45,40030.2
2017-08-16,12.02,12.5,12.02,12.23,12.23,19584.8
2017-08-17,12.28,12.64,12.28,12.3,12.3,772240
2017-08-18,12.8,12.8,12.27,12.39,12.39,3021.98
2017-08-21,12.27,12.5,12.26,12.31,12.31,14176.5
2017-08-22,12.51,12.74,12.42,12.51,12.51,1313.42
2017-08-23,13.5,13.5,12.6,12.7,12.6,13014.3
2017-08-24,11.5,13.5,11.5,13.39,13.39,8568
2017-08-25,12.4,13.17,12.4,12.71,12.71,3900.06
2017-08-28,12.97,12.97,12.61,12.61,12.61,13412.1
2017-08-29,12.4,12.89,12.4,12.63,12.63,176.64
2017-08-30,13.89,13.89,12.6,12.74,12.74,38858
2017-08-31,13.78,13.78,12.75,12.76,12.76,7003.56
2017-09-01,12.4,13.3,12.3,12.97,12.97,73770.2
2017-09-04,11.68,14.27,11.68,12.76,12.76,8979.88
2017-09-05,13.2,13.2,12.51,12.93,12.93,1469960
2017-09-06,12.95,13.08,12.82,12.94,12.94,5321.28
2017-09-07,12.65,13.32,12.65,12.87,12.87,1219900
2017-09-08,14.16,14.16,12.81,12.88,12.88,1308270
2017-09-11,13.83,13.83,12.72,13.17,13.17,1082100
2017-09-12,13.18,13.3,12.96,13.01,13.01,1059220
2017-09-13,12.89,13.2,12.89,13.2,13.2,1330100
2017-09-14,14.49,14.49,12.9,13.1,13.1,838494
2017-09-15,13.28,13.5,13.02,13.08,13.08,1010410
2017-09-18,13.33,13.33,13.1,13.1,13.1,1611.73
2017-09-19,13.48,13.48,13.01,13.48,13.48,2691.68
2017-09-20,13.29,13.3,13.01,13.01,13.01,6156.52
2017-09-21,13.29,13.3,13.08,13.08,13.08,8936.49
2017-09-22,13.38,13.38,13.05,13.05,13.05,78.63
2017-09-25,13.39,13.39,13.2,13.3,13.3,14567
2017-09-26,14.6,14.6,13.21,13.25,13.25,74754.8
2017-09-27,11.93,13.69,11.93,13.25,13.25,5547.87
2017-09-28,12,14.37,12,13.5,13.5,1488540
2017-09-29,13.87,13.88,13.8,13.81,13.81,5592.27
2017-10-09,15.18,15.18,13.48,13.51,13.51,437.91
2017-10-10,12.18,14.39,12.18,12.18,12.18,219268
2017-10-11,12.18,13.4,12,13.4,13.4,145550
2017-10-12,13.4,14.39,13.4,13.71,13.71,655641
2017-10-13,14.77,14.77,13.9,14.61,14.61,15974.9
2017-10-16,15.79,15.79,13.93,13.93,13.93,1235.66
2017-10-17,13.94,15,13.94,14.3,14.3,7213.91
2017-10-18,15.29,15.29,13.94,13.94,13.94,1583.99
2017-10-19,14.99,14.99,13.13,14.35,14.35,15569.3
2017-10-20,14.92,14.92,13.71,13.73,13.73,111.82
2017-10-23,13.56,14.49,13.56,13.69,13.69,385.12
2017-10-24,13.71,14.13,13.68,13.69,13.69,88734.7
2017-10-25,14.59,14.59,13.75,13.82,13.82,104955
2017-10-26,14.59,14.59,13.36,13.62,13.62,481695
2017-10-27,14.88,14.88,13.84,13.84,13.84,42156.1
2017-10-30,13.84,14.44,13.5,13.76,13.76,476143
2017-10-31,14.78,14.78,13.9,13.96,13.96,71710.9
2017-11-01,15.13,15.13,14.01,14.02,14.02,157194
2017-11-02,13.9,14.96,13.9,14.27,14.27,687728
2017-11-03,15.58,15.58,14.04,14.25,14.25,134989
2017-11-06,14.46,14.46,14.27,14.39,14.39,251066
2017-11-07,14.25,15.39,14.25,14.7,14.79,1820910
2017-11-08,16.24,16.24,14.55,14.72,14.72,898518
2017-11-09,15.69,15.69,14.73,15.05,15.05,510166
2017-11-10,16.28,16.28,14.9,15.94,15.03,331531
2017-11-13,17.48,17.48,15.9,16.19,16.19,899647
2017-11-14,16.55,16.55,15.85,16.2,16.2,874930
2017-11-15,15.8,16.46,15.8,15.99,15.99,259090
2017-11-16,15.9,16.37,15.67,16.01,16.01,3878580
2017-11-17,16.6,16.6,15.81,16.02,16.02,205069
2017-11-20,16.5,16.5,15.88,15.95,15.95,159154
2017-11-21,16.2,16.2,15.68,15.7,15.7,97920.8
2017-11-22,15.95,15.95,14.9,15.1,15.1,431518
2017-11-23,13.61,16.18,13.61,15.36,15.36,27843.2
2017-11-24,15.64,15.64,15.02,15.27,15.27,123500
2017-11-27,15.68,15.68,14.9,14.93,14.93,211588
2017-11-28,14.95,15.2,14.91,15.14,15.14,122463
2017-11-29,15.76,15.76,14.85,14.98,14.98,118146
2017-11-30,14.8,15.43,14.8,14.88,14.88,98239.2
2017-12-01,14.8,15.43,14.8,14.88,14.95,498636
2017-12-04,15.68,15.68,14.91,15.33,15.33,132714
2017-12-05,15.79,15.79,15.03,15.26,15.26,231984
2017-12-06,15.1,15.49,15.1,15.17,15.17,60989.4
2017-12-07,15.45,15.45,15.15,15.19,15.45,99647.9
2017-12-08,15.69,15.69,15.69,15.16,15.1,149140
2017-12-11,15.16,15.98,15.16,15.33,15.33,70667.3
2017-12-12,15.58,15.58,15.1,15.49,15.49,568743
2017-12-13,15.46,15.47,15.16,15.24,15.24,552291
2017-12-14,15.48,15.48,15.1,15.21,15.21,295943
2017-12-15,15.88,15.88,15.1,15.19,15.19,182388
2017-12-18,14.51,15.47,14.51,15.05,15.05,87375.6
2017-12-19,15.43,15.5,15.1,15.19,15.19,550242
2017-12-20,16.08,16.08,15.3,15.32,15.32,336465
2017-12-21,15.95,15.95,15.25,15.38,15.38,166596
2017-12-22,16.6,16.6,15.31,15.45,15.45,340435
2017-12-25,15.75,15.75,15.28,15.6,15.6,112889
2017-12-26,15.69,15.74,15.5,15.62,15.62,237200
2017-12-27,16.04,16.04,15.48,15.63,15.63,284273
2017-12-28,14.14,15.17,14.14,15.52,15.52,212532
2017-12-29,15.96,15.96,15.3,15.68,15.68,185214
2018-01-02,15.58,15.58,15.2,15.23,15.23,9598.68
2018-01-03,15.4,15.4,15.11,15.29,15.29,44144.7
2018-01-04,13.81,15.39,13.81,15.02,15.02,16609.1
2018-01-05,13.6,15.39,13.6,14.7,14.7,120422
2018-01-08,13.24,15.59,13.24,15.01,15.01,843099
2018-01-09,15.88,15.88,14.82,15.29,15.29,1030.33
2018-01-10,14.51,15.69,14.51,15.42,15.42,14705.7
2018-01-11,15.91,15.91,14.76,15.3,15.3,10860.7
2018-01-12,15.33,15.33,15.33,15.33,15.33,2273.09
2018-01-15,15.99,15.99,14.6,15.33,15.33,2273.09
2018-01-16,15.98,15.98,14.96,15.34,15.34,23237.9
2018-01-17,15.35,15.35,14.71,14.76,14.76,47358.3
2018-01-18,15.35,15.35,14.75,14.75,14.98,66780.2
2018-01-19,13.6,16.16,13.6,14.95,14.95,60009.9
2018-01-22,14.5,15.9,14.5,15.14,15.14,15834
2018-01-23,16.55,16.55,15.07,16.55,15.07,50593.6
2018-01-24,15.04,15.04,15.04,14.99,14.32,458.43
2018-01-25,16.48,16.48,14.01,14.99,14.99,11990.5
2018-01-26,14.98,14.99,14.53,14.57,14.57,174128
2018-01-29,15,15,14.7,14.93,14.93,342410
2018-01-30,15.96,15.96,14.5,15.44,15.44,10306.2
2018-01-31,14.1,15.2,14.1,15.14,15.14,1102030
2018-02-01,15.86,15.86,14.69,14.85,14.85,807251
2018-02-02,15.28,15.28,14.7,14.97,14.97,447678
2018-02-05,16.43,16.43,14.64,14.64,14.64,179.57
2018-02-06,13.42,15.18,13.42,14.9,14.9,190.7
2018-02-07,15.6,15.6,14.3,14.93,14.93,213209
2018-02-08,14.99,14.99,14.99,14.99,14.99,1004.33
2018-02-09,15.55,15.55,14.65,15.02,15.02,134.95
2018-02-12,14.98,14.98,14.3,14.4,14.4,7229.28
2018-02-13,15.15,15.44,14.08,14.15,14.15,2572.48
2018-02-14,14.2,15.29,14.2,15.29,15.29,176.94
2018-02-22,16,16.7,16,16.35,16.35,32.7
2018-02-23,15.88,15.88,14.72,14.72,14.72,2345.06
2018-02-26,15.16,15.16,14.12,14.3,14.3,2888.76
2018-02-27,15.43,15.43,14.21,14.84,14.84,30390.1
2018-02-28,15.94,15.94,14.25,14.99,14.99,163.83
2018-03-01,15.22,15.22,14.01,14.07,14.07,483.76
2018-03-02,14.4,15.27,14.1,14.99,14.99,7469.69
2018-03-05,16.18,16.18,14.97,14.98,14.98,21187.9
2018-03-06,16.45,16.45,14.21,15.09,15.09,60.34
2018-03-07,14.99,14.99,14.35,14.86,14.86,26863.5
2018-03-08,14.85,14.85,14.4,14.84,14.84,9684
2018-03-09,15.88,15.88,14.1,15.46,15.46,2286330
2018-03-12,16.3,16.3,14.21,14.95,14.95,11736.7
2018-03-13,14.98,14.98,14.79,14.8,14.8,185598
2018-03-14,15.48,15.48,14.4,14.98,14.98,2193.86
2018-03-16,14.99,14.99,14.5,14.98,14.98,6039.79
2018-03-19,14.88,14.97,14.7,14.86,14.86,22722.4
2018-03-20,14.8,14.8,14.3,14.78,14.78,31870.7
2018-03-21,15.49,15.49,14.99,15.19,15.19,35639.2
2018-03-22,15.55,15.55,15.5,15.51,15.51,62.05
2018-03-23,14.3,16.7,14.3,14.95,14.95,70867
2018-03-26,15.75,15.75,14.5,15.24,15.24,11142
2018-03-27,14.8,15.26,14.6,14.94,14.94,22355.8
2018-03-28,14.7,15.18,14.5,15.17,15.17,951421
2018-03-29,14.4,15.43,14.4,15.11,15.11,525.71
2018-03-30,13.61,15.58,13.6,14.89,14.89,58478.2
2018-04-02,13.6,15.95,13.6,15.25,15.25,23235.7
2018-04-03,14.9,15.98,14.9,15.6,15.48,33430.3
2018-04-04,14.9,15.98,14.9,15.6,15.6,200213
2018-04-09,14.1,15.85,14.1,15.76,15.76,485102
2018-04-10,15.5,15.75,15.3,15.7,15.7,56105
2018-04-11,15.5,17.25,15,15.07,15.07,394.71
2018-04-12,14.6,16.49,14.6,15.5,15.5,1483900
2018-04-13,16.49,16.49,15.03,15.74,15.74,61249
2018-04-16,17.29,17.29,14.65,14.72,14.72,122.83
2018-04-17,15.75,15.75,15.2,15.45,15.75,113707
2018-04-18,15.45,15.47,15.1,15.47,15.47,59823.1
2018-04-19,16.95,16.95,15.25,15.99,15.99,191198
2018-04-20,16,16,15.25,15.49,15.49,88475.5
2018-04-23,15.97,15.97,15,15.54,15.54,1080550
2018-04-24,16.3,16.3,15.15,15.58,15.58,45965.6
2018-04-25,16.3,16.3,15.3,15.57,15.57,39661.6
2018-04-26,15,16,15,15.66,15.66,207040
2018-04-27,16.99,16.99,15.21,15.53,15.53,401916
2018-05-02,17,17,15.35,16,16,92417.1
2018-05-03,15,16.49,15,15.96,15.96,746098
2018-05-04,16.37,17.4,15.31,15.8,15.8,18702.3
2018-05-07,16.19,16.19,15.2,15.65,15.65,148207
2018-05-08,15.3,15.6,15.3,15.6,15.6,156358
2018-05-09,15.8,15.8,15.3,15.55,15.55,217666
2018-05-10,16.3,16.3,15.32,15.58,15.58,93140.3
2018-05-11,15.7,15.7,15.38,15.64,15.64,168347
2018-05-14,15.68,15.68,15.4,15.56,15.56,167419
2018-05-15,16,16,15.1,15.56,15.56,340157
2018-05-16,15.35,15.59,15.35,15.35,15.57,358431
2018-05-17,15.6,15.65,15.45,15.59,15.45,242386
2018-05-18,16.5,16.5,15.44,15.47,15.47,269242
2018-05-21,16.5,16.5,15.45,15.5,15.5,130779
2018-05-22,17,17,15.35,15.49,15.49,165482
2018-05-23,15.6,15.6,15.48,15.55,15.55,562930
2018-05-24,15.88,16.3,15.55,16.1,15.94,532972
2018-05-28,16.9,17.9,15.88,16.82,17.26,560149
2018-05-29,16.66,17.1,16.5,16.97,16.97,3801230
2018-05-30,16.02,17.39,16.02,17.39,16.89,578817
2018-05-31,16.65,17,16.65,17,16.74,227271
2018-06-01,16.97,16.97,15.35,16.75,16.97,3427630
2018-06-04,17,17,16.55,16.94,16.94,12626.7
2018-06-05,17.29,17.29,16.49,16.88,16.74,340962
2018-06-06,18.57,18.57,16,16.57,16.56,217857
2018-06-07,17,17,15.4,16.61,16.63,238608
2018-06-08,18.2,18.2,15.11,16.76,16.8,307234
2018-06-11,17.5,17.5,16.2,16.57,16.63,388933
2018-06-12,16.57,17,15.01,16.5,16.38,2182560
2018-06-13,16.86,16.86,15.78,16.48,16.35,965641
2018-06-14,16.75,16.75,16.27,16.5,16.46,155075
2018-06-15,16.99,17.2,16.3,16.7,16.79,2569820
2018-06-19,16.88,17.1,15.6,16.8,16.87,561256
2018-06-20,17,17,16.4,16.7,16.86,175935
2018-06-21,16.79,16.8,16.35,16.74,16.79,180936
2018-06-22,17,17,16.5,16.71,16.89,2250740
2018-06-25,16.79,16.8,16.58,16.8,16.75,2488370
2018-06-26,16,17.09,16,16.85,16.47,599792
2018-06-27,16.85,16.85,16.51,16.85,16.83,1354590
2018-06-28,17.8,17.8,16.7,16.85,16.81,673598
2018-06-29,16.5,17,16.5,17,16.8,1544690
2018-07-02,18.2,18.2,16.6,17.05,17.99,369102
2018-07-03,17,18,16.5,17.29,17.29,2271890
2018-07-04,16.66,17.49,15.8,16.83,16.83,546336
2018-07-05,16.83,17.5,16,17.45,17.45,2014050
2018-07-06,18.99,17.09,17.09,17.68,17.68,529273
2018-07-09,17.85,18.48,17.5,18.15,17.97,1054110
2018-07-10,17.52,18.97,17.52,18.74,18.36,904589
2018-07-11,17.79,19.2,17.79,19.19,18.7,798032
2018-07-12,18.22,19.48,18.22,19.24,18.79,479263
2018-07-13,20.33,20.6,18.7,20.22,19.9,928602
2018-07-16,19,20.99,19,19.32,19.99,20385.9
2018-07-17,20,21,18.01,19.32,19.6,958424
2018-07-18,20.09,20.97,19.5,20,20.15,914207
2018-07-19,18.22,20.6,18.22,20.13,19.63,523459
2018-07-20,20.98,20.98,19.5,20.06,20.06,729540
2018-07-23,20.89,20.89,19.01,20.46,20.46,1411020
2018-07-24,22.42,22.42,20.15,20.79,20.66,1450350
2018-07-25,21,22.87,20.9,21.85,21.85,5677880
2018-07-26,20.03,24,20.03,22.93,22.18,1474690
2018-07-27,21.8,24.45,20.85,23,21.87,3905560
2018-07-30,23,24.4,22.52,24.4,23.6,2733020
2018-07-31,26,26,24.01,24.56,24.5,1353340
2018-08-01,23.37,26.8,22.6,25.38,24.84,2696640
2018-08-02,26.2,26.5,24.61,25.09,25.31,2063150
2018-08-03,26,27.3,24.6,25.03,27.3,2576360
2018-08-06,26.5,26.5,24.45,25.65,25.43,2900180
2018-08-07,25.65,27.55,25.65,27.5,26.44,10963000
2018-08-08,26.1,28.43,26.1,28.15,28.06,4716850
2018-08-09,27,30.97,25.5,29,29,2516970
2018-08-10,29.3,29.88,29.29,29.7,29.7,6647170
2018-08-13,29,29.95,28.1,28.82,28.82,5474350
2018-08-14,28.82,29.5,28,29.3,28.94,3576610
2018-08-15,28,29.76,26.92,29.3,29.3,3223880
2018-08-16,28.5,29.8,28.13,29.31,28.98,2888400
2018-08-17,28.6,29.35,28.6,29.35,29.35,2699170
2018-08-20,28.33,29.05,28.33,28.64,28.91,1544430
2018-08-21,26.5,28.03,26.5,27.35,27.14,2250950
2018-08-22,29.1,29.1,27.29,27.66,27.66,2092800
2018-08-23,26.5,28.98,26.5,27.55,27.55,2885140
2018-08-24,26.88,28.99,27.18,27.58,27.58,4250340
2018-08-27,28.38,28.38,27.27,27.31,27.31,7219620
2018-08-28,27.01,28.13,24.65,26.7,26.7,8867490
2018-08-29,27.2,27.47,26.01,27.18,27.18,5319730
2018-08-30,28.5,29.12,26.02,26.85,26.85,4555260
2018-08-31,27,27.8,26.26,27.78,27.78,2484750
2018-09-03,26.6,28.3,26.5,27.39,27.39,8290680
2018-09-04,28,28,26.5,27.3,27.3,2858870
2018-09-05,27.78,27.78,26.6,27.35,27.35,276052
2018-09-06,27.49,27.72,25.02,27.48,27.48,749093
2018-09-07,27.99,27.99,26.36,27.2,27.2,1662530
2018-09-10,24.48,27.4,24.48,27.17,27.17,882823
2018-09-11,27.3,28.88,24.62,27.73,27.73,356710
2018-09-12,25.11,27.98,25.11,27.08,27.08,10556.4
2018-09-13,25.35,27.7,24.73,27.43,27.43,656509
2018-09-14,28.9,28.9,27.58,29.75,29.75,368052
2018-09-17,31,31,26.8,28.88,28.88,116734
2018-09-18,29,29,26.06,28.9,28.9,75671.9
2018-09-19,28,28,26.5,27.48,27.48,1448.42
2018-09-20,28.88,28.88,27,28.48,28.48,71304.2
2018-09-21,31.33,31.33,27.16,27.3,27.3,167.83
2018-09-25,27.49,28,26.91,28,28,50337.6
2018-09-26,25.23,28.79,25.23,28.34,28.34,355060
2018-09-27,31.17,31.17,27.04,28.04,28.04,318863
2018-09-28,25.35,28.2,25.35,28.2,27.9,655550
2018-10-08,28.5,28.5,27.01,28.3,28.26,73650.6
2018-10-09,31.12,31.12,28,28.3,28.3,251182
2018-10-10,31,31,26.15,28.58,26.85,377440
2018-10-11,28.29,28.29,27.51,28.58,28.16,22949.8
2018-10-12,29.98,29.98,29.98,28.29,29.98,29.98
2018-10-15,28.32,32.98,26.98,29.98,28.49,1990100
2018-10-16,28.54,29.75,28.06,28.32,28.42,51239
2018-10-17,28.92,30,27.51,28.54,28.34,246548
2018-10-18,28.95,28.95,27.6,28.88,27.6,548644
2018-10-19,28.9,29.5,27.84,29.41,28.9,537250
2018-10-22,29.39,29.4,26.86,29.34,29.36,54458.5
2018-10-23,27.01,29.35,27.01,29.35,29.3,39941.4
2018-10-24,29.35,30.18,27.51,30.01,29.62,143006
2018-10-25,30.01,33.01,27.03,30.38,31.45,411477
2018-10-26,33.38,33.38,29.33,32.09,30.9,773.1
2018-10-29,33.77,33.77,28.88,28.88,30.62,14023.1
2018-10-30,31.77,31.77,28.28,30.54,29.05,30098.1
2018-10-31,31,31,28.32,30.92,30.89,7846.5
2018-11-01,31.95,31.95,28.88,29.97,28.9,2509160
2018-11-02,29.91,29.91,27.03,29.9,29.88,5378.92
2018-11-05,26.93,29.9,26.93,28.58,27.83,1889170
2018-11-06,29,29,26.51,28.7,29,1454300
2018-11-07,25.85,28.77,25.85,28.74,25.96,270774
2018-11-08,26.5,29.49,25.95,28.11,25.97,159912
2018-11-09,28.8,30.35,27.53,27.79,30.35,214994
2018-11-12,28.99,28.99,27.07,28.25,28.08,42404.4
2018-11-13,25.63,28.95,25.63,28.69,28.09,31307.8
2018-11-14,28.97,28.97,27.51,28.93,27.92,470520
2018-11-15,26.73,30.89,26.73,29.39,28.23,7141.45
2018-11-16,26.51,29.45,26.51,29.21,27.16,128287
2018-11-19,29.42,29.42,28.03,29.25,29.24,8245.47
2018-11-20,29.35,29.38,28.2,28.2,28.88,464.05
2018-11-21,29.88,29.88,29,29.75,29,290832
2018-11-22,32.71,32.71,32.71,32.71,32.71,32.71
2018-11-23,29.44,32.69,29.44,31.88,32.64,113496
2018-11-26,29.01,30.19,29.01,30.17,30.05,11390.6
2018-11-27,27.21,30.48,27.21,29.77,27.38,118353
2018-11-28,31.78,31.78,31.71,31.71,31.71,130048
2018-11-29,29.11,30.46,28.65,29.9,29.24,29768.3
2018-11-30,27.1,29.98,27.1,29.58,27.2,133379
2018-12-03,29.98,29.98,27.87,29.44,29.34,205.4
2018-12-04,29.98,29.98,29.84,29.89,29.89,89.66
2018-12-05,30.99,30.99,27.05,30.83,30.31,212.18
2018-12-06,31.32,32.48,28.02,30.83,32.42,215605
2018-12-07,28.56,31,28.56,30.67,29.07,6775.11
2018-12-10,27.61,31.53,27.61,29.8,28.19,10177.5
2018-12-11,31.99,31.99,27.14,31.2,30.73,215.11
2018-12-12,31.99,31.99,28.81,29.98,29,11485.1
2018-12-13,31,31,28.63,29.49,28.68,8950.52
2018-12-14,31.97,31.97,28.6,29.69,28.75,9745.82
2018-12-17,30.87,30.87,28.88,29.98,28.92,5987.64
2018-12-18,30.94,30.94,28.5,29.79,28.71,11801.3
2018-12-19,27.03,30.26,27.03,28.95,28.63,18526.8
2018-12-20,30.95,30.99,28.06,29.98,30.38,105056
2018-12-21,28.51,28.98,28.05,28.06,28.14,107659
2018-12-24,30.84,30.84,28.18,29.97,28.96,1448.13
2018-12-25,28.01,30.75,28.01,29.69,28.13,18820.8
2018-12-26,32.64,32.64,27.51,30.68,30.67,153.38
2018-12-27,28.01,30.99,28.01,29.12,28.52,2453.08
2018-12-28,27.01,32.03,27.01,31.28,28.63,10707.2
2019-01-02,30,31.95,28.5,31.02,29.99,303131
2019-01-03,27.92,33.49,27.92,29.44,29.99,4288.53
2019-01-04,31.49,31.49,26.65,29.98,29.38,235.07
2019-01-07,28.27,29,28.27,28.98,28.64,26403.9
2019-01-08,29.8,29.8,28.6,29.09,28.6,9352.06
2019-01-09,26.18,29.48,26.18,28.86,28.22,20208
2019-01-10,30,30,28.13,29.73,28.75,977.61
2019-01-11,32.16,32.16,28.06,31.11,31.11,155.56
2019-01-14,28.02,29.76,28.02,29.35,28.61,16223.1
2019-01-15,27.01,31.96,27.01,29.3,29.3,9443.24
2019-01-16,32.23,32.23,28.05,32.02,30.68,9695.28
2019-01-17,35.2,35.2,28.82,31.04,35.13,1216950
2019-01-18,28,29.59,28,29.3,28.94,5585.42
2019-01-21,27.09,31.81,27.09,29.3,27.91,14150.7
2019-01-22,29.3,29.99,26.37,28.98,28.98,8482.77
2019-01-23,30.76,30.76,30.74,30.74,30.74,768.54
2019-01-24,28.11,29,28.01,28.51,28.51,20867
2019-02-15,30.91,30.91,26.55,28.97,28.97,145454
2019-02-18,26.16,28.79,26.16,28.74,28.74,16276.4
2019-02-19,26.39,28.8,26.39,28.71,28.71,1990.4
2019-02-20,31.49,31.49,25.93,31.47,31.47,76861.7
2019-02-21,28.32,28.6,29.32,28.4,28.4,3580.92
2019-02-22,29.99,29.99,26.5,28.65,28.65,4075.49
2019-02-25,26.05,31.2,26.05,28.44,28.44,50748.5
2019-02-26,29.33,29.33,27.02,28.04,28.04,13863.6
2019-02-27,30.75,30.75,27.08,28.83,28.83,19185.5
2019-02-28,26.66,29.28,26.66,28.89,28.89,4207.13
2019-03-01,28.89,28.89,28,28.5,28.5,147559
2019-03-04,30.9,30.9,26.51,28.26,28.26,60847.8
2019-03-05,28.5,30.2,28.26,29.9,29.9,87610.7
2019-03-06,31.09,31.09,28.5,28.76,28.76,1029.95
2019-03-07,31.6,31.6,27.51,28.79,28.79,731.13
2019-03-08,26.12,30.8,26.12,29.31,29.31,380.81
2019-03-11,32.2,32.2,28.5,28.55,28.55,2048.85
2019-03-12,29.99,29.99,28.5,28.87,28.87,1135.26
2019-03-13,31.49,31.49,27.57,27.81,27.81,6344.99
2019-03-14,30.4,30.4,27.08,28.79,28.79,74902.9
2019-03-15,27.81,30.4,27.08,28.79,28.79,18248.5
2019-03-18,28.79,29,27.01,28.5,28.5,4518.67
2019-04-01,25.8,29.85,25.8,28.99,27.7,245628
2019-04-02,30.88,30.88,27,28.55,27.13,3336.48
2019-04-03,31.3,31.3,27.03,28.51,28.93,196118
2019-04-04,29.8,29.8,28.63,28.64,28.66,1948.65
2019-04-08,28.97,28.97,28.06,28.07,28.09,10086.6
2019-04-09,25.26,28.65,25.26,27.61,28.46,29033.3
2019-04-10,24.85,30.35,24.85,27.54,27.41,438.55
2019-04-11,27.57,29.87,27.57,28.5,28.52,3336.67
2019-04-12,31.33,31.33,31.33,31.33,31.33,31.33
2019-04-15,34.3,34.3,28.21,28.58,34.26,103492
2019-04-16,29.38,30.88,26.21,28.58,29.25,233.96
2019-04-17,30.9,30.9,27.37,29.48,29.57,413.96
2019-04-18,26.6,30.99,26.6,30.96,29.53,885.83
2019-04-19,28.98,28.98,28.5,28.5,28.5,171.48
2019-04-22,30.98,30.98,27.07,28.73,28.73,1116.81
2019-04-23,30.96,30.96,26.01,29.64,29.64,4309.59
2019-04-24,28.5,29,28.93,28.93,28.93,17877.8
2019-04-25,31.79,28.38,25.04,31.79,28.43,3155.46
2019-04-26,29.98,29.98,28.03,29.7,29.78,1995.56
2019-04-29,29.99,32.6,28.11,29.9,29.5,49085.7
2019-04-30,29.91,31.99,26.91,30.49,29.1,11348.8
2019-05-06,33.1,33.1,29.13,32.88,32.78,21864.9
2019-05-07,32.99,36.16,29.6,32.88,31.95,22108.5
2019-05-08,36.28,36.29,30.5,32.98,31.35,22885.7
2019-05-09,33.4,33.4,30.5,32.99,32.32,5493.94
2019-05-10,36.2,36.2,32.96,33.95,33.86,5350.6
2019-05-13,36.3,36.3,31.01,32.59,32.01,44505.2
2019-05-14,35.8,35.8,31.5,32.99,32.99,10543.5
2019-05-15,36.29,36.29,31.51,35.84,35.84,9147.51
2019-05-16,39.38,39.38,32.26,35.82,34.45,30211.5
2019-05-17,33.01,38.6,33.01,34.67,34.64,31417.5
2019-05-20,38.14,38.14,33.13,35.45,35.23,54293
2019-05-21,21.92,38.99,31.92,35.63,35.42,19091.2
2019-05-22,32.52,35.96,32.52,35.71,35.49,11038.6
2019-05-23,39.17,39.17,35.01,36.94,36.07,298090
2019-05-24,39.98,39.98,34.01,36.88,36.85,4827.8
2019-05-27,36.94,40.5,36,38.66,37.71,108408
2019-05-28,38.66,42.48,34.81,40.88,38.85,45024.6
2019-05-29,44.88,44.91,41.61,44.9,44.84,447306
2019-05-30,46.9,49.37,44.02,46.9,46.23,101603
2019-05-31,42.22,51.59,42.22,51.59,51.21,319594
2019-06-03,55.99,56,50,52.43,52.43,1056740
2019-06-04,47.19,56.99,47.19,53.85,53.85,590070
2019-06-05,48.47,55.18,48.47,50.72,50.72,493995
2019-06-06,45.65,49,45.65,45.65,45.65,84705.9
2019-06-10,41.09,44,41.09,41.09,41.09,54241.7
2019-06-11,36.98,37,36.98,36.98,36.98,32025.6
2019-06-12,36.98,40.67,33.28,33.78,33.78,15435.2
2019-06-13,33.78,34.88,30.4,30.55,30.55,95661.2
2019-06-14,30.55,33.4,27.5,28.65,28.65,60726.7
2019-06-17,28.65,31.5,25.79,31.19,29.68,193909
2019-06-18,31.19,34.31,28.07,34.31,33.55,183582
2019-06-19,34.31,37.74,30.88,37.74,37.24,409267
2019-06-20,37.74,41.51,33.97,34.79,41.09,298188
2019-06-21,34.79,38.27,31.31,36.54,36.95,28862.3
2019-06-24,32.89,37.9,32.89,36.99,36.99,27081.7
2019-06-25,33.29,36.96,33.29,37.76,37.76,17424.7
2019-06-26,33.26,39.75,33.26,37.62,37.62,3157.87
2019-06-27,33.86,41.25,33.86,36.73,36.73,18273
2019-06-28,33.1,40.2,33.1,38.48,38.48,19924.5
2019-07-01,34.63,42.09,34.63,37.76,38.03,42704.9
2019-07-02,34,39.2,34,38.23,37.51,37357.7
2019-07-03,41.95,41.95,37.01,39.42,37.78,19117.3
2019-07-04,35.48,42.06,35.48,39.01,38.45,14186.9
2019-07-05,42.87,42.87,38.1,39.1,38.98,97947.7
2019-07-08,35.19,42.98,35.19,38.55,38.8,421956
2019-07-09,37,41.88,37,40.85,39.52,387200
2019-07-10,38.16,42.78,38.16,40.65,40.09,69479
2019-07-11,41.89,44.72,39.51,40.81,42.59,1471080
2019-07-12,44.44,44.44,38,39.53,38.87,891452
2019-07-15,42.84,42.84,37.64,39.74,38.6,51766.1
2019-07-16,39.74,42.99,38,39.67,38.44,1853230
2019-07-17,39.67,43.4,38.5,39.43,39.13,304732
2019-07-18,43.29,43.29,38.26,39.16,39.08,29508
2019-07-19,42.78,42.78,38.01,39.29,38.38,151312
2019-07-22,43.2,43.2,38.1,39.25,38.88,851993
2019-07-23,38,39.8,38,38.65,39.07,718716
2019-07-24,39.87,39.87,38.15,38.9,39.02,18419
2019-07-25,38.9,42.45,38.5,39.26,38.55,1067630
2019-07-26,39.26,40.24,38.1,38.9,38.51,656635
2019-07-29,38.9,42.44,38,38.91,38.18,472277
2019-07-30,38.91,40.99,38.2,38.7,38.58,448463
2019-07-31,38.7,42.4,38.1,40.66,40.44,1051.34
2019-08-01,40.66,44.5,38.5,38.6,38.76,200538
2019-08-02,38.6,42.26,38,38.07,38.66,1100450
2019-08-05,38.07,38.8,37.58,38.08,38.13,74095.1
2019-08-06,38.08,41.5,34.34,37.52,37.86,129749
2019-08-07,37.52,41.27,37.5,38,37.63,199495
2019-08-08,38,38.8,37.68,37.98,37.98,1619920
2019-08-09,38.49,38.49,37.34,37.84,37.84,852279
2019-08-12,37.84,38.39,35.26,36.25,36.63,3795620
2019-08-13,36.25,36.95,33,35.27,35.63,4431870
2019-08-14,35.27,36.77,32.12,33.29,32.66,1882080
2019-08-15,33.29,36.61,32.33,33.53,33.02,395718
2019-08-16,33.53,33.22,30.54,32.61,32.95,17396.2
2019-08-19,32.61,34.8,29.52,33.51,33.32,9208260
2019-08-20,33.51,34.87,33.33,33.55,33.5,144895
2019-08-21,34.87,34.87,33.33,33.55,33.5,144895
2019-08-22,38,38,34.01,36.48,34.5,1341890
2019-08-23,36.48,39.71,33.03,36.33,35.16,800108
2019-08-26,36.33,37.3,34.22,35.17,35.89,3619550
2019-08-27,35.9,37.3,34.22,35.17,35.89,3619550
2019-08-28,35.62,35.62,34.23,34.94,35.08,188618
2019-08-29,35.34,35.34,33.01,34.57,34.67,1330660
2019-08-30,34.57,35.45,33.02,34.57,34.74,607475
2019-09-02,35.4,35.49,34.12,34.93,34.74,2470960
2019-09-03,32.04,35.97,32.04,34.78,34.4,557718
2019-09-04,32.23,35.2,32.23,34.89,34.21,461085
2019-09-05,35.09,35.09,33.5,34.29,33.98,1907250
2019-09-06,36.26,36.26,33,33.31,33.2,1005410
2019-09-09,33.31,34.8,31.5,33.89,34.07,160216
2019-09-10,33.89,33.99,32.06,33.5,32.92,510977
2019-09-11,33.5,33.49,31.64,32.65,32.45,648889
2019-09-12,32.65,33.75,29.52,32.99,32.22,766911
2019-09-16,32.99,32.99,30.52,32.98,32.98,31823.2
2019-09-17,32.98,35.96,30.71,32.95,32.93,392114
2019-09-18,32.95,33.46,32,32.37,32.16,878600
2019-09-19,32,35.39,31.5,32.65,31.7,136848
2019-09-20,31,33.48,31,32.08,31,2486620
2019-09-23,32.08,34.78,31.91,32.6,32.64,783.29
2019-09-24,32.6,34.99,29.52,32.88,32.83,1214.87
2019-09-25,32.88,34.45,32.1,32.97,32.3,1292.18
2019-09-26,32.97,35.86,31.51,32.95,32.96,107013
2019-09-27,32.95,32.98,31.18,32.85,31.93,27844
2019-09-30,32.85,33.8,29.95,32.61,31.95,93178
2019-10-08,32.61,35.4,31,33.42,32,170863
2019-10-09,33.42,32.99,31.05,32.13,31.48,293894
2019-10-10,32.13,33.76,31.68,32.43,32.37,810851
2019-10-11,32.43,33.97,32.11,32.12,32.17,32237.9
2019-10-14,32.12,34.92,32.06,32.95,32.13,17255.1
2019-10-15,32.95,33.92,29.88,32.78,31.32,45917.1
2019-10-16,32.78,33.75,31.81,32.98,31.95,14826.1
2019-10-17,32.98,35.38,30.33,32.98,32.59,329087
2019-10-18,32.04,33.4,32.04,33.22,33.06,1669700
2019-10-21,33.22,35.91,30.12,32.98,32.16,3776590
2019-10-22,32.98,32.98,30.53,32.3,32.2,447362
2019-10-23,32.3,33.48,32.1,32.45,32.37,251510
2019-10-24,32.45,32.5,30.16,32.45,31.23,390930
2019-10-25,32.45,34.3,32,32.2,32.23,394746
2019-10-28,33.47,33.47,31,31.04,31.58,266132
2019-10-29,28.16,34.11,28.16,30.5,30.24,849612
2019-10-30,29.1,32.99,29.1,30.07,30.53,258064
2019-10-31,32.29,32.29,29.57,30.06,30.06,344292
2019-11-01,29,31.47,27.5,30.95,29.5,44926.4
2019-11-04,29.01,31.47,29.01,30.06,29.95,148624
2019-11-05,28,30.2,28,29.6,29.69,403587
2019-11-06,29.6,30.88,27.01,28.69,29.44,66837.5
2019-11-07,28.69,29.94,26.06,29.64,29.67,480129
2019-11-08,29.64,29.38,28,28.99,29.14,915619
2019-11-11,28.99,31,26.2,28.16,28.89,354657
2019-11-12,28.16,29.49,25.5,28.87,27.18,222490
2019-11-13,28.87,31.75,29,30.79,30.46,1802780
2019-11-14,30.79,31,29,29.86,29.82,1474810
2019-11-15,29.86,29.8,27,28.1,29.36,783221
2019-11-18,28.1,29.89,28.1,28.59,29.34,387086
2019-11-19,28.59,30.33,27.95,27.52,26.1,2759280
2019-11-20,27.52,29.5,24.78,25.06,26.83,6893710
2019-11-21,25.06,27.57,25.06,25.76,25.3,2654590
2019-11-22,25.76,25.75,25,25.57,25.45,2453000
2019-11-25,25.57,26.5,25.01,25.3,25.23,2987040
2019-11-26,25.3,25.79,25.22,25.3,25.28,3536370
2019-11-27,25.3,25.7,22.87,25.15,25.14,2870250
2019-11-28,25.15,27.41,23.1,24.95,26.4,8967590
2019-11-29,24.95,25.19,23.6,24.74,24.89,4606860
2019-12-02,24.74,25.95,24.01,25.16,24.6,2450090
2019-12-16,27.29,27.48,26.01,27.3,27.15,373106
2019-12-17,27.3,27.39,27,27.33,27.14,1035780
2019-12-18,27.33,27.37,25.51,27.18,26.93,183095
2019-12-19,27.18,29.89,25.72,26.8,27.09,4735030
2019-12-20,26.8,27.32,25.55,27.09,26.52,543736
2019-12-23,27.09,27.38,26.12,27,26.48,702752
2019-12-24,27,28.2,25.66,27.11,26.39,2064860
2019-12-25,27.11,28.4,26.24,27,27.21,2052430
2019-12-26,27,27.95,25.81,26.71,26.61,1149750
2019-12-27,26.71,28.27,26.58,26.98,27.09,1488470
2019-12-30,26.98,27.95,26,27.86,27.31,3923200
2019-12-31,27.86,28.18,26,26.66,26.6,3907690
2020-01-02,26.66,27.96,26.52,27.96,26.52,79699.8
2020-01-03,27.96,28.04,26.82,26.93,27.88,3233.78
2020-01-06,26.93,28.8,26.9,28.8,28.8,371628
2020-01-07,28.8,28.99,26.61,27.03,27.41,388915
2020-01-08,27.03,28.39,27.02,28.13,27.53,140961
2020-01-09,28.13,28.31,25.5,27.88,25.52,613372
2020-01-10,27.88,28.75,27.15,27.84,28.74,84438
2020-01-13,27.84,28.76,26.2,27.46,26.35,309453
2020-01-14,27.46,29.8,26.57,27.85,28.93,1334690
2020-01-15,27.85,28.63,26.36,27.44,27.38,207412
2020-01-16,27.44,29.78,25.63,29.29,27.55,741826
2020-01-17,29.29,28.98,26.62,27.49,26.64,216990
2020-01-20,27.49,29.48,26.89,28.77,28.77,315467
2020-01-21,28.77,28.48,26.69,28.4,27.98,126453
2020-01-22,28.4,29.99,27.31,27.51,29.89,433868
2020-01-23,27.51,29.7,26.61,27.34,27.12,55886.1
2020-03-23,25.59,27.34,24.62,27.34,24.95,18465.4
2020-03-24,25.59,27.99,23.64,25.79,25.72,3189.42
2020-03-25,25.59,25.99,25.01,25.51,25.47,11487.7
2020-03-26,25.51,27.5,22.96,27.38,22.96,304201
2020-03-27,27.38,29.48,24.68,25.59,24.87,3705.78
2020-03-30,25.59,27.32,24.05,25.5,24.36,5602.59
2020-03-31,25.5,27.49,24.03,25.96,24.2,29773.7
2020-04-01,25.96,27.93,25.01,25.89,25.34,6360.44
2020-04-03,25.69,25.72,24.06,25.71,25.36,8140.63
2020-04-07,27.55,27.55,24.62,25.41,25.35,14066.9
2020-04-08,25.41,27.35,25.5,25.95,25.95,14460.9
2020-04-09,25.95,25.79,24.2,25.12,25.1,55255.9
2020-04-10,25.12,27.4,23.85,24.49,25,10815.3
2020-04-13,24.49,26.89,25.16,26.6,25.46,7460.14
2020-04-14,26.6,28.86,24.93,25.97,25.35,5475.21
2020-04-15,25.97,28.38,25,26.5,25.6,10932.3
2020-04-16,26.5,27.93,25.08,27.76,25.29,5185.35
2020-04-17,27.76,28.95,25.15,26.49,25.32,19652.1
2020-04-20,27.76,28.78,24.48,25.85,24.49,2457820
2020-04-21,25.85,27.89,25.3,26.89,25.86,22445.8
2020-04-22,26.89,29.42,25,26.24,25.76,89336.3
2020-04-23,26.24,25.97,24.22,25.93,24.7,8620.11
2020-04-24,25.93,28.27,25.1,25.56,25.38,435999
2020-04-27,25.56,27.8,23.55,25.58,24.74,219552
2020-04-28,25.56,27.96,23.66,27.58,27.58,165488
2020-04-29,27.58,25.93,25.21,25.77,25.77,1034110
2020-04-30,25.77,27.88,24.99,25.93,25.93,2049740
2020-05-06,25.93,25.99,25,25.5,25.5,1169400
2020-05-07,25.5,26.83,25.07,25.95,25.95,240166
2020-05-08,25.95,25.93,24.61,25.38,25.38,1849360
2020-05-11,25.38,27.33,25,25.49,25.49,1569220
2020-05-12,25.49,27.2,25.01,25.38,25.38,2344330
2020-05-13,25.38,25.6,25.14,25.48,25.48,1588940
2020-05-14,25.48,26.66,25.1,25.6,25.6,1590810
2020-05-15,25.6,25.99,25.11,25.73,25.73,2694950
2020-05-18,25.73,26.5,24.33,26.07,26.07,1629110
2020-05-19,26.07,27.5,25.1,25.78,25.78,1644810
2020-05-20,25.78,27.44,25.44,26.29,26.29,612784
2020-05-21,26.29,26.88,25.33,25.78,25.78,779568
2020-05-22,25.78,26.55,25.3,25.69,25.69,1632190
2020-05-25,25.69,26.99,25.22,25.23,25.23,1814770
2020-05-26,25.23,26.66,25.05,25.05,25.05,1670450
2020-07-01,25.11,27.55,23.01,26.39,26.39,1803290
2020-07-02,26.39,28.4,25.5,26.49,26.49,2436890
2020-07-03,26.49,29,24.5,28,28,1749820
2020-07-06,28,30.66,25.22,27.9,27.9,1968840
2020-07-07,27.9,29.88,27.04,27.69,27.69,4988590
2020-07-08,27.69,30,27,27.57,27.57,2662820
2020-07-09,27.57,28.6,26.04,27.42,27.42,2532800
2020-07-10,27.42,28.6,24.91,27.1,27.1,2058160
2020-07-13,27.1,29.53,26.22,27.81,27.81,994781
2020-07-14,27.81,28.1,27.05,27.69,27.69,2099280
2020-07-15,27.69,27.98,27.05,27.71,27.71,2089740
2020-07-16,27.71,28,26.44,27.71,27.71,2097340
2020-07-17,27.71,27.99,27.35,27.7,27.7,3408340
2020-07-20,27.7,27.94,27.4,27.71,27.71,2705090
2020-07-21,27.71,27.96,27.55,27.78,27.78,2496320
2020-07-22,27.78,27.8,26.7,27.78,27.78,3107470
2020-07-23,27.78,28.5,27.1,27.8,27.8,3500080
2020-07-24,28.17,28.18,27.73,27.85,27.85,2741520
2020-07-27,28.22,28.22,26.15,27.84,27.84,2985310
2020-07-28,27.98,27.98,26.88,27.8,27.8,3062650
2020-07-29,28.18,28.49,27.15,27.88,27.88,2759830
2020-07-30,28.35,28.45,27.3,27.88,27.88,2748750
2020-07-31,28.14,28.14,27,27.8,27.8,3159290
2020-08-03,25.23,28.16,25.23,27.8,27.8,3129680
2020-08-04,25.23,28.16,25.23,27.8,27.8,2589200
2020-08-05,25.35,28.15,25.35,27.85,27.85,1864720
2020-08-06,27.98,29.4,26,27.8,27.8,2478760
2020-08-07,25.21,28.08,25.21,27.8,27.8,1799210
2020-08-10,26.83,27.69,26.83,27.84,27.84,2724660
2020-08-11,27.84,27.85,27.24,27.77,27.77,2881040
2020-08-12,26.08,27.98,25.12,27.87,27.87,4084650
2020-08-13,27.99,27.99,27.63,27.85,27.85,3458160
2020-08-14,25.22,27.98,25.22,27.85,27.85,3792210
2020-08-17,25.21,27.93,25.21,27.8,27.8,3678630
2020-08-18,27.8,28.99,25.41,28.99,28.99,2050210
2020-08-19,28.99,31.88,28.01,29.45,29.45,2427540
2020-08-20,29.45,31,27.57,29.35,29.35,2685760
2020-08-21,29.96,29.96,28.5,29.59,29.59,2096440
2020-08-24,29.77,30.44,28.1,29.2,29.2,3046370
2020-08-25,29.49,29.49,27.88,29.18,29.18,2771980
2020-08-26,29.66,30.5,28.52,29.1,29.1,4134370
2020-08-27,30.3,30.3,29,29.01,29.01,2692360
2020-08-28,29.01,29.18,28.66,29,29,2779640
2020-08-31,29,30.2,27.11,29,29,2258620
2020-09-01,29,29.86,27.5,29,29,1563460
2020-09-02,29.2,29.2,28.55,28.95,28.95,2332090
2020-09-03,28.95,29.19,28.8,28.8,28.8,2869090
2020-09-04,28.95,29.35,27.87,28.94,28.94,4323990
2020-09-07,28.94,29.48,28.1,28.96,28.96,5145850
2020-09-08,28.96,29,28.58,28.99,28.99,3343690
2020-09-09,28.99,29.96,28.1,29.09,29.09,3709230
2020-09-10,29.09,29.88,28.55,28.76,28.76,2416930
2020-09-11,28.76,31,28.5,29.28,29.28,1590610
2020-09-14,29.28,30.35,28.52,29.12,29.12,1831920
2020-09-15,29.12,30.19,28.3,29,29,2375480
2020-09-16,29,29.88,28.2,28.51,28.51,1256560
2020-09-17,28.33,29.98,28.33,28.98,28.98,1653490
2020-09-18,27.6,29.98,26.51,29,29,3435680
2020-10-09,28.89,29.64,26.01,27.37,27.37,58428.1
2020-10-12,29.65,29.76,28,28.98,28.42,112244
2020-10-13,29.57,29.57,28.4,28.92,28.4,280263
2020-10-14,29.57,29.57,28.5,28.99,28.7,150284
2020-10-15,29.47,29.47,29.3,29.3,29.3,14708.9
2020-10-16,28.51,29,28.45,28.8,28.58,648455
2020-10-19,29.59,29.59,28.55,28.9,28.72,390528
2020-10-20,29.59,29.59,27.44,29.1,28.92,364855
2020-10-21,29.59,29.6,28.82,29.12,29.09,392782
2020-10-22,31.79,31.79,28.95,28.97,21.59,261965
2020-10-23,29.5,29.5,28.91,29,28.98,677315
2020-10-26,29,29,27,29,28.91,3350610
2020-10-27,29.55,29.55,28.7,28.99,28.88,1174870
2020-10-28,30,30,28.9,28.92,27.37,2023100
2020-10-29,31.8,31.8,28.8,29.4,29.1,254644
2020-10-30,31.77,32.32,28.7,29.65,31.65,1963080
2020-11-02,28.1,29.99,28.1,29.41,28.94,15829.6
2020-11-03,29.98,29.98,27.01,29.55,27.54,422629
2020-11-04,26.77,29.88,26.77,29.39,27.45,657961
2020-11-05,26.66,29.99,26.66,29.22,27,230010
2020-11-06,30.2,30.2,29.67,29.68,29.68,32679.2
2020-11-09,30,30,28.7,29.56,29.56,230194
2020-11-10,27.01,29.58,27.01,29.39,27.27,638534
2020-11-11,29.95,29.95,28.21,28.73,28.71,1777040
2020-11-12,25.9,29.49,25.9,29,28.42,5352240
2020-11-13,27.46,29.19,27.46,28.69,28.72,2239870
2020-11-16,29.47,29.48,28.4,28.5,28.15,6046630
2020-11-17,25.8,28.89,25.8,28.46,27.63,1045140
2020-11-18,28.95,28.95,27.5,28.4,30.27,2130670
2020-11-19,28.5,28.5,27.8,27.99,28.05,2736240
2020-11-20,27.99,28.6,27.5,27.99,27.93,1719510
2020-11-23,27.8,28.78,26.21,27.52,27.76,3000690
2020-11-24,26.61,28.3,26.5,27.26,26.96,5110750
2020-11-25,27.48,27.85,27.14,27.79,29.23,1987330
2020-11-26,27.9,28.1,27.5,28.04,30.56,3312160
2020-11-27,28.59,28.59,27.81,28.12,28.17,1635140
2020-11-30,27.99,27.99,27.45,27.49,25.86,1621300
2020-12-01,27.6,27.78,27.02,27.02,26.44,2687690
2020-12-02,28.48,28.48,27.45,27.69,28.25,6633670
2020-12-03,28,28,27.03,27.7,24.96,3441750
2020-12-04,27.03,27.99,27.03,27.77,27.77,2120970
2020-12-07,27.99,29.53,27.6,27.85,27.85,8781840
2020-12-08,27.99,27.99,27.68,27.78,27.78,12821700
2020-12-09,27.99,30.5,27.5,27.65,27.66,10789000
2020-12-10,27.21,27.74,27.21,27.57,23.27,918395
2020-12-11,27.8,27.95,27.55,27.7,27.59,3524300
2020-12-14,25.61,27.95,25.61,27.75,27.39,6435920
2020-12-15,27.94,27.99,26.4,27.75,25.72,8672420
2020-12-16,27.01,27.09,27.01,27.83,27.75,626723
2020-12-17,27.01,27.09,27.01,27.83,27.75,626723
2020-12-18,26.38,27.78,26.38,27.78,27.19,1339870
2020-12-21,27.78,27.85,27.74,27.27,27.01,1131440
2020-12-22,27,27.92,26.11,27.49,26.59,1750050
2020-12-23,27.27,27.3,26.01,26.24,25.32,1673190
2020-12-24,27.9,27.94,26.31,27.48,26.64,1431080
2020-12-25,27.8,28.5,26.41,27.84,28.29,6885160
2020-12-28,27.59,28.32,26.45,27.89,27.67,582210
2020-12-29,28.41,28.41,26.52,28.15,27.93,1249120
2020-12-30,28.33,28.43,27,28.28,28.01,2187040
2020-12-31,26.5,27.99,26.31,27.99,27.3,116120
2021-01-04,28.38,28.38,28.36,28.36,28.36,141.82
2021-01-07,28.23,28.33,28.31,28.32,28.32,246439
2021-01-08,28.24,28.24,27.5,28.2,27.81,94585.4
2021-01-11,27.99,27.99,27.5,27.8,27.71,32667.2
2021-01-12,27.98,27.98,27.98,27.98,27.98,139.9
2021-01-13,27.99,27.99,27.68,27.98,27.77,139983
2021-01-14,27.99,27.99,27.99,27.99,27.99,9796.5
2021-01-15,28.48,28.48,28.46,28.46,28.6,9591.12
2021-01-18,28.84,28.84,28.84,28.84,28.84,144.2
2021-01-19,27.88,28.83,27.83,27.83,27.88,99592.1
2021-01-20,27,28.18,27,28.18,27.03,5540.9
2021-01-21,28.85,28.86,27,28.86,27.08,358181
2021-01-22,28.71,28.71,27.52,28.09,27.53,8315.08
2021-01-25,28.48,28.48,28.48,28.48,28.48,142.4
2021-01-26,28.86,28.86,28.86,28.86,28.86,144.3
2021-01-27,31.66,31.66,31.66,31.66,31.66,158.3
2021-01-28,28.49,28.96,28.49,28.96,28.57,857.05
2021-01-29,26.56,28.94,26.56,28.93,26.5,3987170
2021-02-01,30.99,30.99,30.99,30.99,30.99,154.95
2021-02-02,30,30.99,30,29.94,29.73,248150
2021-02-03,27.22,29.7,27.22,29.7,27.24,15282.8
2021-02-04,26.89,29.66,26.89,29.66,26.96,5445.63
2021-02-05,29.6,29.63,27.22,27.22,28.57,3285.15
2021-02-08,28.99,28.99,28.99,28.99,28.99,144.95
2021-02-09,29.88,29.88,26.87,29.44,26.89,47023.7
2021-02-10,29.35,29.35,29.35,29.35,29.35,4519.9
2021-02-18,32.28,32.28,32.28,32.28,32.28,161.4
2021-02-19,35.5,35.5,29.06,34.21,34.43,206.56
2021-02-22,34.99,34.99,30.79,34.92,33.21,72906.6
2021-02-23,38.39,38.39,31.43,36.56,32.15,104607
2021-02-24,32.9,36.54,32.9,36.54,32.95,16966.7
2021-02-25,33,33,32.89,32.99,32.99,461.89
2021-02-26,29.99,33,29.69,30,29.98,548499
2021-03-01,27.7,30,27.7,29.99,27.93,12625.9
2021-03-03,36.12,36.12,29.56,34.27,29.72,83254.2
2021-03-04,37.68,37.68,30.84,32.69,32.68,25227.5
2021-03-05,29.42,30,29.42,30,29.56,39912.4
2021-03-08,32.97,32.97,27.61,30.83,31.44,220.07
2021-03-09,27.76,29.99,27.76,29.97,29.11,52659.7
2021-03-10,31.98,31.98,28.05,31.05,31.05,7732.52
2021-03-11,33.96,33.96,28.1,33.42,33.43,3677
2021-03-12,30.08,36.3,30.08,34.96,34.33,38995.9
2021-03-17,35.98,35.98,30.66,30.66,31.8,17012.8
2021-03-18,27.6,33.7,27.6,33.35,28.13,15501.4
2021-03-19,30.02,35.98,30.02,33.66,30.35,62938.1
2021-03-22,30.33,32,30.29,32,30.35,93261.3
2021-03-23,35.08,35.08,35.08,35.08,30.35,3508
